Store,Date,Weekly_Sales,Holiday_Flag,Temperature,Fuel_Price,CPI,Unemployment
1,2010-02-05,1643690.90,0,42.31,2.57,211.10,8.11
1,2010-02-12,1641957.44,1,38.51,2.55,211.24,8.11
1,2010-02-19,1611968.17,0,39.93,2.51,211.29,8.11
1,2010-02-26,1409727.59,0,46.63,2.56,211.32,8.11
1,2010-03-05,1554806.68,0,46.50,2.63,211.35,8.11
1,2010-03-12,1439541.59,0,57.79,2.67,211.38,8.11
1,2010-03-19,1472515.79,0,54.58,2.72,211.22,8.11
1,2010-03-26,1404429.92,0,51.45,2.73,211.02,8.11
1,2010-04-02,1594968.28,0,62.27,2.72,210.82,7.81
1,2010-04-09,1545418.53,0,65.86,2.77,210.62,7.81
1,2010-04-16,1466058.28,0,66.32,2.81,210.49,7.81
1,2010-04-23,1391256.12,0,64.84,2.80,210.44,7.81
1,2010-04-30,1425100.71,0,67.41,2.78,210.39,7.81
1,2010-05-07,1603955.12,0,72.55,2.84,210.34,7.81
1,2010-05-14,1494251.50,0,74.78,2.85,210.34,7.81
1,2010-05-21,1399662.07,0,76.44,2.83,210.62,7.81
1,2010-05-28,1432069.95,0,80.44,2.76,210.90,7.81
1,2010-06-04,1615524.71,0,80.69,2.71,211.18,7.81
1,2010-06-11,1542561.09,0,80.43,2.67,211.46,7.81
1,2010-06-18,1503284.06,0,84.11,2.64,211.45,7.81
1,2010-06-25,1422711.60,0,84.34,2.65,211.34,7.81
1,2010-07-02,1492418.14,0,80.91,2.67,211.22,7.79
1,2010-07-09,1546074.18,0,80.48,2.64,211.11,7.79
1,2010-07-16,1448938.92,0,83.15,2.62,211.10,7.79
1,2010-07-23,1385065.20,0,83.36,2.61,211.24,7.79
1,2010-07-30,1371986.60,0,81.84,2.64,211.37,7.79
1,2010-08-06,1605491.78,0,87.16,2.63,211.50,7.79
1,2010-08-13,1508237.76,0,87.00,2.69,211.64,7.79
1,2010-08-20,1513080.49,0,86.65,2.66,211.60,7.79
1,2010-08-27,1449142.92,0,85.22,2.62,211.57,7.79
1,2010-09-03,1540163.53,0,81.21,2.58,211.53,7.79
1,2010-09-10,1507460.69,1,78.69,2.57,211.50,7.79
1,2010-09-17,1430378.67,0,82.11,2.58,211.52,7.79
1,2010-09-24,1351791.03,0,80.94,2.62,211.60,7.79
1,2010-10-01,1453329.50,0,71.89,2.60,211.67,7.84
1,2010-10-08,1508239.93,0,63.93,2.63,211.75,7.84
1,2010-10-15,1459409.10,0,67.18,2.72,211.81,7.84
1,2010-10-22,1345454.00,0,69.86,2.73,211.86,7.84
1,2010-10-29,1384209.22,0,69.64,2.72,211.91,7.84
1,2010-11-05,1551659.28,0,58.74,2.69,211.96,7.84
1,2010-11-12,1494479.49,0,59.61,2.73,212.00,7.84
1,2010-11-19,1483784.18,0,51.41,2.77,211.89,7.84
1,2010-11-26,1955624.11,1,64.52,2.74,211.75,7.84
1,2010-12-03,1548033.78,0,49.27,2.71,211.61,7.84
1,2010-12-10,1682614.26,0,46.33,2.84,211.47,7.84
1,2010-12-17,1891034.93,0,49.84,2.87,211.41,7.84
1,2010-12-24,2387950.20,0,52.33,2.89,211.41,7.84
1,2010-12-31,1367320.01,1,48.43,2.94,211.40,7.84
1,2011-01-07,1444732.28,0,48.27,2.98,211.40,7.74
1,2011-01-14,1391013.96,0,35.40,2.98,211.46,7.74
1,2011-01-21,1327405.42,0,44.04,3.02,211.83,7.74
1,2011-01-28,1316899.31,0,43.83,3.01,212.20,7.74
1,2011-02-04,1606629.58,0,42.27,2.99,212.57,7.74
1,2011-02-11,1649614.93,1,36.39,3.02,212.94,7.74
1,2011-02-18,1686842.78,0,57.36,3.05,213.25,7.74
1,2011-02-25,1456800.28,0,62.90,3.07,213.54,7.74
1,2011-03-04,1636263.41,0,59.58,3.29,213.82,7.74
1,2011-03-11,1553191.63,0,53.56,3.46,214.11,7.74
1,2011-03-18,1576818.06,0,62.76,3.49,214.36,7.74
1,2011-03-25,1541102.38,0,69.97,3.47,214.60,7.74
1,2011-04-01,1495064.75,0,59.17,3.52,214.84,7.68
1,2011-04-08,1614259.35,0,67.84,3.62,215.07,7.68
1,2011-04-15,1559889.00,0,71.27,3.74,215.29,7.68
1,2011-04-22,1564819.81,0,72.99,3.81,215.46,7.68
1,2011-04-29,1455090.69,0,72.03,3.81,215.63,7.68
1,2011-05-06,1629391.28,0,64.61,3.91,215.80,7.68
1,2011-05-13,1604775.58,0,75.64,3.90,215.96,7.68
1,2011-05-20,1428218.27,0,67.63,3.91,215.73,7.68
1,2011-05-27,1466046.67,0,77.72,3.79,215.50,7.68
1,2011-06-03,1635078.41,0,83.00,3.70,215.27,7.68
1,2011-06-10,1588948.32,0,83.13,3.65,215.04,7.68
1,2011-06-17,1532114.86,0,86.41,3.64,215.00,7.68
1,2011-06-24,1438830.15,0,83.58,3.59,215.09,7.68
1,2011-07-01,1488538.09,0,85.55,3.52,215.18,7.96
1,2011-07-08,1534849.64,0,85.83,3.48,215.28,7.96
1,2011-07-15,1455119.97,0,88.54,3.58,215.36,7.96
1,2011-07-22,1396926.82,0,85.77,3.65,215.42,7.96
1,2011-07-29,1352219.79,0,86.83,3.68,215.48,7.96
1,2011-08-05,1624383.75,0,91.65,3.68,215.54,7.96
1,2011-08-12,1525147.09,0,90.76,3.64,215.61,7.96
1,2011-08-19,1530761.43,0,89.94,3.55,215.67,7.96
1,2011-08-26,1464693.46,0,87.96,3.52,215.73,7.96
1,2011-09-02,1550229.22,0,87.83,3.53,215.80,7.96
1,2011-09-09,1540471.24,1,76.00,3.55,215.86,7.96
1,2011-09-16,1514259.78,0,79.94,3.53,216.04,7.96
1,2011-09-23,1380020.27,0,75.80,3.47,216.38,7.96
1,2011-09-30,1394561.83,0,79.69,3.36,216.71,7.96
1,2011-10-07,1630989.95,0,69.31,3.29,217.05,7.87
1,2011-10-14,1493525.93,0,71.74,3.27,217.36,7.87
1,2011-10-21,1502562.78,0,63.71,3.35,217.52,7.87
1,2011-10-28,1445249.09,0,66.57,3.37,217.68,7.87
1,2011-11-04,1697229.58,0,54.98,3.33,217.84,7.87
1,2011-11-11,1594938.89,0,59.11,3.30,218.00,7.87
1,2011-11-18,1539483.70,0,62.25,3.31,218.22,7.87
1,2011-11-25,2033320.66,1,60.14,3.24,218.47,7.87
1,2011-12-02,1584083.95,0,48.91,3.17,218.71,7.87
1,2011-12-09,1799682.38,0,43.93,3.16,218.96,7.87
1,2011-12-16,1881176.67,0,51.63,3.16,219.18,7.87
1,2011-12-23,2270188.99,0,47.96,3.11,219.36,7.87
1,2011-12-30,1497462.72,1,44.55,3.13,219.54,7.87
1,2012-01-06,1550369.92,0,49.01,3.16,219.71,7.35
1,2012-01-13,1459601.17,0,48.53,3.26,219.89,7.35
1,2012-01-20,1394393.84,0,54.11,3.27,219.99,7.35
1,2012-01-27,1319325.59,0,54.26,3.29,220.08,7.35
1,2012-02-03,1636339.65,0,56.55,3.36,220.17,7.35
1,2012-02-10,1802477.43,1,48.02,3.41,220.27,7.35
1,2012-02-17,1819870.00,0,45.32,3.51,220.43,7.35
1,2012-02-24,1539387.83,0,57.25,3.56,220.64,7.35
1,2012-03-02,1688420.76,0,60.96,3.63,220.85,7.35
1,2012-03-09,1675431.16,0,58.76,3.67,221.06,7.35
1,2012-03-16,1677472.78,0,64.74,3.73,221.21,7.35
1,2012-03-23,1511068.07,0,65.93,3.79,221.29,7.35
1,2012-03-30,1649604.63,0,67.61,3.85,221.36,7.35
1,2012-04-06,1899676.88,0,70.43,3.89,221.44,7.14
1,2012-04-13,1621031.70,0,69.07,3.89,221.51,7.14
1,2012-04-20,1521577.87,0,66.76,3.88,221.56,7.14
1,2012-04-27,1468928.37,0,67.23,3.81,221.62,7.14
1,2012-05-04,1684519.99,0,75.55,3.75,221.67,7.14
1,2012-05-11,1611096.05,0,73.77,3.69,221.73,7.14
1,2012-05-18,1595901.87,0,70.33,3.63,221.74,7.14
1,2012-05-25,1555444.55,0,77.22,3.56,221.74,7.14
1,2012-06-01,1624477.58,0,77.95,3.50,221.75,7.14
1,2012-06-08,1697230.96,0,78.30,3.45,221.75,7.14
1,2012-06-15,1630607.00,0,79.35,3.39,221.76,7.14
1,2012-06-22,1527845.81,0,78.39,3.35,221.80,7.14
1,2012-06-29,1540421.49,0,84.88,3.29,221.84,7.14
1,2012-07-06,1769854.16,0,81.57,3.23,221.88,6.91
1,2012-07-13,1527014.04,0,77.12,3.26,221.92,6.91
1,2012-07-20,1497954.76,0,80.42,3.31,221.93,6.91
1,2012-07-27,1439123.71,0,82.66,3.41,221.94,6.91
1,2012-08-03,1631135.79,0,86.11,3.42,221.95,6.91
1,2012-08-10,1592409.97,0,85.05,3.49,221.96,6.91
1,2012-08-17,1597868.05,0,84.85,3.57,222.04,6.91
1,2012-08-24,1494122.38,0,77.66,3.62,222.17,6.91
1,2012-08-31,1582083.40,0,80.49,3.64,222.31,6.91
1,2012-09-07,1661767.33,1,83.96,3.73,222.44,6.91
1,2012-09-14,1517428.87,0,74.97,3.72,222.58,6.91
1,2012-09-21,1506126.06,0,69.87,3.72,222.78,6.91
1,2012-09-28,1437059.26,0,76.08,3.67,222.98,6.91
1,2012-10-05,1670785.97,0,68.55,3.62,223.18,6.57
1,2012-10-12,1573072.81,0,62.99,3.60,223.38,6.57
1,2012-10-19,1508068.77,0,67.97,3.59,223.43,6.57
1,2012-10-26,1493659.74,0,69.16,3.51,223.44,6.57
2,2010-02-05,2136989.46,0,40.19,2.57,210.75,8.32
2,2010-02-12,2137809.50,1,38.49,2.55,210.90,8.32
2,2010-02-19,2124451.54,0,39.69,2.51,210.95,8.32
2,2010-02-26,1865097.27,0,46.10,2.56,210.98,8.32
2,2010-03-05,1991013.13,0,47.17,2.63,211.01,8.32
2,2010-03-12,1990483.78,0,57.56,2.67,211.04,8.32
2,2010-03-19,1946070.88,0,54.52,2.72,210.87,8.32
2,2010-03-26,1750197.81,0,51.26,2.73,210.68,8.32
2,2010-04-02,2066187.72,0,63.27,2.72,210.48,8.20
2,2010-04-09,1954689.21,0,65.41,2.77,210.28,8.20
2,2010-04-16,1874957.94,0,68.07,2.81,210.15,8.20
2,2010-04-23,1821990.93,0,65.11,2.80,210.10,8.20
2,2010-04-30,1802450.29,0,66.98,2.78,210.05,8.20
2,2010-05-07,2042581.71,0,71.28,2.84,210.00,8.20
2,2010-05-14,1880752.36,0,73.31,2.85,210.00,8.20
2,2010-05-21,1896937.10,0,74.83,2.83,210.28,8.20
2,2010-05-28,1957113.89,0,81.13,2.76,210.56,8.20
2,2010-06-04,2102539.93,0,81.81,2.71,210.83,8.20
2,2010-06-11,2025538.76,0,83.40,2.67,211.11,8.20
2,2010-06-18,2001636.96,0,85.81,2.64,211.11,8.20
2,2010-06-25,1939927.09,0,86.26,2.65,211.00,8.20
2,2010-07-02,2003940.64,0,82.74,2.67,210.88,8.10
2,2010-07-09,1880902.62,0,82.59,2.64,210.77,8.10
2,2010-07-16,1845879.79,0,85.32,2.62,210.76,8.10
2,2010-07-23,1781717.71,0,87.66,2.61,210.89,8.10
2,2010-07-30,1804246.16,0,83.49,2.64,211.03,8.10
2,2010-08-06,1991909.98,0,89.53,2.63,211.16,8.10
2,2010-08-13,1895601.05,0,89.05,2.69,211.30,8.10
2,2010-08-20,1964335.23,0,88.70,2.66,211.26,8.10
2,2010-08-27,1863840.49,0,87.12,2.62,211.22,8.10
2,2010-09-03,1904608.09,0,81.83,2.58,211.19,8.10
2,2010-09-10,1839128.83,1,79.09,2.57,211.15,8.10
2,2010-09-17,1793903.60,0,82.05,2.58,211.18,8.10
2,2010-09-24,1724557.22,0,81.79,2.62,211.26,8.10
2,2010-10-01,1827440.43,0,69.24,2.60,211.33,8.16
2,2010-10-08,1849921.44,0,63.19,2.63,211.40,8.16
2,2010-10-15,1794355.49,0,65.80,2.72,211.47,8.16
2,2010-10-22,1737947.64,0,68.50,2.73,211.52,8.16
2,2010-10-29,1802755.11,0,66.24,2.72,211.57,8.16
2,2010-11-05,1939061.41,0,57.85,2.69,211.61,8.16
2,2010-11-12,1916812.74,0,59.69,2.73,211.66,8.16
2,2010-11-19,1956739.17,0,50.81,2.77,211.55,8.16
2,2010-11-26,2658725.29,1,62.98,2.74,211.41,8.16
2,2010-12-03,2015781.27,0,49.33,2.71,211.27,8.16
2,2010-12-10,2378726.55,0,45.50,2.84,211.12,8.16
2,2010-12-17,2609166.75,0,47.55,2.87,211.06,8.16
2,2010-12-24,3436007.68,0,49.97,2.89,211.06,8.16
2,2010-12-31,1750434.55,1,47.30,2.94,211.06,8.16
2,2011-01-07,1758050.79,0,44.69,2.98,211.06,8.03
2,2011-01-14,1744193.58,0,33.02,2.98,211.12,8.03
2,2011-01-21,1751384.90,0,41.40,3.02,211.49,8.03
2,2011-01-28,1695371.68,0,42.83,3.01,211.86,8.03
2,2011-02-04,1929346.23,0,38.25,2.99,212.22,8.03
2,2011-02-11,2168041.61,1,33.19,3.02,212.59,8.03
2,2011-02-18,2080884.82,0,57.83,3.05,212.90,8.03
2,2011-02-25,1833511.08,0,60.80,3.07,213.19,8.03
2,2011-03-04,1981607.78,0,57.77,3.29,213.48,8.03
2,2011-03-11,1879107.31,0,52.70,3.46,213.76,8.03
2,2011-03-18,1902557.66,0,62.32,3.49,214.02,8.03
2,2011-03-25,1766162.05,0,69.42,3.47,214.25,8.03
2,2011-04-01,1800171.36,0,55.43,3.52,214.49,7.93
2,2011-04-08,1847552.61,0,67.00,3.62,214.73,7.93
2,2011-04-15,1856467.84,0,69.48,3.74,214.94,7.93
2,2011-04-22,1886339.60,0,69.39,3.81,215.11,7.93
2,2011-04-29,1745545.28,0,69.21,3.81,215.28,7.93
2,2011-05-06,1837743.60,0,61.48,3.91,215.44,7.93
2,2011-05-13,1838513.07,0,74.61,3.90,215.61,7.93
2,2011-05-20,1688281.86,0,67.14,3.91,215.38,7.93
2,2011-05-27,1797732.56,0,76.42,3.79,215.15,7.93
2,2011-06-03,1933756.21,0,83.07,3.70,214.93,7.93
2,2011-06-10,1929153.16,0,83.40,3.65,214.70,7.93
2,2011-06-17,1953771.99,0,86.53,3.64,214.65,7.93
2,2011-06-24,1790925.80,0,85.17,3.59,214.74,7.93
2,2011-07-01,1866243.00,0,85.69,3.52,214.84,7.85
2,2011-07-08,1853161.99,0,87.70,3.48,214.93,7.85
2,2011-07-15,1785187.29,0,89.83,3.58,215.01,7.85
2,2011-07-22,1743816.41,0,89.34,3.65,215.07,7.85
2,2011-07-29,1680693.06,0,90.07,3.68,215.14,7.85
2,2011-08-05,1876704.26,0,93.34,3.68,215.20,7.85
2,2011-08-12,1812768.26,0,91.58,3.64,215.26,7.85
2,2011-08-19,1844094.59,0,89.86,3.55,215.32,7.85
2,2011-08-26,1821139.91,0,90.45,3.52,215.39,7.85
2,2011-09-02,1809119.70,0,89.64,3.53,215.45,7.85
2,2011-09-09,1748000.65,1,77.97,3.55,215.51,7.85
2,2011-09-16,1691439.52,0,78.85,3.53,215.69,7.85
2,2011-09-23,1669299.78,0,75.58,3.47,216.03,7.85
2,2011-09-30,1650394.44,0,78.14,3.36,216.36,7.85
2,2011-10-07,1837553.43,0,69.92,3.29,216.70,7.44
2,2011-10-14,1743882.19,0,71.67,3.27,217.00,7.44
2,2011-10-21,1834680.25,0,64.53,3.35,217.17,7.44
2,2011-10-28,1769296.25,0,65.87,3.37,217.33,7.44
2,2011-11-04,1959707.90,0,55.53,3.33,217.49,7.44
2,2011-11-11,1920725.15,0,59.33,3.30,217.65,7.44
2,2011-11-18,1902762.50,0,62.01,3.31,217.87,7.44
2,2011-11-25,2614202.30,1,56.36,3.24,218.11,7.44
2,2011-12-02,1954952.00,0,48.74,3.17,218.36,7.44
2,2011-12-09,2290549.32,0,41.76,3.16,218.61,7.44
2,2011-12-16,2432736.52,0,50.13,3.16,218.82,7.44
2,2011-12-23,3224369.80,0,46.66,3.11,219.00,7.44
2,2011-12-30,1874226.52,1,44.57,3.13,219.18,7.44
2,2012-01-06,1799520.14,0,46.75,3.16,219.36,7.06
2,2012-01-13,1744725.48,0,45.99,3.26,219.53,7.06
2,2012-01-20,1711769.11,0,51.70,3.27,219.63,7.06
2,2012-01-27,1660906.14,0,50.50,3.29,219.72,7.06
2,2012-02-03,1935299.94,0,55.21,3.36,219.81,7.06
2,2012-02-10,2103322.68,1,46.98,3.41,219.90,7.06
2,2012-02-17,2196688.46,0,43.82,3.51,220.07,7.06
2,2012-02-24,1861802.70,0,54.63,3.56,220.28,7.06
2,2012-03-02,1952555.66,0,58.79,3.63,220.49,7.06
2,2012-03-09,1937628.26,0,57.11,3.67,220.70,7.06
2,2012-03-16,1976082.13,0,63.68,3.73,220.85,7.06
2,2012-03-23,1790439.16,0,64.01,3.79,220.92,7.06
2,2012-03-30,1857480.84,0,66.83,3.85,221.00,7.06
2,2012-04-06,2129035.91,0,68.43,3.89,221.07,6.89
2,2012-04-13,1935869.10,0,68.08,3.89,221.15,6.89
2,2012-04-20,1847344.45,0,65.69,3.88,221.20,6.89
2,2012-04-27,1764133.09,0,67.20,3.81,221.26,6.89
2,2012-05-04,1923957.09,0,76.73,3.75,221.31,6.89
2,2012-05-11,1917520.99,0,73.87,3.69,221.36,6.89
2,2012-05-18,2000940.67,0,71.27,3.63,221.38,6.89
2,2012-05-25,1912791.09,0,78.19,3.56,221.38,6.89
2,2012-06-01,1910092.37,0,78.38,3.50,221.39,6.89
2,2012-06-08,2010216.49,0,78.69,3.45,221.39,6.89
2,2012-06-15,1962924.30,0,80.56,3.39,221.40,6.89
2,2012-06-22,1887733.21,0,81.04,3.35,221.44,6.89
2,2012-06-29,1881046.12,0,86.32,3.29,221.48,6.89
2,2012-07-06,2041507.40,0,84.20,3.23,221.52,6.57
2,2012-07-13,1830075.13,0,80.17,3.26,221.56,6.57
2,2012-07-20,1819666.46,0,83.23,3.31,221.57,6.57
2,2012-07-27,1757923.88,0,86.37,3.41,221.58,6.57
2,2012-08-03,1946104.64,0,90.22,3.42,221.59,6.57
2,2012-08-10,1866719.96,0,88.55,3.49,221.60,6.57
2,2012-08-17,1928016.01,0,84.79,3.57,221.68,6.57
2,2012-08-24,1876788.15,0,76.91,3.62,221.81,6.57
2,2012-08-31,1947083.30,0,82.64,3.64,221.94,6.57
2,2012-09-07,1898777.07,1,87.65,3.73,222.07,6.57
2,2012-09-14,1814806.63,0,75.88,3.72,222.22,6.57
2,2012-09-21,1829415.67,0,71.09,3.72,222.42,6.57
2,2012-09-28,1746470.56,0,79.45,3.67,222.62,6.57
2,2012-10-05,1998321.04,0,70.27,3.62,222.82,6.17
2,2012-10-12,1900745.13,0,60.97,3.60,223.02,6.17
2,2012-10-19,1847990.41,0,68.08,3.59,223.06,6.17
2,2012-10-26,1834458.35,0,69.79,3.51,223.08,6.17
3,2010-02-05,461622.22,0,45.71,2.57,214.42,7.37
3,2010-02-12,420728.96,1,47.93,2.55,214.57,7.37
3,2010-02-19,421642.19,0,47.07,2.51,214.62,7.37
3,2010-02-26,407204.86,0,52.05,2.56,214.65,7.37
3,2010-03-05,415202.04,0,53.04,2.63,214.68,7.37
3,2010-03-12,384200.69,0,63.08,2.67,214.70,7.37
3,2010-03-19,375328.59,0,60.42,2.72,214.53,7.37
3,2010-03-26,359949.27,0,57.06,2.73,214.32,7.37
3,2010-04-02,423294.40,0,65.56,2.72,214.12,7.34
3,2010-04-09,415870.28,0,68.00,2.77,213.91,7.34
3,2010-04-16,354993.26,0,66.98,2.81,213.77,7.34
3,2010-04-23,339976.65,0,67.87,2.80,213.72,7.34
3,2010-04-30,361248.39,0,70.24,2.78,213.67,7.34
3,2010-05-07,399323.86,0,73.47,2.84,213.62,7.34
3,2010-05-14,384357.94,0,77.18,2.85,213.62,7.34
3,2010-05-21,343763.17,0,75.81,2.83,213.91,7.34
3,2010-05-28,350089.23,0,78.60,2.76,214.20,7.34
3,2010-06-04,396968.80,0,78.53,2.71,214.50,7.34
3,2010-06-11,355017.09,0,82.10,2.67,214.79,7.34
3,2010-06-18,364076.85,0,83.52,2.64,214.79,7.34
3,2010-06-25,357346.48,0,83.79,2.65,214.67,7.34
3,2010-07-02,381151.72,0,82.20,2.67,214.55,7.35
3,2010-07-09,349214.18,0,81.75,2.64,214.43,7.35
3,2010-07-16,352728.78,0,84.32,2.62,214.42,7.35
3,2010-07-23,352864.49,0,83.32,2.61,214.56,7.35
3,2010-07-30,347955.05,0,82.04,2.64,214.70,7.35
3,2010-08-06,402635.76,0,85.13,2.63,214.83,7.35
3,2010-08-13,339597.38,0,86.74,2.69,214.97,7.35
3,2010-08-20,351728.21,0,88.02,2.66,214.93,7.35
3,2010-08-27,362134.09,0,86.15,2.62,214.89,7.35
3,2010-09-03,366473.97,0,84.16,2.58,214.85,7.35
3,2010-09-10,352260.97,1,80.84,2.57,214.81,7.35
3,2010-09-17,363064.64,0,82.36,2.58,214.83,7.35
3,2010-09-24,355626.87,0,76.90,2.62,214.91,7.35
3,2010-10-01,358784.10,0,73.60,2.60,214.98,7.56
3,2010-10-08,395107.35,0,66.99,2.63,215.06,7.56
3,2010-10-15,345584.39,0,69.71,2.72,215.13,7.56
3,2010-10-22,348895.98,0,71.64,2.73,215.18,7.56
3,2010-10-29,348591.74,0,72.04,2.72,215.23,7.56
3,2010-11-05,423175.56,0,62.94,2.69,215.28,7.56
3,2010-11-12,386635.03,0,62.79,2.73,215.33,7.56
3,2010-11-19,372545.32,0,57.72,2.77,215.21,7.56
3,2010-11-26,565567.84,1,68.71,2.74,215.06,7.56
3,2010-12-03,476420.77,0,53.76,2.71,214.92,7.56
3,2010-12-10,467642.03,0,51.13,2.84,214.77,7.56
3,2010-12-17,498159.39,0,52.20,2.87,214.70,7.56
3,2010-12-24,605990.41,0,57.16,2.89,214.70,7.56
3,2010-12-31,382677.76,1,53.20,2.94,214.70,7.56
3,2011-01-07,378241.34,0,53.35,2.98,214.70,7.55
3,2011-01-14,381061.10,0,44.76,2.98,214.75,7.55
3,2011-01-21,350876.70,0,50.74,3.02,215.13,7.55
3,2011-01-28,364866.24,0,48.71,3.01,215.51,7.55
3,2011-02-04,438516.53,0,45.95,2.99,215.89,7.55
3,2011-02-11,430526.21,1,43.57,3.02,216.27,7.55
3,2011-02-18,432782.10,0,61.58,3.05,216.58,7.55
3,2011-02-25,397211.19,0,67.40,3.07,216.88,7.55
3,2011-03-04,437084.51,0,65.11,3.29,217.17,7.55
3,2011-03-11,404753.30,0,61.29,3.46,217.47,7.55
3,2011-03-18,392109.51,0,69.47,3.49,217.72,7.55
3,2011-03-25,380683.67,0,72.94,3.47,217.97,7.55
3,2011-04-01,374556.08,0,68.76,3.52,218.21,7.57
3,2011-04-08,384075.31,0,72.55,3.62,218.46,7.57
3,2011-04-15,366250.69,0,75.88,3.74,218.68,7.57
3,2011-04-22,391860.04,0,76.91,3.81,218.85,7.57
3,2011-04-29,367405.40,0,78.69,3.81,219.02,7.57
3,2011-05-06,413042.12,0,69.45,3.91,219.20,7.57
3,2011-05-13,386312.68,0,79.87,3.90,219.37,7.57
3,2011-05-20,364603.13,0,75.79,3.91,219.13,7.57
3,2011-05-27,369350.60,0,84.41,3.79,218.89,7.57
3,2011-06-03,394507.84,0,84.29,3.70,218.64,7.57
3,2011-06-10,391638.75,0,84.84,3.65,218.40,7.57
3,2011-06-17,403423.34,0,86.96,3.64,218.36,7.57
3,2011-06-24,385520.71,0,84.94,3.59,218.45,7.57
3,2011-07-01,368962.72,0,85.10,3.52,218.55,7.57
3,2011-07-08,395146.24,0,85.38,3.48,218.64,7.57
3,2011-07-15,373454.33,0,87.14,3.58,218.73,7.57
3,2011-07-22,360617.37,0,86.19,3.65,218.79,7.57
3,2011-07-29,345381.29,0,88.07,3.68,218.84,7.57
3,2011-08-05,409981.25,0,88.45,3.68,218.90,7.57
3,2011-08-12,380376.85,0,88.88,3.64,218.96,7.57
3,2011-08-19,379716.91,0,88.44,3.55,219.02,7.57
3,2011-08-26,366367.55,0,87.67,3.52,219.09,7.57
3,2011-09-02,375988.69,0,89.12,3.53,219.15,7.57
3,2011-09-09,377347.49,1,81.72,3.55,219.21,7.57
3,2011-09-16,375629.51,0,83.63,3.53,219.40,7.57
3,2011-09-23,365248.94,0,80.19,3.47,219.74,7.57
3,2011-09-30,368477.93,0,82.58,3.36,220.09,7.57
3,2011-10-07,403342.40,0,75.54,3.29,220.43,7.20
3,2011-10-14,368282.57,0,73.75,3.27,220.75,7.20
3,2011-10-21,394976.36,0,69.03,3.35,220.91,7.20
3,2011-10-28,389540.62,0,71.04,3.37,221.08,7.20
3,2011-11-04,459443.22,0,59.31,3.33,221.25,7.20
3,2011-11-11,407764.25,0,61.70,3.30,221.41,7.20
3,2011-11-18,398838.97,0,63.91,3.31,221.64,7.20
3,2011-11-25,556925.19,1,68.00,3.24,221.90,7.20
3,2011-12-02,472511.32,0,54.97,3.17,222.16,7.20
3,2011-12-09,468772.80,0,49.26,3.16,222.42,7.20
3,2011-12-16,510747.62,0,57.95,3.16,222.64,7.20
3,2011-12-23,551221.21,0,53.41,3.11,222.83,7.20
3,2011-12-30,410553.88,1,48.29,3.13,223.01,7.20
3,2012-01-06,398178.21,0,52.42,3.16,223.19,6.83
3,2012-01-13,367438.62,0,51.86,3.26,223.38,6.83
3,2012-01-20,365818.61,0,56.20,3.27,223.47,6.83
3,2012-01-27,349518.10,0,58.06,3.29,223.56,6.83
3,2012-02-03,424960.66,0,59.33,3.36,223.66,6.83
3,2012-02-10,473292.47,1,51.65,3.41,223.75,6.83
3,2012-02-17,475591.08,0,52.39,3.51,223.92,6.83
3,2012-02-24,418925.47,0,60.12,3.56,224.13,6.83
3,2012-03-02,469752.56,0,61.65,3.63,224.35,6.83
3,2012-03-09,445162.05,0,60.71,3.67,224.56,6.83
3,2012-03-16,411775.80,0,64.00,3.73,224.72,6.83
3,2012-03-23,413907.25,0,66.53,3.79,224.79,6.83
3,2012-03-30,407488.84,0,69.36,3.85,224.87,6.83
3,2012-04-06,503232.13,0,73.01,3.89,224.94,6.66
3,2012-04-13,420789.74,0,72.83,3.89,225.01,6.66
3,2012-04-20,434822.13,0,72.05,3.88,225.07,6.66
3,2012-04-27,394616.11,0,73.39,3.81,225.12,6.66
3,2012-05-04,439913.57,0,79.51,3.75,225.18,6.66
3,2012-05-11,431985.36,0,75.19,3.69,225.24,6.66
3,2012-05-18,418112.76,0,72.38,3.63,225.25,6.66
3,2012-05-25,413701.29,0,78.58,3.56,225.25,6.66
3,2012-06-01,432268.53,0,81.55,3.50,225.25,6.66
3,2012-06-08,446336.80,0,81.65,3.45,225.25,6.66
3,2012-06-15,442074.79,0,84.66,3.39,225.26,6.66
3,2012-06-22,419497.95,0,82.70,3.35,225.31,6.66
3,2012-06-29,422965.33,0,86.42,3.29,225.35,6.66
3,2012-07-06,411206.50,0,83.14,3.23,225.39,6.33
3,2012-07-13,416913.10,0,82.28,3.26,225.43,6.33
3,2012-07-20,432424.85,0,81.38,3.31,225.44,6.33
3,2012-07-27,389427.90,0,84.94,3.41,225.45,6.33
3,2012-08-03,419990.29,0,86.55,3.42,225.46,6.33
3,2012-08-10,391811.60,0,85.85,3.49,225.47,6.33
3,2012-08-17,394918.83,0,87.36,3.57,225.56,6.33
3,2012-08-24,412449.67,0,83.01,3.62,225.69,6.33
3,2012-08-31,408838.73,0,85.18,3.64,225.83,6.33
3,2012-09-07,408229.73,1,84.99,3.73,225.97,6.33
3,2012-09-14,407589.16,0,78.36,3.72,226.11,6.33
3,2012-09-21,414392.09,0,72.78,3.72,226.32,6.33
3,2012-09-28,389813.02,0,77.46,3.67,226.52,6.33
3,2012-10-05,443557.65,0,72.74,3.62,226.72,6.03
3,2012-10-12,410804.39,0,70.31,3.60,226.92,6.03
3,2012-10-19,424513.08,0,73.44,3.59,226.97,6.03
3,2012-10-26,405432.70,0,74.66,3.51,226.99,6.03
4,2010-02-05,2135143.87,0,43.76,2.60,126.44,8.62
4,2010-02-12,2188307.39,1,28.84,2.57,126.50,8.62
4,2010-02-19,2049860.26,0,36.45,2.54,126.53,8.62
4,2010-02-26,1925728.84,0,41.36,2.59,126.55,8.62
4,2010-03-05,1971057.44,0,43.49,2.65,126.58,8.62
4,2010-03-12,1894324.09,0,49.63,2.70,126.60,8.62
4,2010-03-19,1897429.36,0,55.19,2.74,126.61,8.62
4,2010-03-26,1762539.30,0,39.91,2.75,126.61,8.62
4,2010-04-02,1979247.12,0,48.77,2.74,126.60,7.90
4,2010-04-09,1818452.72,0,54.16,2.77,126.60,7.90
4,2010-04-16,1851519.69,0,56.23,2.81,126.56,7.90
4,2010-04-23,1802677.90,0,56.87,2.81,126.47,7.90
4,2010-04-30,1817273.28,0,53.04,2.79,126.38,7.90
4,2010-05-07,2000626.14,0,56.77,2.84,126.29,7.90
4,2010-05-14,1875597.28,0,62.35,2.85,126.21,7.90
4,2010-05-21,1903752.60,0,67.40,2.82,126.18,7.90
4,2010-05-28,1857533.70,0,67.73,2.76,126.16,7.90
4,2010-06-04,1903290.58,0,70.83,2.70,126.14,7.90
4,2010-06-11,1870619.23,0,78.45,2.67,126.11,7.90
4,2010-06-18,1929736.35,0,81.53,2.64,126.11,7.90
4,2010-06-25,1846651.95,0,81.10,2.65,126.13,7.90
4,2010-07-02,1881337.21,0,73.66,2.67,126.14,7.37
4,2010-07-09,1812208.22,0,80.35,2.64,126.15,7.37
4,2010-07-16,1898427.66,0,78.53,2.62,126.15,7.37
4,2010-07-23,1848426.78,0,79.78,2.61,126.13,7.37
4,2010-07-30,1796637.61,0,80.70,2.65,126.11,7.37
4,2010-08-06,1907638.58,0,76.53,2.64,126.09,7.37
4,2010-08-13,2007050.75,0,78.08,2.70,126.06,7.37
4,2010-08-20,1997181.09,0,78.83,2.67,126.08,7.37
4,2010-08-27,1848403.92,0,74.44,2.62,126.09,7.37
4,2010-09-03,1935857.58,0,76.80,2.58,126.10,7.37
4,2010-09-10,1865820.81,1,73.54,2.57,126.11,7.37
4,2010-09-17,1899959.61,0,64.91,2.59,126.15,7.37
4,2010-09-24,1810684.68,0,60.96,2.64,126.19,7.37
4,2010-10-01,1842821.02,0,63.96,2.62,126.23,7.13
4,2010-10-08,1951494.85,0,67.73,2.65,126.28,7.13
4,2010-10-15,1867345.09,0,62.03,2.73,126.33,7.13
4,2010-10-22,1927610.06,0,64.17,2.74,126.38,7.13
4,2010-10-29,1933333.00,0,56.94,2.72,126.44,7.13
4,2010-11-05,2013115.79,0,51.60,2.70,126.49,7.13
4,2010-11-12,1999794.26,0,52.65,2.74,126.55,7.13
4,2010-11-19,2097809.40,0,48.05,2.78,126.61,7.13
4,2010-11-26,2789469.45,1,48.08,2.75,126.67,7.13
4,2010-12-03,2102530.17,0,46.40,2.73,126.73,7.13
4,2010-12-10,2302504.86,0,42.40,2.86,126.79,7.13
4,2010-12-17,2740057.14,0,46.57,2.88,126.88,7.13
4,2010-12-24,3526713.39,0,43.21,2.89,126.98,7.13
4,2010-12-31,1794868.74,1,38.09,2.96,127.09,7.13
4,2011-01-07,1862476.27,0,39.34,2.98,127.19,6.51
4,2011-01-14,1865502.46,0,31.60,2.99,127.30,6.51
4,2011-01-21,1886393.94,0,38.34,3.02,127.44,6.51
4,2011-01-28,1814240.85,0,40.60,3.02,127.58,6.51
4,2011-02-04,2119086.04,0,34.61,3.00,127.72,6.51
4,2011-02-11,2187847.29,1,33.29,3.03,127.86,6.51
4,2011-02-18,2316495.56,0,48.17,3.06,128.00,6.51
4,2011-02-25,2078094.69,0,49.00,3.09,128.13,6.51
4,2011-03-04,2103455.75,0,46.56,3.31,128.26,6.51
4,2011-03-11,2039818.41,0,50.93,3.46,128.40,6.51
4,2011-03-18,2116475.38,0,51.86,3.50,128.51,6.51
4,2011-03-25,1944164.32,0,59.10,3.48,128.62,6.51
4,2011-04-01,1900246.47,0,56.99,3.52,128.72,5.95
4,2011-04-08,2074953.46,0,62.61,3.61,128.82,5.95
4,2011-04-15,1960587.76,0,62.34,3.72,128.91,5.95
4,2011-04-22,2220600.76,0,68.80,3.78,128.96,5.95
4,2011-04-29,1878167.44,0,64.22,3.78,129.00,5.95
4,2011-05-06,2063682.76,0,63.41,3.87,129.04,5.95
4,2011-05-13,2002362.37,0,70.65,3.87,129.09,5.95
4,2011-05-20,2015563.48,0,70.49,3.88,129.08,5.95
4,2011-05-27,1986597.95,0,73.65,3.77,129.06,5.95
4,2011-06-03,2065377.15,0,78.26,3.68,129.05,5.95
4,2011-06-10,2073951.38,0,80.05,3.64,129.04,5.95
4,2011-06-17,2141210.62,0,83.51,3.62,129.04,5.95
4,2011-06-24,2008344.92,0,81.85,3.57,129.07,5.95
4,2011-07-01,2051533.53,0,84.54,3.50,129.09,5.64
4,2011-07-08,2066541.86,0,84.59,3.47,129.11,5.64
4,2011-07-15,2049046.95,0,83.27,3.56,129.13,5.64
4,2011-07-22,2036231.39,0,82.84,3.63,129.15,5.64
4,2011-07-29,1989674.07,0,84.36,3.66,129.17,5.64
4,2011-08-05,2160057.39,0,86.09,3.66,129.18,5.64
4,2011-08-12,2105668.74,0,82.98,3.62,129.20,5.64
4,2011-08-19,2232892.10,0,82.77,3.55,129.24,5.64
4,2011-08-26,1988490.21,0,81.47,3.52,129.28,5.64
4,2011-09-02,2078420.31,0,77.99,3.53,129.33,5.64
4,2011-09-09,2093139.01,1,73.34,3.55,129.37,5.64
4,2011-09-16,2075577.33,0,72.76,3.53,129.43,5.64
4,2011-09-23,2031406.41,0,69.23,3.47,129.52,5.64
4,2011-09-30,1929486.63,0,72.15,3.37,129.61,5.64
4,2011-10-07,2166737.65,0,65.79,3.30,129.69,5.14
4,2011-10-14,2074548.85,0,63.75,3.28,129.77,5.14
4,2011-10-21,2207742.13,0,64.79,3.36,129.78,5.14
4,2011-10-28,2151659.59,0,55.31,3.36,129.79,5.14
4,2011-11-04,2281217.31,0,49.86,3.32,129.81,5.14
4,2011-11-11,2203028.96,0,47.12,3.29,129.82,5.14
4,2011-11-18,2243946.59,0,50.44,3.29,129.83,5.14
4,2011-11-25,3004702.33,1,47.96,3.23,129.84,5.14
4,2011-12-02,2180999.26,0,38.71,3.18,129.85,5.14
4,2011-12-09,2508955.24,0,31.64,3.15,129.86,5.14
4,2011-12-16,2771397.17,0,36.44,3.15,129.90,5.14
4,2011-12-23,3676388.98,0,35.92,3.10,129.98,5.14
4,2011-12-30,2007105.86,1,36.89,3.12,130.07,5.14
4,2012-01-06,2047766.07,0,38.64,3.16,130.16,4.61
4,2012-01-13,1941676.61,0,34.41,3.26,130.24,4.61
4,2012-01-20,2005097.76,0,42.09,3.27,130.28,4.61
4,2012-01-27,1928720.51,0,40.31,3.29,130.31,4.61
4,2012-02-03,2173373.91,0,41.81,3.35,130.35,4.61
4,2012-02-10,2374660.64,1,33.00,3.41,130.38,4.61
4,2012-02-17,2427640.17,0,34.19,3.49,130.45,4.61
4,2012-02-24,2226662.17,0,41.31,3.54,130.55,4.61
4,2012-03-02,2206319.90,0,50.38,3.62,130.65,4.61
4,2012-03-09,2202450.81,0,53.63,3.67,130.74,4.61
4,2012-03-16,2214967.44,0,59.81,3.71,130.83,4.61
4,2012-03-23,2091592.54,0,59.07,3.76,130.90,4.61
4,2012-03-30,2089381.77,0,72.63,3.82,130.97,4.61
4,2012-04-06,2470206.13,0,67.69,3.86,131.04,4.31
4,2012-04-13,2105301.39,0,68.69,3.88,131.11,4.31
4,2012-04-20,2144336.89,0,68.60,3.86,131.12,4.31
4,2012-04-27,2064065.66,0,76.47,3.81,131.13,4.31
4,2012-05-04,2196968.33,0,80.14,3.75,131.14,4.31
4,2012-05-11,2127661.17,0,67.64,3.69,131.15,4.31
4,2012-05-18,2207214.81,0,68.43,3.62,131.10,4.31
4,2012-05-25,2154137.67,0,77.47,3.55,131.03,4.31
4,2012-06-01,2179360.94,0,77.41,3.48,130.96,4.31
4,2012-06-08,2245257.18,0,78.11,3.43,130.89,4.31
4,2012-06-15,2234190.93,0,80.94,3.37,130.83,4.31
4,2012-06-22,2197299.65,0,81.63,3.33,130.79,4.31
4,2012-06-29,2128362.92,0,84.23,3.26,130.76,4.31
4,2012-07-06,2224499.28,0,80.37,3.19,130.72,4.08
4,2012-07-13,2100252.61,0,76.86,3.22,130.68,4.08
4,2012-07-20,2175563.69,0,79.14,3.26,130.70,4.08
4,2012-07-27,2048613.65,0,81.06,3.36,130.72,4.08
4,2012-08-03,2174514.13,0,83.86,3.37,130.74,4.08
4,2012-08-10,2193367.69,0,83.21,3.48,130.76,4.08
4,2012-08-17,2283540.30,0,81.41,3.55,130.79,4.08
4,2012-08-24,2125241.68,0,75.76,3.61,130.84,4.08
4,2012-08-31,2081181.35,0,76.47,3.65,130.89,4.08
4,2012-09-07,2125104.72,1,82.09,3.71,130.93,4.08
4,2012-09-14,2117854.60,0,68.20,3.71,130.98,4.08
4,2012-09-21,2119438.53,0,68.97,3.72,131.01,4.08
4,2012-09-28,2027620.23,0,71.74,3.67,131.04,4.08
4,2012-10-05,2209835.43,0,63.07,3.62,131.08,3.88
4,2012-10-12,2133026.07,0,57.11,3.60,131.11,3.88
4,2012-10-19,2097266.85,0,64.46,3.61,131.15,3.88
4,2012-10-26,2149594.46,0,63.64,3.51,131.19,3.88
5,2010-02-05,317173.10,0,39.70,2.57,211.65,6.57
5,2010-02-12,311825.70,1,39.81,2.55,211.80,6.57
5,2010-02-19,303447.57,0,41.14,2.51,211.85,6.57
5,2010-02-26,270281.63,0,46.70,2.56,211.88,6.57
5,2010-03-05,288855.71,0,48.89,2.63,211.91,6.57
5,2010-03-12,297293.59,0,58.50,2.67,211.94,6.57
5,2010-03-19,281706.41,0,55.46,2.72,211.77,6.57
5,2010-03-26,273282.97,0,52.47,2.73,211.57,6.57
5,2010-04-02,331406.00,0,63.18,2.72,211.37,6.47
5,2010-04-09,328020.49,0,65.19,2.77,211.17,6.47
5,2010-04-16,306858.69,0,65.30,2.81,211.04,6.47
5,2010-04-23,288839.73,0,65.13,2.80,210.99,6.47
5,2010-04-30,298697.84,0,67.53,2.78,210.94,6.47
5,2010-05-07,333522.60,0,71.53,2.84,210.89,6.47
5,2010-05-14,296673.77,0,74.79,2.85,210.89,6.47
5,2010-05-21,301615.49,0,75.20,2.83,211.17,6.47
5,2010-05-28,310013.11,0,79.81,2.76,211.45,6.47
5,2010-06-04,337825.89,0,79.54,2.71,211.73,6.47
5,2010-06-11,296641.91,0,80.70,2.67,212.01,6.47
5,2010-06-18,313795.60,0,83.91,2.64,212.01,6.47
5,2010-06-25,295257.30,0,83.72,2.65,211.90,6.47
5,2010-07-02,305993.27,0,81.25,2.67,211.78,6.50
5,2010-07-09,291808.87,0,81.14,2.64,211.66,6.50
5,2010-07-16,280701.70,0,83.98,2.62,211.66,6.50
5,2010-07-23,274742.63,0,83.66,2.61,211.79,6.50
5,2010-07-30,268929.03,0,82.46,2.64,211.93,6.50
5,2010-08-06,303043.02,0,86.10,2.63,212.06,6.50
5,2010-08-13,286477.35,0,87.41,2.69,212.20,6.50
5,2010-08-20,287205.38,0,87.71,2.66,212.16,6.50
5,2010-08-27,288519.75,0,87.05,2.62,212.12,6.50
5,2010-09-03,323798.00,0,84.06,2.58,212.09,6.50
5,2010-09-10,306533.08,1,79.86,2.57,212.05,6.50
5,2010-09-17,282558.65,0,82.28,2.58,212.08,6.50
5,2010-09-24,293131.58,0,78.53,2.62,212.15,6.50
5,2010-10-01,283178.12,0,71.10,2.60,212.23,6.77
5,2010-10-08,290494.85,0,64.99,2.63,212.30,6.77
5,2010-10-15,280681.20,0,68.11,2.72,212.37,6.77
5,2010-10-22,284988.27,0,70.96,2.73,212.42,6.77
5,2010-10-29,278031.81,0,70.58,2.72,212.46,6.77
5,2010-11-05,325310.30,0,58.88,2.69,212.51,6.77
5,2010-11-12,301827.36,0,62.37,2.73,212.56,6.77
5,2010-11-19,297384.81,0,52.52,2.77,212.45,6.77
5,2010-11-26,488362.61,1,66.15,2.74,212.30,6.77
5,2010-12-03,344490.88,0,51.31,2.71,212.16,6.77
5,2010-12-10,352811.53,0,48.27,2.84,212.02,6.77
5,2010-12-17,367801.19,0,51.61,2.87,211.96,6.77
5,2010-12-24,466010.25,0,55.01,2.89,211.96,6.77
5,2010-12-31,298180.18,1,49.79,2.94,211.96,6.77
5,2011-01-07,286347.26,0,48.30,2.98,211.96,6.63
5,2011-01-14,260636.71,0,37.74,2.98,212.01,6.63
5,2011-01-21,275313.34,0,45.41,3.02,212.38,6.63
5,2011-01-28,279088.39,0,44.50,3.01,212.75,6.63
5,2011-02-04,329613.20,0,41.67,2.99,213.12,6.63
5,2011-02-11,311590.54,1,38.25,3.02,213.49,6.63
5,2011-02-18,356622.61,0,58.83,3.05,213.81,6.63
5,2011-02-25,294659.50,0,63.35,3.07,214.10,6.63
5,2011-03-04,329033.66,0,60.35,3.29,214.38,6.63
5,2011-03-11,293098.10,0,55.74,3.46,214.67,6.63
5,2011-03-18,312177.67,0,64.31,3.49,214.93,6.63
5,2011-03-25,294732.50,0,70.71,3.47,215.16,6.63
5,2011-04-01,314316.55,0,61.50,3.52,215.40,6.49
5,2011-04-08,307333.62,0,69.64,3.62,215.64,6.49
5,2011-04-15,307913.58,0,72.02,3.74,215.86,6.49
5,2011-04-22,328415.44,0,74.34,3.81,216.03,6.49
5,2011-04-29,307291.56,0,74.75,3.81,216.20,6.49
5,2011-05-06,322904.68,0,66.27,3.91,216.37,6.49
5,2011-05-13,290930.01,0,77.38,3.90,216.53,6.49
5,2011-05-20,299614.33,0,71.37,3.91,216.30,6.49
5,2011-05-27,297149.69,0,80.14,3.79,216.07,6.49
5,2011-06-03,329183.92,0,83.81,3.70,215.84,6.49
5,2011-06-10,304984.14,0,83.61,3.65,215.61,6.49
5,2011-06-17,304811.82,0,86.84,3.64,215.56,6.49
5,2011-06-24,302881.64,0,84.76,3.59,215.65,6.49
5,2011-07-01,327093.89,0,85.81,3.52,215.75,6.53
5,2011-07-08,310804.93,0,86.64,3.48,215.84,6.53
5,2011-07-15,283248.62,0,88.64,3.58,215.93,6.53
5,2011-07-22,292539.73,0,86.97,3.65,215.99,6.53
5,2011-07-29,275142.17,0,89.42,3.68,216.05,6.53
5,2011-08-05,317738.56,0,91.07,3.68,216.11,6.53
5,2011-08-12,289886.16,0,90.16,3.64,216.17,6.53
5,2011-08-19,303643.84,0,89.35,3.55,216.23,6.53
5,2011-08-26,310338.17,0,89.18,3.52,216.30,6.53
5,2011-09-02,315645.53,0,90.38,3.53,216.36,6.53
5,2011-09-09,321110.22,1,79.04,3.55,216.42,6.53
5,2011-09-16,278529.71,0,83.55,3.53,216.60,6.53
5,2011-09-23,291024.98,0,78.01,3.47,216.94,6.53
5,2011-09-30,292315.38,0,81.16,3.36,217.28,6.53
5,2011-10-07,309111.47,0,71.64,3.29,217.61,6.30
5,2011-10-14,286117.72,0,72.36,3.27,217.92,6.30
5,2011-10-21,306069.18,0,66.90,3.35,218.09,6.30
5,2011-10-28,307035.11,0,69.27,3.37,218.25,6.30
5,2011-11-04,353652.23,0,56.71,3.33,218.41,6.30
5,2011-11-11,311906.70,0,60.71,3.30,218.57,6.30
5,2011-11-18,307944.37,0,64.33,3.31,218.79,6.30
5,2011-11-25,507900.07,1,61.93,3.24,219.04,6.30
5,2011-12-02,376225.61,0,51.14,3.17,219.29,6.30
5,2011-12-09,367433.77,0,44.12,3.16,219.54,6.30
5,2011-12-16,379530.30,0,54.42,3.16,219.76,6.30
5,2011-12-23,458562.24,0,50.33,3.11,219.94,6.30
5,2011-12-30,349624.88,1,45.62,3.13,220.12,6.30
5,2012-01-06,312078.71,0,50.21,3.16,220.30,5.94
5,2012-01-13,291454.52,0,48.86,3.26,220.48,5.94
5,2012-01-20,287523.98,0,54.65,3.27,220.57,5.94
5,2012-01-27,295974.22,0,54.63,3.29,220.66,5.94
5,2012-02-03,333948.00,0,57.35,3.36,220.76,5.94
5,2012-02-10,349239.88,1,48.57,3.41,220.85,5.94
5,2012-02-17,356427.98,0,48.25,3.51,221.01,5.94
5,2012-02-24,312220.47,0,57.75,3.56,221.22,5.94
5,2012-03-02,359206.21,0,60.66,3.63,221.43,5.94
5,2012-03-09,347295.60,0,57.69,3.67,221.65,5.94
5,2012-03-16,339392.54,0,63.55,3.73,221.80,5.94
5,2012-03-23,321299.99,0,64.44,3.79,221.87,5.94
5,2012-03-30,331318.73,0,67.76,3.85,221.95,5.94
5,2012-04-06,402985.70,0,70.40,3.89,222.02,5.80
5,2012-04-13,351832.03,0,70.56,3.89,222.10,5.80
5,2012-04-20,330063.06,0,67.33,3.88,222.15,5.80
5,2012-04-27,324839.74,0,68.96,3.81,222.21,5.80
5,2012-05-04,360932.69,0,77.10,3.75,222.26,5.80
5,2012-05-11,333870.52,0,73.45,3.69,222.31,5.80
5,2012-05-18,336189.66,0,70.45,3.63,222.33,5.80
5,2012-05-25,341994.48,0,78.23,3.56,222.33,5.80
5,2012-06-01,359867.80,0,79.72,3.50,222.33,5.80
5,2012-06-08,341704.59,0,81.02,3.45,222.34,5.80
5,2012-06-15,327383.64,0,81.64,3.39,222.35,5.80
5,2012-06-22,325041.68,0,80.57,3.35,222.39,5.80
5,2012-06-29,329658.10,0,87.08,3.29,222.43,5.80
5,2012-07-06,341214.43,0,82.35,3.23,222.47,5.60
5,2012-07-13,316203.64,0,80.78,3.26,222.51,5.60
5,2012-07-20,321205.12,0,81.05,3.31,222.52,5.60
5,2012-07-27,306827.36,0,85.06,3.41,222.53,5.60
5,2012-08-03,324195.17,0,86.91,3.42,222.54,5.60
5,2012-08-10,306759.70,0,86.96,3.49,222.55,5.60
5,2012-08-17,314014.18,0,87.52,3.57,222.63,5.60
5,2012-08-24,320831.36,0,79.45,3.62,222.76,5.60
5,2012-08-31,344642.01,0,84.25,3.64,222.90,5.60
5,2012-09-07,350648.91,1,86.30,3.73,223.03,5.60
5,2012-09-14,299800.67,0,76.65,3.72,223.17,5.60
5,2012-09-21,307306.76,0,71.09,3.72,223.37,5.60
5,2012-09-28,310141.68,0,78.33,3.67,223.57,5.60
5,2012-10-05,343048.29,0,71.17,3.62,223.77,5.42
5,2012-10-12,325345.41,0,66.24,3.60,223.97,5.42
5,2012-10-19,313358.15,0,69.17,3.59,224.02,5.42
5,2012-10-26,319550.77,0,71.70,3.51,224.04,5.42
6,2010-02-05,1652635.10,0,40.43,2.57,212.62,7.26
6,2010-02-12,1606283.86,1,40.57,2.55,212.77,7.26
6,2010-02-19,1567138.07,0,43.58,2.51,212.82,7.26
6,2010-02-26,1432953.21,0,47.10,2.56,212.85,7.26
6,2010-03-05,1601348.82,0,49.63,2.63,212.87,7.26
6,2010-03-12,1558621.36,0,58.82,2.67,212.90,7.26
6,2010-03-19,1693058.91,0,56.55,2.72,212.74,7.26
6,2010-03-26,1472033.38,0,53.74,2.73,212.53,7.26
6,2010-04-02,1770333.90,0,64.94,2.72,212.33,7.09
6,2010-04-09,1667181.82,0,66.15,2.77,212.13,7.09
6,2010-04-16,1519846.36,0,65.68,2.81,211.99,7.09
6,2010-04-23,1540435.99,0,64.11,2.80,211.94,7.09
6,2010-04-30,1498080.16,0,68.91,2.78,211.89,7.09
6,2010-05-07,1619920.04,0,73.68,2.84,211.84,7.09
6,2010-05-14,1524059.40,0,74.95,2.85,211.84,7.09
6,2010-05-21,1531938.44,0,74.80,2.83,212.13,7.09
6,2010-05-28,1644470.66,0,78.89,2.76,212.41,7.09
6,2010-06-04,1857380.09,0,79.44,2.71,212.70,7.09
6,2010-06-11,1685652.35,0,81.81,2.67,212.98,7.09
6,2010-06-18,1677248.24,0,83.89,2.64,212.98,7.09
6,2010-06-25,1640681.88,0,84.20,2.65,212.86,7.09
6,2010-07-02,1759777.25,0,80.34,2.67,212.75,6.97
6,2010-07-09,1690317.99,0,80.93,2.64,212.63,6.97
6,2010-07-16,1560120.80,0,83.75,2.62,212.62,6.97
6,2010-07-23,1585240.92,0,83.90,2.61,212.76,6.97
6,2010-07-30,1532308.78,0,81.37,2.64,212.89,6.97
6,2010-08-06,1633241.59,0,86.61,2.63,213.03,6.97
6,2010-08-13,1547654.98,0,86.83,2.69,213.17,6.97
6,2010-08-20,1539930.50,0,87.36,2.66,213.13,6.97
6,2010-08-27,1450766.12,0,85.71,2.62,213.09,6.97
6,2010-09-03,1510925.32,0,82.15,2.58,213.05,6.97
6,2010-09-10,1424225.44,1,78.78,2.57,213.01,6.97
6,2010-09-17,1308537.75,0,81.78,2.58,213.04,6.97
6,2010-09-24,1275591.84,0,76.49,2.62,213.12,6.97
6,2010-10-01,1328468.89,0,70.69,2.60,213.19,7.01
6,2010-10-08,1360317.90,0,65.21,2.63,213.27,7.01
6,2010-10-15,1344580.92,0,68.93,2.72,213.33,7.01
6,2010-10-22,1332716.53,0,70.97,2.73,213.38,7.01
6,2010-10-29,1385323.70,0,70.39,2.72,213.43,7.01
6,2010-11-05,1505442.15,0,59.90,2.69,213.48,7.01
6,2010-11-12,1495536.46,0,62.11,2.73,213.53,7.01
6,2010-11-19,1518841.45,0,52.99,2.77,213.41,7.01
6,2010-11-26,2267452.40,1,65.79,2.74,213.27,7.01
6,2010-12-03,1677067.24,0,52.30,2.71,213.12,7.01
6,2010-12-10,1834737.58,0,48.46,2.84,212.98,7.01
6,2010-12-17,2090268.95,0,52.24,2.87,212.92,7.01
6,2010-12-24,2727575.18,0,55.07,2.89,212.92,7.01
6,2010-12-31,1464050.02,1,49.14,2.94,212.91,7.01
6,2011-01-07,1350441.68,0,47.78,2.98,212.91,6.86
6,2011-01-14,1306194.55,0,38.37,2.98,212.97,6.86
6,2011-01-21,1261253.18,0,46.20,3.02,213.34,6.86
6,2011-01-28,1287034.70,0,44.98,3.01,213.71,6.86
6,2011-02-04,1514999.17,0,40.59,2.99,214.09,6.86
6,2011-02-11,1486920.17,1,39.38,3.02,214.46,6.86
6,2011-02-18,1572117.54,0,59.61,3.05,214.78,6.86
6,2011-02-25,1422600.43,0,62.86,3.07,215.07,6.86
6,2011-03-04,1502617.99,0,60.45,3.29,215.36,6.86
6,2011-03-11,1494497.39,0,57.71,3.46,215.65,6.86
6,2011-03-18,1685375.47,0,65.07,3.49,215.90,6.86
6,2011-03-25,1438465.81,0,70.83,3.47,216.14,6.86
6,2011-04-01,1459276.77,0,62.25,3.52,216.38,6.86
6,2011-04-08,1534594.00,0,70.35,3.62,216.62,6.86
6,2011-04-15,1448797.02,0,73.17,3.74,216.84,6.86
6,2011-04-22,1639358.93,0,74.24,3.81,217.01,6.86
6,2011-04-29,1479249.90,0,75.27,3.81,217.18,6.86
6,2011-05-06,1504651.57,0,65.42,3.91,217.35,6.86
6,2011-05-13,1453185.65,0,76.95,3.90,217.52,6.86
6,2011-05-20,1382783.83,0,72.01,3.91,217.29,6.86
6,2011-05-27,1523979.11,0,80.83,3.79,217.05,6.86
6,2011-06-03,1705506.29,0,84.01,3.70,216.82,6.86
6,2011-06-10,1598643.65,0,84.49,3.65,216.58,6.86
6,2011-06-17,1622150.33,0,87.08,3.64,216.54,6.86
6,2011-06-24,1543365.90,0,85.51,3.59,216.63,6.86
6,2011-07-01,1694551.15,0,87.00,3.52,216.73,6.93
6,2011-07-08,1709373.62,0,88.36,3.48,216.82,6.93
6,2011-07-15,1526801.24,0,88.93,3.58,216.90,6.93
6,2011-07-22,1526506.08,0,88.06,3.65,216.96,6.93
6,2011-07-29,1483991.05,0,90.22,3.68,217.02,6.93
6,2011-08-05,1601584.57,0,91.46,3.68,217.08,6.93
6,2011-08-12,1484995.38,0,90.49,3.64,217.14,6.93
6,2011-08-19,1493544.04,0,89.26,3.55,217.21,6.93
6,2011-08-26,1420405.41,0,90.07,3.52,217.27,6.93
6,2011-09-02,1481618.74,0,91.22,3.53,217.33,6.93
6,2011-09-09,1483574.38,1,80.21,3.55,217.40,6.93
6,2011-09-16,1351407.79,0,84.94,3.53,217.58,6.93
6,2011-09-23,1336044.75,0,78.49,3.47,217.92,6.93
6,2011-09-30,1307551.92,0,82.51,3.36,218.26,6.93
6,2011-10-07,1481739.20,0,74.10,3.29,218.60,6.55
6,2011-10-14,1386520.99,0,71.24,3.27,218.91,6.55
6,2011-10-21,1417922.37,0,68.53,3.35,219.07,6.55
6,2011-10-28,1419445.12,0,69.51,3.37,219.24,6.55
6,2011-11-04,1523420.38,0,58.54,3.33,219.40,6.55
6,2011-11-11,1536176.54,0,61.33,3.30,219.56,6.55
6,2011-11-18,1524390.07,0,63.89,3.31,219.79,6.55
6,2011-11-25,2249811.55,1,62.78,3.24,220.04,6.55
6,2011-12-02,1688531.34,0,51.18,3.17,220.29,6.55
6,2011-12-09,1903385.14,0,43.64,3.16,220.55,6.55
6,2011-12-16,2034695.56,0,53.27,3.16,220.77,6.55
6,2011-12-23,2644633.02,0,49.45,3.11,220.95,6.55
6,2011-12-30,1598080.52,1,46.80,3.13,221.13,6.55
6,2012-01-06,1395339.71,0,50.82,3.16,221.31,6.13
6,2012-01-13,1344243.17,0,48.33,3.26,221.49,6.13
6,2012-01-20,1326255.70,0,55.37,3.27,221.58,6.13
6,2012-01-27,1315610.66,0,53.95,3.29,221.68,6.13
6,2012-02-03,1496305.78,0,57.45,3.36,221.77,6.13
6,2012-02-10,1620603.92,1,48.58,3.41,221.86,6.13
6,2012-02-17,1632616.09,0,49.03,3.51,222.03,6.13
6,2012-02-24,1465187.71,0,59.17,3.56,222.24,6.13
6,2012-03-02,1550385.65,0,60.32,3.63,222.45,6.13
6,2012-03-09,1569304.40,0,57.89,3.67,222.67,6.13
6,2012-03-16,1748010.29,0,62.80,3.73,222.82,6.13
6,2012-03-23,1495143.62,0,63.71,3.79,222.89,6.13
6,2012-03-30,1508933.26,0,67.91,3.85,222.97,6.13
6,2012-04-06,1840131.19,0,71.60,3.89,223.04,5.96
6,2012-04-13,1616394.45,0,71.29,3.89,223.12,5.96
6,2012-04-20,1456073.24,0,68.64,3.88,223.17,5.96
6,2012-04-27,1456221.10,0,71.50,3.81,223.23,5.96
6,2012-05-04,1543461.12,0,77.66,3.75,223.28,5.96
6,2012-05-11,1517075.67,0,72.66,3.69,223.33,5.96
6,2012-05-18,1513635.64,0,70.50,3.63,223.35,5.96
6,2012-05-25,1603793.42,0,78.47,3.56,223.35,5.96
6,2012-06-01,1681121.38,0,80.39,3.50,223.35,5.96
6,2012-06-08,1696619.52,0,80.50,3.45,223.36,5.96
6,2012-06-15,1642247.48,0,82.10,3.39,223.37,5.96
6,2012-06-22,1618272.25,0,81.20,3.35,223.41,5.96
6,2012-06-29,1648863.46,0,87.35,3.29,223.45,5.96
6,2012-07-06,1876359.39,0,82.95,3.23,223.49,5.67
6,2012-07-13,1588142.26,0,80.27,3.26,223.53,5.67
6,2012-07-20,1574361.97,0,81.57,3.31,223.54,5.67
6,2012-07-27,1513229.16,0,85.78,3.41,223.55,5.67
6,2012-08-03,1627274.93,0,87.55,3.42,223.56,5.67
6,2012-08-10,1588380.73,0,87.04,3.49,223.57,5.67
6,2012-08-17,1543049.52,0,87.53,3.57,223.65,5.67
6,2012-08-24,1501095.49,0,79.03,3.62,223.79,5.67
6,2012-08-31,1577439.81,0,83.58,3.64,223.92,5.67
6,2012-09-07,1608077.01,1,86.33,3.73,224.06,5.67
6,2012-09-14,1375166.86,0,76.41,3.72,224.20,5.67
6,2012-09-21,1425603.65,0,70.81,3.72,224.40,5.67
6,2012-09-28,1369131.46,0,77.82,3.67,224.60,5.67
6,2012-10-05,1518177.71,0,70.84,3.62,224.80,5.33
6,2012-10-12,1459396.84,0,65.43,3.60,225.01,5.33
6,2012-10-19,1436883.99,0,69.68,3.59,225.05,5.33
6,2012-10-26,1431426.34,0,72.34,3.51,225.07,5.33
7,2010-02-05,496725.44,0,10.53,2.58,189.38,9.01
7,2010-02-12,524104.92,1,25.90,2.57,189.46,9.01
7,2010-02-19,506760.54,0,27.28,2.55,189.53,9.01
7,2010-02-26,496083.24,0,24.91,2.59,189.60,9.01
7,2010-03-05,491419.55,0,35.86,2.62,189.67,9.01
7,2010-03-12,480452.10,0,27.25,2.68,189.74,9.01
7,2010-03-19,574450.23,0,29.04,2.69,189.73,9.01
7,2010-03-26,514731.60,0,23.33,2.72,189.72,9.01
7,2010-04-02,561145.14,0,38.26,2.73,189.70,8.96
7,2010-04-09,484263.25,0,33.79,2.75,189.69,8.96
7,2010-04-16,406228.19,0,41.89,2.77,189.66,8.96
7,2010-04-23,404751.25,0,43.07,2.78,189.62,8.96
7,2010-04-30,373655.61,0,38.99,2.77,189.58,8.96
7,2010-05-07,395453.83,0,40.07,2.77,189.53,8.96
7,2010-05-14,372673.61,0,41.41,2.79,189.49,8.96
7,2010-05-21,395195.65,0,46.60,2.78,189.47,8.96
7,2010-05-28,442734.55,0,54.24,2.74,189.45,8.96
7,2010-06-04,509183.22,0,53.63,2.70,189.42,8.96
7,2010-06-11,498580.87,0,63.59,2.68,189.40,8.96
7,2010-06-18,481144.09,0,52.70,2.67,189.42,8.96
7,2010-06-25,553714.87,0,59.94,2.72,189.45,8.96
7,2010-07-02,575570.77,0,61.31,2.73,189.49,9.02
7,2010-07-09,593462.34,0,58.00,2.71,189.52,9.02
7,2010-07-16,557166.35,0,62.19,2.70,189.61,9.02
7,2010-07-23,570231.21,0,64.64,2.69,189.77,9.02
7,2010-07-30,603547.16,0,66.07,2.69,189.94,9.02
7,2010-08-06,643854.17,0,61.70,2.69,190.10,9.02
7,2010-08-13,598185.40,0,60.13,2.72,190.26,9.02
7,2010-08-20,582353.17,0,59.59,2.73,190.29,9.02
7,2010-08-27,554309.24,0,57.57,2.73,190.33,9.02
7,2010-09-03,532765.05,0,49.84,2.77,190.36,9.02
7,2010-09-10,535769.32,1,48.50,2.78,190.40,9.02
7,2010-09-17,489408.53,0,48.56,2.80,190.47,9.02
7,2010-09-24,488008.83,0,47.55,2.79,190.57,9.02
7,2010-10-01,448998.73,0,49.99,2.76,190.67,9.14
7,2010-10-08,480239.88,0,44.13,2.75,190.78,9.14
7,2010-10-15,463370.48,0,35.86,2.76,190.86,9.14
7,2010-10-22,472450.81,0,36.84,2.76,190.91,9.14
7,2010-10-29,465493.15,0,34.78,2.75,190.95,9.14
7,2010-11-05,480512.44,0,49.44,2.73,191.00,9.14
7,2010-11-12,507584.29,0,22.12,2.74,191.04,9.14
7,2010-11-19,482528.36,0,25.56,2.76,191.03,9.14
7,2010-11-26,835189.26,1,17.95,2.74,191.01,9.14
7,2010-12-03,552811.62,0,21.88,2.71,190.99,9.14
7,2010-12-10,599730.07,0,24.24,2.73,190.97,9.14
7,2010-12-17,716388.81,0,20.74,2.78,191.03,9.14
7,2010-12-24,1045124.88,0,26.04,2.78,191.14,9.14
7,2010-12-31,729572.08,1,13.76,2.83,191.26,9.14
7,2011-01-07,661163.94,0,10.09,2.88,191.37,8.82
7,2011-01-14,547384.90,0,11.32,2.91,191.48,8.82
7,2011-01-21,521539.46,0,25.40,2.97,191.57,8.82
7,2011-01-28,513372.17,0,10.11,3.01,191.67,8.82
7,2011-02-04,558027.77,0,-2.06,3.01,191.76,8.82
7,2011-02-11,559903.13,1,10.24,3.04,191.86,8.82
7,2011-02-18,572387.47,0,17.30,3.05,191.92,8.82
7,2011-02-25,546690.84,0,17.46,3.10,191.96,8.82
7,2011-03-04,551378.39,0,21.84,3.23,192.01,8.82
7,2011-03-11,558963.83,0,20.70,3.37,192.06,8.82
7,2011-03-18,635014.69,0,27.69,3.41,192.12,8.82
7,2011-03-25,559061.58,0,25.69,3.41,192.20,8.82
7,2011-04-01,513409.67,0,24.83,3.46,192.27,8.60
7,2011-04-08,500552.16,0,30.64,3.53,192.34,8.60
7,2011-04-15,423380.14,0,27.79,3.61,192.42,8.60
7,2011-04-22,466594.89,0,31.84,3.64,192.52,8.60
7,2011-04-29,410429.73,0,26.79,3.66,192.62,8.60
7,2011-05-06,407012.47,0,26.54,3.74,192.73,8.60
7,2011-05-13,414094.05,0,36.61,3.77,192.83,8.60
7,2011-05-20,424670.98,0,36.16,3.83,192.83,8.60
7,2011-05-27,457216.87,0,37.51,3.80,192.84,8.60
7,2011-06-03,542295.37,0,45.77,3.76,192.84,8.60
7,2011-06-10,621099.95,0,53.30,3.74,192.85,8.60
7,2011-06-17,610991.35,0,48.79,3.70,192.90,8.60
7,2011-06-24,640043.97,0,46.85,3.66,193.00,8.60
7,2011-07-01,704344.21,0,58.54,3.60,193.09,8.62
7,2011-07-08,761793.94,0,59.08,3.54,193.19,8.62
7,2011-07-15,642748.21,0,54.37,3.53,193.31,8.62
7,2011-07-22,688043.96,0,56.22,3.55,193.51,8.62
7,2011-07-29,653382.62,0,56.66,3.55,193.71,8.62
7,2011-08-05,695392.84,0,55.91,3.55,193.91,8.62
7,2011-08-12,670670.46,0,54.56,3.54,194.11,8.62
7,2011-08-19,645156.21,0,56.06,3.50,194.25,8.62
7,2011-08-26,629994.47,0,57.60,3.49,194.38,8.62
7,2011-09-02,592355.24,0,53.40,3.51,194.51,8.62
7,2011-09-09,613135.23,1,45.61,3.57,194.64,8.62
7,2011-09-16,558981.45,0,43.67,3.60,194.74,8.62
7,2011-09-23,536144.81,0,43.67,3.58,194.81,8.62
7,2011-09-30,488880.26,0,47.34,3.54,194.88,8.62
7,2011-10-07,525866.36,0,40.65,3.50,194.95,8.51
7,2011-10-14,501959.19,0,32.65,3.49,195.03,8.51
7,2011-10-21,558691.43,0,37.49,3.55,195.18,8.51
7,2011-10-28,527339.52,0,28.82,3.55,195.33,8.51
7,2011-11-04,564536.01,0,23.41,3.53,195.48,8.51
7,2011-11-11,556015.59,0,19.53,3.51,195.64,8.51
7,2011-11-18,539826.56,0,29.53,3.48,195.72,8.51
7,2011-11-25,949075.87,1,27.60,3.42,195.77,8.51
7,2011-12-02,591907.88,0,20.38,3.38,195.82,8.51
7,2011-12-09,653845.45,0,11.17,3.33,195.87,8.51
7,2011-12-16,720242.19,0,15.20,3.27,195.98,8.51
7,2011-12-23,1059715.27,0,12.19,3.17,196.17,8.51
7,2011-12-30,815915.52,1,15.56,3.12,196.36,8.51
7,2012-01-06,713117.66,0,18.67,3.10,196.55,8.26
7,2012-01-13,593875.46,0,7.46,3.08,196.73,8.26
7,2012-01-20,578002.85,0,27.41,3.06,196.78,8.26
7,2012-01-27,541037.98,0,26.90,3.04,196.83,8.26
7,2012-02-03,580453.32,0,22.20,3.03,196.87,8.26
7,2012-02-10,563460.77,1,18.79,3.10,196.92,8.26
7,2012-02-17,620908.18,0,27.03,3.11,196.94,8.26
7,2012-02-24,603041.14,0,24.41,3.13,196.95,8.26
7,2012-03-02,551058.13,0,21.64,3.19,196.96,8.26
7,2012-03-09,579166.50,0,30.10,3.29,196.96,8.26
7,2012-03-16,669205.73,0,37.29,3.49,197.05,8.26
7,2012-03-23,615997.29,0,35.06,3.66,197.23,8.26
7,2012-03-30,583322.20,0,44.99,3.75,197.41,8.26
7,2012-04-06,621425.98,0,44.29,3.85,197.60,8.09
7,2012-04-13,517420.23,0,41.43,3.90,197.78,8.09
7,2012-04-20,457340.06,0,39.30,3.94,197.72,8.09
7,2012-04-27,467827.75,0,51.49,3.93,197.66,8.09
7,2012-05-04,465198.89,0,45.38,3.90,197.61,8.09
7,2012-05-11,460397.41,0,48.54,3.87,197.55,8.09
7,2012-05-18,468428.30,0,49.41,3.84,197.56,8.09
7,2012-05-25,532739.77,0,50.60,3.80,197.59,8.09
7,2012-06-01,598495.02,0,55.06,3.76,197.62,8.09
7,2012-06-08,642963.75,0,63.07,3.74,197.66,8.09
7,2012-06-15,666942.02,0,59.33,3.72,197.69,8.09
7,2012-06-22,687344.68,0,63.69,3.74,197.74,8.09
7,2012-06-29,704335.41,0,68.84,3.69,197.79,8.09
7,2012-07-06,805642.61,0,64.67,3.65,197.83,7.87
7,2012-07-13,694150.89,0,64.21,3.61,197.88,7.87
7,2012-07-20,686345.69,0,62.87,3.59,197.93,7.87
7,2012-07-27,686365.40,0,64.60,3.57,197.98,7.87
7,2012-08-03,680954.81,0,61.83,3.53,198.03,7.87
7,2012-08-10,675926.30,0,63.41,3.51,198.08,7.87
7,2012-08-17,642450.40,0,59.66,3.55,198.10,7.87
7,2012-08-24,609099.37,0,59.27,3.56,198.10,7.87
7,2012-08-31,586467.16,0,60.46,3.56,198.10,7.87
7,2012-09-07,597876.55,1,57.84,3.60,198.10,7.87
7,2012-09-14,541120.20,0,53.66,3.66,198.13,7.87
7,2012-09-21,530842.25,0,51.77,3.77,198.36,7.87
7,2012-09-28,525545.76,0,50.64,3.79,198.59,7.87
7,2012-10-05,505830.56,0,48.43,3.78,198.82,7.56
7,2012-10-12,503463.93,0,41.43,3.76,199.05,7.56
7,2012-10-19,516424.83,0,43.01,3.75,199.15,7.56
7,2012-10-26,495543.28,0,42.53,3.69,199.22,7.56
8,2010-02-05,1004137.09,0,34.14,2.57,214.47,6.30
8,2010-02-12,994801.40,1,33.34,2.55,214.62,6.30
8,2010-02-19,963960.37,0,39.10,2.51,214.67,6.30
8,2010-02-26,847592.11,0,37.91,2.56,214.69,6.30
8,2010-03-05,881503.95,0,45.64,2.63,214.72,6.30
8,2010-03-12,860336.16,0,49.76,2.67,214.75,6.30
8,2010-03-19,839911.00,0,47.26,2.72,214.58,6.30
8,2010-03-26,772539.12,0,46.51,2.73,214.37,6.30
8,2010-04-02,914500.91,0,60.18,2.72,214.16,6.29
8,2010-04-09,916033.92,0,59.25,2.77,213.96,6.29
8,2010-04-16,882917.12,0,62.66,2.81,213.82,6.29
8,2010-04-23,850440.26,0,56.10,2.80,213.77,6.29
8,2010-04-30,778672.64,0,61.01,2.78,213.72,6.29
8,2010-05-07,916820.96,0,62.68,2.84,213.67,6.29
8,2010-05-14,873337.84,0,61.35,2.85,213.67,6.29
8,2010-05-21,818333.21,0,66.03,2.83,213.96,6.29
8,2010-05-28,868041.56,0,74.71,2.76,214.25,6.29
8,2010-06-04,958225.41,0,75.71,2.71,214.54,6.29
8,2010-06-11,914835.86,0,82.21,2.67,214.83,6.29
8,2010-06-18,869922.56,0,78.79,2.64,214.83,6.29
8,2010-06-25,814919.11,0,81.78,2.65,214.71,6.29
8,2010-07-02,852333.75,0,74.78,2.67,214.59,6.32
8,2010-07-09,845289.77,0,72.49,2.64,214.47,6.32
8,2010-07-16,848630.57,0,77.49,2.62,214.46,6.32
8,2010-07-23,785515.88,0,78.29,2.61,214.60,6.32
8,2010-07-30,787295.09,0,76.02,2.64,214.74,6.32
8,2010-08-06,893399.77,0,80.37,2.63,214.88,6.32
8,2010-08-13,867919.21,0,80.11,2.69,215.02,6.32
8,2010-08-20,870676.44,0,79.36,2.66,214.98,6.32
8,2010-08-27,888816.78,0,74.92,2.62,214.94,6.32
8,2010-09-03,899036.47,0,76.14,2.58,214.89,6.32
8,2010-09-10,831425.20,1,74.34,2.57,214.85,6.32
8,2010-09-17,836707.85,0,75.32,2.58,214.88,6.32
8,2010-09-24,773725.08,0,72.21,2.62,214.95,6.32
8,2010-10-01,804105.49,0,68.70,2.60,215.03,6.43
8,2010-10-08,870349.86,0,62.94,2.63,215.11,6.43
8,2010-10-15,826546.96,0,62.59,2.72,215.18,6.43
8,2010-10-22,836419.14,0,62.86,2.73,215.22,6.43
8,2010-10-29,830756.76,0,57.93,2.72,215.27,6.43
8,2010-11-05,927266.34,0,55.76,2.69,215.32,6.43
8,2010-11-12,911538.98,0,54.89,2.73,215.37,6.43
8,2010-11-19,885608.04,0,43.86,2.77,215.25,6.43
8,2010-11-26,1261693.16,1,51.07,2.74,215.11,6.43
8,2010-12-03,952766.93,0,42.85,2.71,214.96,6.43
8,2010-12-10,1069061.63,0,42.47,2.84,214.82,6.43
8,2010-12-17,1220579.55,0,45.03,2.87,214.75,6.43
8,2010-12-24,1511641.09,0,45.67,2.89,214.75,6.43
8,2010-12-31,773586.49,1,41.47,2.94,214.74,6.43
8,2011-01-07,873065.23,0,35.77,2.98,214.74,6.26
8,2011-01-14,809646.66,0,31.62,2.98,214.79,6.26
8,2011-01-21,822668.23,0,42.06,3.02,215.17,6.26
8,2011-01-28,782256.66,0,39.26,3.01,215.55,6.26
8,2011-02-04,944594.78,0,24.48,2.99,215.93,6.26
8,2011-02-11,996147.39,1,28.26,3.02,216.31,6.26
8,2011-02-18,1065108.64,0,50.64,3.05,216.63,6.26
8,2011-02-25,917317.15,0,51.29,3.07,216.92,6.26
8,2011-03-04,935266.43,0,53.18,3.29,217.22,6.26
8,2011-03-11,900387.29,0,49.14,3.46,217.51,6.26
8,2011-03-18,898289.14,0,56.68,3.49,217.77,6.26
8,2011-03-25,827968.36,0,59.74,3.47,218.01,6.26
8,2011-04-01,878762.30,0,49.86,3.52,218.26,6.30
8,2011-04-08,949825.83,0,65.62,3.62,218.50,6.30
8,2011-04-15,908278.74,0,63.55,3.74,218.73,6.30
8,2011-04-22,937473.13,0,65.11,3.81,218.90,6.30
8,2011-04-29,855014.77,0,62.29,3.81,219.07,6.30
8,2011-05-06,941457.34,0,58.92,3.91,219.24,6.30
8,2011-05-13,895763.41,0,72.96,3.90,219.42,6.30
8,2011-05-20,836049.89,0,65.54,3.91,219.17,6.30
8,2011-05-27,857939.41,0,73.14,3.79,218.93,6.30
8,2011-06-03,929222.16,0,82.05,3.70,218.69,6.30
8,2011-06-10,897309.41,0,82.21,3.65,218.45,6.30
8,2011-06-17,922048.41,0,84.73,3.64,218.40,6.30
8,2011-06-24,864881.24,0,83.94,3.59,218.50,6.30
8,2011-07-01,883683.35,0,87.26,3.52,218.59,6.43
8,2011-07-08,861965.12,0,83.57,3.48,218.69,6.43
8,2011-07-15,849925.37,0,84.26,3.58,218.77,6.43
8,2011-07-22,829902.42,0,85.46,3.65,218.83,6.43
8,2011-07-29,807082.19,0,86.46,3.68,218.89,6.43
8,2011-08-05,892393.77,0,85.15,3.68,218.95,6.43
8,2011-08-12,856796.10,0,86.05,3.64,219.01,6.43
8,2011-08-19,895066.50,0,82.92,3.55,219.07,6.43
8,2011-08-26,912542.82,0,84.69,3.52,219.13,6.43
8,2011-09-02,891387.14,0,84.77,3.53,219.20,6.43
8,2011-09-09,848358.09,1,69.01,3.55,219.26,6.43
8,2011-09-16,870971.82,0,69.09,3.53,219.44,6.43
8,2011-09-23,806444.29,0,68.72,3.47,219.79,6.43
8,2011-09-30,809049.37,0,72.20,3.36,220.13,6.43
8,2011-10-07,929976.55,0,67.61,3.29,220.48,6.12
8,2011-10-14,863188.26,0,61.74,3.27,220.80,6.12
8,2011-10-21,905984.49,0,59.97,3.35,220.96,6.12
8,2011-10-28,876712.31,0,56.86,3.37,221.13,6.12
8,2011-11-04,947815.05,0,49.68,3.33,221.29,6.12
8,2011-11-11,917088.48,0,50.56,3.30,221.46,6.12
8,2011-11-18,897032.19,0,51.72,3.31,221.69,6.12
8,2011-11-25,1235163.86,1,49.61,3.24,221.95,6.12
8,2011-12-02,986601.46,0,40.82,3.17,222.21,6.12
8,2011-12-09,1051922.95,0,30.51,3.16,222.47,6.12
8,2011-12-16,1118163.94,0,39.79,3.16,222.69,6.12
8,2011-12-23,1462254.05,0,38.16,3.11,222.87,6.12
8,2011-12-30,858572.22,1,36.33,3.13,223.06,6.12
8,2012-01-06,872113.23,0,43.47,3.16,223.24,5.83
8,2012-01-13,817661.76,0,36.46,3.26,223.42,5.83
8,2012-01-20,813954.82,0,46.81,3.27,223.52,5.83
8,2012-01-27,778178.53,0,45.52,3.29,223.61,5.83
8,2012-02-03,927610.69,0,45.56,3.36,223.71,5.83
8,2012-02-10,1021400.42,1,35.71,3.41,223.80,5.83
8,2012-02-17,1096232.89,0,37.51,3.51,223.97,5.83
8,2012-02-24,928537.54,0,46.33,3.56,224.18,5.83
8,2012-03-02,952264.91,0,50.95,3.63,224.40,5.83
8,2012-03-09,960115.56,0,49.59,3.67,224.61,5.83
8,2012-03-16,921178.39,0,56.63,3.73,224.77,5.83
8,2012-03-23,874223.25,0,52.90,3.79,224.84,5.83
8,2012-03-30,905935.29,0,66.69,3.85,224.91,5.83
8,2012-04-06,1046816.59,0,62.18,3.89,224.99,5.68
8,2012-04-13,909989.45,0,65.19,3.89,225.06,5.68
8,2012-04-20,872288.46,0,63.59,3.88,225.12,5.68
8,2012-04-27,879448.25,0,70.34,3.81,225.17,5.68
8,2012-05-04,937232.09,0,73.96,3.75,225.23,5.68
8,2012-05-11,920128.89,0,64.96,3.69,225.28,5.68
8,2012-05-18,913922.01,0,64.16,3.63,225.30,5.68
8,2012-05-25,895157.44,0,76.11,3.56,225.30,5.68
8,2012-06-01,921161.20,0,78.31,3.50,225.30,5.68
8,2012-06-08,928820.00,0,74.28,3.45,225.30,5.68
8,2012-06-15,916918.70,0,77.14,3.39,225.31,5.68
8,2012-06-22,899449.65,0,78.85,3.35,225.36,5.68
8,2012-06-29,878298.22,0,84.47,3.29,225.40,5.68
8,2012-07-06,936205.50,0,81.24,3.23,225.44,5.40
8,2012-07-13,890488.01,0,78.46,3.26,225.48,5.40
8,2012-07-20,888834.07,0,79.94,3.31,225.49,5.40
8,2012-07-27,838227.52,0,81.71,3.41,225.50,5.40
8,2012-08-03,897076.73,0,85.06,3.42,225.51,5.40
8,2012-08-10,930745.69,0,83.74,3.49,225.52,5.40
8,2012-08-17,896613.19,0,81.21,3.57,225.61,5.40
8,2012-08-24,936373.65,0,73.77,3.62,225.74,5.40
8,2012-08-31,976137.73,0,75.33,3.64,225.88,5.40
8,2012-09-07,932160.37,1,80.87,3.73,226.02,5.40
8,2012-09-14,883569.38,0,67.21,3.72,226.16,5.40
8,2012-09-21,857796.45,0,66.96,3.72,226.36,5.40
8,2012-09-28,884724.41,0,71.10,3.67,226.57,5.40
8,2012-10-05,976436.02,0,61.41,3.62,226.77,5.12
8,2012-10-12,927511.99,0,55.03,3.60,226.97,5.12
8,2012-10-19,900309.75,0,62.99,3.59,227.02,5.12
8,2012-10-26,891671.44,0,64.74,3.51,227.04,5.12
9,2010-02-05,549505.55,0,38.01,2.57,214.66,6.42
9,2010-02-12,552677.48,1,37.08,2.55,214.81,6.42
9,2010-02-19,511327.90,0,43.06,2.51,214.85,6.42
9,2010-02-26,473773.27,0,43.83,2.56,214.88,6.42
9,2010-03-05,507297.88,0,48.43,2.63,214.91,6.42
9,2010-03-12,494145.80,0,55.76,2.67,214.93,6.42
9,2010-03-19,485744.61,0,53.15,2.72,214.76,6.42
9,2010-03-26,484946.56,0,51.80,2.73,214.55,6.42
9,2010-04-02,545206.32,0,65.21,2.72,214.35,6.38
9,2010-04-09,529384.31,0,64.95,2.77,214.14,6.38
9,2010-04-16,485764.32,0,66.09,2.81,214.00,6.38
9,2010-04-23,488683.57,0,61.26,2.80,213.95,6.38
9,2010-04-30,491723.42,0,66.07,2.78,213.90,6.38
9,2010-05-07,526128.61,0,68.58,2.84,213.85,6.38
9,2010-05-14,492792.80,0,70.53,2.85,213.85,6.38
9,2010-05-21,506274.94,0,71.50,2.83,214.14,6.38
9,2010-05-28,558143.53,0,77.12,2.76,214.43,6.38
9,2010-06-04,586061.46,0,79.65,2.71,214.73,6.38
9,2010-06-11,522715.68,0,83.75,2.67,215.02,6.38
9,2010-06-18,513073.87,0,82.99,2.64,215.02,6.38
9,2010-06-25,509263.28,0,85.02,2.65,214.90,6.38
9,2010-07-02,528832.54,0,78.55,2.67,214.78,6.44
9,2010-07-09,485389.15,0,78.51,2.64,214.66,6.44
9,2010-07-16,474030.51,0,82.93,2.62,214.65,6.44
9,2010-07-23,462676.50,0,84.49,2.61,214.79,6.44
9,2010-07-30,468675.19,0,79.83,2.64,214.93,6.44
9,2010-08-06,522815.45,0,87.09,2.63,215.06,6.44
9,2010-08-13,481897.98,0,86.85,2.69,215.20,6.44
9,2010-08-20,499325.38,0,86.30,2.66,215.16,6.44
9,2010-08-27,506789.66,0,84.01,2.62,215.12,6.44
9,2010-09-03,511049.06,0,82.47,2.58,215.08,6.44
9,2010-09-10,484835.20,1,77.70,2.57,215.04,6.44
9,2010-09-17,463448.59,0,81.19,2.58,215.06,6.44
9,2010-09-24,452905.22,0,77.15,2.62,215.14,6.44
9,2010-10-01,495692.19,0,69.08,2.60,215.21,6.56
9,2010-10-08,505069.21,0,65.35,2.63,215.29,6.56
9,2010-10-15,454769.68,0,67.36,2.72,215.36,6.56
9,2010-10-22,466322.76,0,69.99,2.73,215.41,6.56
9,2010-10-29,508801.61,0,64.43,2.72,215.46,6.56
9,2010-11-05,517869.97,0,58.69,2.69,215.51,6.56
9,2010-11-12,520846.68,0,61.59,2.73,215.56,6.56
9,2010-11-19,519823.30,0,49.96,2.77,215.44,6.56
9,2010-11-26,768070.53,1,60.18,2.74,215.29,6.56
9,2010-12-03,578164.82,0,49.89,2.71,215.14,6.56
9,2010-12-10,618121.82,0,46.10,2.84,215.00,6.56
9,2010-12-17,685243.20,0,49.70,2.87,214.93,6.56
9,2010-12-24,873347.55,0,50.93,2.89,214.93,6.56
9,2010-12-31,459770.85,1,45.92,2.94,214.93,6.56
9,2011-01-07,490981.78,0,41.82,2.98,214.92,6.42
9,2011-01-14,458086.69,0,36.43,2.98,214.97,6.42
9,2011-01-21,454021.69,0,44.72,3.02,215.36,6.42
9,2011-01-28,463561.48,0,43.90,3.01,215.74,6.42
9,2011-02-04,544612.28,0,31.82,2.99,216.12,6.42
9,2011-02-11,555279.02,1,34.13,3.02,216.50,6.42
9,2011-02-18,610985.56,0,58.50,3.05,216.82,6.42
9,2011-02-25,513107.20,0,59.01,3.07,217.11,6.42
9,2011-03-04,542016.18,0,60.67,3.29,217.40,6.42
9,2011-03-11,517783.50,0,54.75,3.46,217.70,6.42
9,2011-03-18,515226.11,0,63.82,3.49,217.96,6.42
9,2011-03-25,497488.40,0,68.79,3.47,218.20,6.42
9,2011-04-01,520962.14,0,56.12,3.52,218.45,6.38
9,2011-04-08,561625.92,0,71.40,3.62,218.69,6.38
9,2011-04-15,528420.28,0,71.90,3.74,218.91,6.38
9,2011-04-22,549502.11,0,72.35,3.81,219.09,6.38
9,2011-04-29,532226.20,0,70.85,3.81,219.26,6.38
9,2011-05-06,545251.10,0,62.20,3.91,219.43,6.38
9,2011-05-13,539126.00,0,77.66,3.90,219.60,6.38
9,2011-05-20,518266.90,0,70.49,3.91,219.36,6.38
9,2011-05-27,553834.04,0,80.42,3.79,219.12,6.38
9,2011-06-03,587004.29,0,85.80,3.70,218.88,6.38
9,2011-06-10,550076.32,0,85.81,3.65,218.64,6.38
9,2011-06-17,558671.14,0,89.15,3.64,218.59,6.38
9,2011-06-24,538745.93,0,86.74,3.59,218.68,6.38
9,2011-07-01,537064.03,0,89.14,3.52,218.78,6.40
9,2011-07-08,535983.13,0,89.04,3.48,218.88,6.40
9,2011-07-15,512834.04,0,90.45,3.58,218.96,6.40
9,2011-07-22,491449.94,0,89.08,3.65,219.02,6.40
9,2011-07-29,471449.98,0,91.10,3.68,219.08,6.40
9,2011-08-05,554879.67,0,91.52,3.68,219.13,6.40
9,2011-08-12,520284.79,0,91.63,3.64,219.19,6.40
9,2011-08-19,540819.44,0,85.80,3.55,219.26,6.40
9,2011-08-26,542663.53,0,88.95,3.52,219.32,6.40
9,2011-09-02,544643.33,0,89.33,3.53,219.38,6.40
9,2011-09-09,528784.86,1,75.65,3.55,219.45,6.40
9,2011-09-16,500274.03,0,77.95,3.53,219.63,6.40
9,2011-09-23,506743.78,0,74.42,3.47,219.97,6.40
9,2011-09-30,508567.04,0,78.45,3.36,220.32,6.40
9,2011-10-07,553836.98,0,72.62,3.29,220.66,6.05
9,2011-10-14,529515.66,0,67.27,3.27,220.98,6.05
9,2011-10-21,557075.21,0,65.46,3.35,221.15,6.05
9,2011-10-28,548527.49,0,63.96,3.37,221.32,6.05
9,2011-11-04,597855.07,0,54.46,3.33,221.48,6.05
9,2011-11-11,594574.12,0,58.28,3.30,221.65,6.05
9,2011-11-18,542414.27,0,58.80,3.31,221.88,6.05
9,2011-11-25,814753.50,1,54.32,3.24,222.14,6.05
9,2011-12-02,613115.21,0,46.84,3.17,222.40,6.05
9,2011-12-09,630327.28,0,37.65,3.16,222.66,6.05
9,2011-12-16,705557.97,0,47.31,3.16,222.88,6.05
9,2011-12-23,905324.68,0,44.43,3.11,223.07,6.05
9,2011-12-30,549788.36,1,43.41,3.13,223.25,6.05
9,2012-01-06,519585.67,0,47.54,3.16,223.43,5.67
9,2012-01-13,474964.60,0,42.44,3.26,223.62,5.67
9,2012-01-20,480130.04,0,51.56,3.27,223.71,5.67
9,2012-01-27,482451.21,0,49.38,3.29,223.81,5.67
9,2012-02-03,549967.89,0,54.43,3.36,223.90,5.67
9,2012-02-10,609736.12,1,44.03,3.41,224.00,5.67
9,2012-02-17,658965.05,0,43.81,3.51,224.16,5.67
9,2012-02-24,563578.79,0,53.67,3.56,224.37,5.67
9,2012-03-02,619498.28,0,57.20,3.63,224.59,5.67
9,2012-03-09,574955.95,0,54.03,3.67,224.80,5.67
9,2012-03-16,550373.57,0,59.94,3.73,224.96,5.67
9,2012-03-23,550791.32,0,58.79,3.79,225.03,5.67
9,2012-03-30,574985.37,0,67.87,3.85,225.11,5.67
9,2012-04-06,677885.99,0,68.83,3.89,225.18,5.54
9,2012-04-13,578539.86,0,69.19,3.89,225.26,5.54
9,2012-04-20,542819.03,0,68.04,3.88,225.31,5.54
9,2012-04-27,550414.99,0,73.07,3.81,225.37,5.54
9,2012-05-04,586289.08,0,78.98,3.75,225.42,5.54
9,2012-05-11,592572.30,0,70.94,3.69,225.48,5.54
9,2012-05-18,571463.93,0,69.52,3.63,225.49,5.54
9,2012-05-25,547226.00,0,79.69,3.56,225.49,5.54
9,2012-06-01,583648.59,0,80.26,3.50,225.49,5.54
9,2012-06-08,582525.42,0,78.91,3.45,225.49,5.54
9,2012-06-15,564606.10,0,82.21,3.39,225.51,5.54
9,2012-06-22,562173.12,0,81.05,3.35,225.55,5.54
9,2012-06-29,544770.70,0,87.18,3.29,225.59,5.54
9,2012-07-06,578790.36,0,84.15,3.23,225.63,5.28
9,2012-07-13,536537.64,0,82.39,3.26,225.68,5.28
9,2012-07-20,513991.57,0,83.39,3.31,225.69,5.28
9,2012-07-27,495951.00,0,86.41,3.41,225.70,5.28
9,2012-08-03,533887.54,0,90.23,3.42,225.71,5.28
9,2012-08-10,538713.47,0,88.66,3.49,225.72,5.28
9,2012-08-17,535153.47,0,86.37,3.57,225.80,5.28
9,2012-08-24,572887.78,0,77.90,3.62,225.94,5.28
9,2012-08-31,576879.15,0,80.71,3.64,226.07,5.28
9,2012-09-07,565812.29,1,87.93,3.73,226.21,5.28
9,2012-09-14,523427.35,0,73.55,3.72,226.36,5.28
9,2012-09-21,533756.88,0,69.92,3.72,226.56,5.28
9,2012-09-28,516361.06,0,76.80,3.67,226.76,5.28
9,2012-10-05,606755.30,0,66.61,3.62,226.97,4.95
9,2012-10-12,558464.80,0,60.09,3.60,227.17,4.95
9,2012-10-19,542009.46,0,68.01,3.59,227.21,4.95
9,2012-10-26,549731.49,0,69.52,3.51,227.23,4.95
10,2010-02-05,2193048.75,0,54.34,2.96,126.44,9.77
10,2010-02-12,2176028.52,1,49.96,2.83,126.50,9.77
10,2010-02-19,2113432.58,0,58.22,2.92,126.53,9.77
10,2010-02-26,2006774.96,0,52.77,2.83,126.55,9.77
10,2010-03-05,1987090.09,0,55.92,2.88,126.58,9.77
10,2010-03-12,1941346.13,0,52.33,3.03,126.60,9.77
10,2010-03-19,1946875.06,0,61.46,3.05,126.61,9.77
10,2010-03-26,1893532.46,0,60.05,2.98,126.61,9.77
10,2010-04-02,2138651.97,0,63.66,3.09,126.60,9.52
10,2010-04-09,2041069.37,0,65.29,3.00,126.60,9.52
10,2010-04-16,1826241.44,0,69.74,3.11,126.56,9.52
10,2010-04-23,1829521.83,0,66.42,3.05,126.47,9.52
10,2010-04-30,1790694.59,0,69.76,3.11,126.38,9.52
10,2010-05-07,1921432.16,0,71.06,3.13,126.29,9.52
10,2010-05-14,1808056.41,0,73.88,3.15,126.21,9.52
10,2010-05-21,1847613.58,0,78.32,3.12,126.18,9.52
10,2010-05-28,1904618.17,0,76.67,3.06,126.16,9.52
10,2010-06-04,1931406.28,0,82.82,2.94,126.14,9.52
10,2010-06-11,1827521.71,0,89.67,3.06,126.11,9.52
10,2010-06-18,1837636.24,0,83.49,2.94,126.11,9.52
10,2010-06-25,1768172.31,0,90.32,3.08,126.13,9.52
10,2010-07-02,1845893.87,0,92.89,2.98,126.14,9.20
10,2010-07-09,1769793.37,0,91.03,3.10,126.15,9.20
10,2010-07-16,1828052.47,0,91.80,2.97,126.15,9.20
10,2010-07-23,1831676.03,0,88.44,3.11,126.13,9.20
10,2010-07-30,1832664.03,0,85.03,3.02,126.11,9.20
10,2010-08-06,1949236.09,0,86.13,3.12,126.09,9.20
10,2010-08-13,1962996.70,0,88.37,3.05,126.06,9.20
10,2010-08-20,1983190.56,0,89.88,3.04,126.08,9.20
10,2010-08-27,1727565.42,0,84.99,3.02,126.09,9.20
10,2010-09-03,1766331.45,0,83.80,3.09,126.10,9.20
10,2010-09-10,1720530.23,1,84.04,2.96,126.11,9.20
10,2010-09-17,1716755.78,0,85.52,3.03,126.15,9.20
10,2010-09-24,1655036.75,0,85.75,2.94,126.19,9.20
10,2010-10-01,1645892.97,0,86.01,3.00,126.23,9.00
10,2010-10-08,1772192.42,0,77.04,2.92,126.28,9.00
10,2010-10-15,1703850.25,0,75.48,3.08,126.33,9.00
10,2010-10-22,1740234.06,0,68.12,3.01,126.38,9.00
10,2010-10-29,1741308.56,0,68.76,3.13,126.44,9.00
10,2010-11-05,1832211.96,0,71.04,3.01,126.49,9.00
10,2010-11-12,1895901.59,0,61.24,3.13,126.55,9.00
10,2010-11-19,1949177.13,0,58.83,3.05,126.61,9.00
10,2010-11-26,2939946.38,1,55.33,3.16,126.67,9.00
10,2010-12-03,2251206.64,0,51.17,3.04,126.73,9.00
10,2010-12-10,2411790.21,0,60.51,3.09,126.79,9.00
10,2010-12-17,2811646.85,0,59.15,3.13,126.88,9.00
10,2010-12-24,3749057.69,0,57.06,3.24,126.98,9.00
10,2010-12-31,1707298.14,1,49.67,3.15,127.09,9.00
10,2011-01-07,1714309.90,0,43.43,3.29,127.19,8.74
10,2011-01-14,1710803.59,0,49.98,3.31,127.30,8.74
10,2011-01-21,1677556.18,0,56.75,3.34,127.44,8.74
10,2011-01-28,1715769.05,0,53.03,3.23,127.58,8.74
10,2011-02-04,1968045.91,0,44.88,3.35,127.72,8.74
10,2011-02-11,2115408.31,1,51.51,3.38,127.86,8.74
10,2011-02-18,2106934.55,0,61.77,3.43,128.00,8.74
10,2011-02-25,1967996.71,0,53.59,3.40,128.13,8.74
10,2011-03-04,1958003.19,0,56.96,3.67,128.26,8.74
10,2011-03-11,1933469.15,0,64.22,3.63,128.40,8.74
10,2011-03-18,1884734.31,0,70.12,3.89,128.51,8.74
10,2011-03-25,1815798.85,0,62.53,3.72,128.62,8.74
10,2011-04-01,1827733.18,0,67.64,3.77,128.72,8.49
10,2011-04-08,1870720.73,0,73.03,3.82,128.82,8.49
10,2011-04-15,1781767.22,0,61.05,4.09,128.91,8.49
10,2011-04-22,2004831.14,0,75.93,3.92,128.96,8.49
10,2011-04-29,1873646.34,0,73.38,4.15,129.00,8.49
10,2011-05-06,1841369.99,0,73.56,4.19,129.04,8.49
10,2011-05-13,1712995.44,0,74.04,4.20,129.09,8.49
10,2011-05-20,1720908.01,0,72.62,3.99,129.08,8.49
10,2011-05-27,1743000.38,0,78.62,3.93,129.06,8.49
10,2011-06-03,1792210.89,0,81.87,3.89,129.05,8.49
10,2011-06-10,1740063.10,0,84.57,3.98,129.04,8.49
10,2011-06-17,1817934.76,0,87.96,3.94,129.04,8.49
10,2011-06-24,1711813.13,0,90.69,3.81,129.07,8.49
10,2011-07-01,1751369.75,0,95.36,3.84,129.09,8.26
10,2011-07-08,1699708.38,0,88.57,3.79,129.11,8.26
10,2011-07-15,1775068.40,0,86.01,3.78,129.13,8.26
10,2011-07-22,1774342.61,0,88.59,3.70,129.15,8.26
10,2011-07-29,1745841.33,0,86.75,3.69,129.17,8.26
10,2011-08-05,1886299.98,0,89.80,3.80,129.18,8.26
10,2011-08-12,1917397.63,0,85.61,3.79,129.20,8.26
10,2011-08-19,1954849.68,0,87.40,3.74,129.24,8.26
10,2011-08-26,1728399.07,0,91.59,3.66,129.28,8.26
10,2011-09-02,1758587.35,0,91.61,3.80,129.33,8.26
10,2011-09-09,1670579.82,1,89.06,3.77,129.37,8.26
10,2011-09-16,1650894.30,0,77.49,3.78,129.43,8.26
10,2011-09-23,1685910.53,0,82.51,3.79,129.52,8.26
10,2011-09-30,1627707.31,0,82.27,3.88,129.61,8.26
10,2011-10-07,1788227.60,0,75.01,3.83,129.69,7.87
10,2011-10-14,1704753.02,0,70.27,3.70,129.77,7.87
10,2011-10-21,1745928.56,0,77.91,3.84,129.78,7.87
10,2011-10-28,1771792.97,0,72.79,3.84,129.79,7.87
10,2011-11-04,1904438.59,0,68.57,3.83,129.81,7.87
10,2011-11-11,2076570.84,0,55.28,3.68,129.82,7.87
10,2011-11-18,1869087.85,0,58.97,3.67,129.83,7.87
10,2011-11-25,2950198.64,1,60.68,3.76,129.84,7.87
10,2011-12-02,2068097.18,0,57.29,3.70,129.85,7.87
10,2011-12-09,2429310.90,0,42.58,3.64,129.86,7.87
10,2011-12-16,2555031.18,0,50.53,3.49,129.90,7.87
10,2011-12-23,3487986.89,0,48.36,3.54,129.98,7.87
10,2011-12-30,1930690.37,1,48.92,3.43,130.07,7.87
10,2012-01-06,1683401.78,0,59.85,3.44,130.16,7.55
10,2012-01-13,1711562.73,0,51.00,3.48,130.24,7.55
10,2012-01-20,1675562.94,0,54.51,3.66,130.28,7.55
10,2012-01-27,1632406.00,0,53.59,3.68,130.31,7.55
10,2012-02-03,1867403.01,0,56.85,3.54,130.35,7.55
10,2012-02-10,2218595.80,1,55.73,3.72,130.38,7.55
10,2012-02-17,2168709.76,0,54.12,3.78,130.45,7.55
10,2012-02-24,2039415.74,0,56.02,3.95,130.55,7.55
10,2012-03-02,1990371.02,0,57.62,3.88,130.65,7.55
10,2012-03-09,1917483.10,0,57.65,3.96,130.74,7.55
10,2012-03-16,1930814.66,0,62.11,4.27,130.83,7.55
10,2012-03-23,1837457.69,0,56.54,4.29,130.90,7.55
10,2012-03-30,1815760.42,0,67.92,4.29,130.97,7.55
10,2012-04-06,2163384.17,0,65.99,4.28,131.04,7.38
10,2012-04-13,1974687.51,0,70.28,4.25,131.11,7.38
10,2012-04-20,1777166.53,0,67.75,4.11,131.12,7.38
10,2012-04-27,1712987.56,0,80.11,4.09,131.13,7.38
10,2012-05-04,1821364.42,0,77.02,4.06,131.14,7.38
10,2012-05-11,1792345.30,0,76.03,4.19,131.15,7.38
10,2012-05-18,1795152.73,0,85.19,4.31,131.10,7.38
10,2012-05-25,1830939.10,0,86.03,4.13,131.03,7.38
10,2012-06-01,1767471.48,0,80.06,4.28,130.96,7.38
10,2012-06-08,1840491.41,0,86.87,4.10,130.89,7.38
10,2012-06-15,1811562.88,0,88.58,4.14,130.83,7.38
10,2012-06-22,1755334.18,0,89.92,4.01,130.79,7.38
10,2012-06-29,1707481.90,0,91.36,3.88,130.76,7.38
10,2012-07-06,1805999.79,0,86.87,3.67,130.72,7.17
10,2012-07-13,1765571.91,0,89.80,3.72,130.68,7.17
10,2012-07-20,1869967.03,0,84.45,3.59,130.70,7.17
10,2012-07-27,1817603.66,0,83.98,3.77,130.72,7.17
10,2012-08-03,1939440.09,0,84.76,3.60,130.74,7.17
10,2012-08-10,1880436.94,0,90.78,3.81,130.76,7.17
10,2012-08-17,1827797.40,0,88.83,4.00,130.79,7.17
10,2012-08-24,1764984.15,0,82.50,4.06,130.84,7.17
10,2012-08-31,1650285.54,0,86.97,3.89,130.89,7.17
10,2012-09-07,1708283.28,1,83.07,4.12,130.93,7.17
10,2012-09-14,1640168.99,0,78.47,3.97,130.98,7.17
10,2012-09-21,1671857.57,0,81.93,4.13,131.01,7.17
10,2012-09-28,1694862.41,0,82.52,3.97,131.04,7.17
10,2012-10-05,1758971.38,0,80.88,4.13,131.08,6.94
10,2012-10-12,1713889.11,0,76.03,4.47,131.11,6.94
10,2012-10-19,1734834.82,0,72.71,4.45,131.15,6.94
10,2012-10-26,1744349.05,0,70.50,4.30,131.19,6.94
11,2010-02-05,1528008.64,0,46.04,2.57,214.42,7.37
11,2010-02-12,1574684.08,1,48.01,2.55,214.57,7.37
11,2010-02-19,1503298.70,0,48.30,2.51,214.62,7.37
11,2010-02-26,1336404.65,0,52.79,2.56,214.65,7.37
11,2010-03-05,1426622.65,0,53.96,2.63,214.68,7.37
11,2010-03-12,1331883.16,0,64.10,2.67,214.70,7.37
11,2010-03-19,1364207.00,0,61.51,2.72,214.53,7.37
11,2010-03-26,1245624.27,0,58.09,2.73,214.32,7.37
11,2010-04-02,1446210.26,0,66.16,2.72,214.12,7.34
11,2010-04-09,1470308.32,0,69.57,2.77,213.91,7.34
11,2010-04-16,1323243.35,0,67.81,2.81,213.77,7.34
11,2010-04-23,1283766.55,0,68.37,2.80,213.72,7.34
11,2010-04-30,1239766.89,0,71.13,2.78,213.67,7.34
11,2010-05-07,1312329.78,0,75.57,2.84,213.62,7.34
11,2010-05-14,1266796.13,0,77.64,2.85,213.62,7.34
11,2010-05-21,1271646.62,0,76.97,2.83,213.91,7.34
11,2010-05-28,1264272.52,0,79.69,2.76,214.20,7.34
11,2010-06-04,1396322.19,0,79.66,2.71,214.50,7.34
11,2010-06-11,1339570.85,0,82.81,2.67,214.79,7.34
11,2010-06-18,1336522.92,0,84.13,2.64,214.79,7.34
11,2010-06-25,1262025.08,0,84.50,2.65,214.67,7.34
11,2010-07-02,1302600.14,0,83.09,2.67,214.55,7.35
11,2010-07-09,1280156.47,0,83.01,2.64,214.43,7.35
11,2010-07-16,1290609.54,0,84.90,2.62,214.42,7.35
11,2010-07-23,1244390.03,0,84.57,2.61,214.56,7.35
11,2010-07-30,1250178.89,0,83.26,2.64,214.70,7.35
11,2010-08-06,1369634.92,0,86.54,2.63,214.83,7.35
11,2010-08-13,1384339.10,0,87.73,2.69,214.97,7.35
11,2010-08-20,1430192.37,0,88.93,2.66,214.93,7.35
11,2010-08-27,1311263.07,0,87.70,2.62,214.89,7.35
11,2010-09-03,1303914.27,0,84.94,2.58,214.85,7.35
11,2010-09-10,1231428.46,1,81.93,2.57,214.81,7.35
11,2010-09-17,1215676.31,0,83.04,2.58,214.83,7.35
11,2010-09-24,1170103.25,0,77.36,2.62,214.91,7.35
11,2010-10-01,1182490.46,0,75.11,2.60,214.98,7.56
11,2010-10-08,1293472.80,0,68.71,2.63,215.06,7.56
11,2010-10-15,1175003.67,0,71.46,2.72,215.13,7.56
11,2010-10-22,1169831.38,0,72.60,2.73,215.18,7.56
11,2010-10-29,1195036.00,0,74.21,2.72,215.23,7.56
11,2010-11-05,1332759.13,0,64.41,2.69,215.28,7.56
11,2010-11-12,1281675.60,0,63.74,2.73,215.33,7.56
11,2010-11-19,1292346.57,0,58.63,2.77,215.21,7.56
11,2010-11-26,1757242.51,1,69.90,2.74,215.06,7.56
11,2010-12-03,1380522.64,0,55.90,2.71,214.92,7.56
11,2010-12-10,1564516.43,0,53.33,2.84,214.77,7.56
11,2010-12-17,1843971.15,0,54.63,2.87,214.70,7.56
11,2010-12-24,2306265.36,0,59.33,2.89,214.70,7.56
11,2010-12-31,1172003.10,1,55.03,2.94,214.70,7.56
11,2011-01-07,1178905.44,0,54.43,2.98,214.70,7.55
11,2011-01-14,1194449.78,0,45.34,2.98,214.75,7.55
11,2011-01-21,1187776.19,0,51.51,3.02,215.13,7.55
11,2011-01-28,1100418.69,0,51.04,3.01,215.51,7.55
11,2011-02-04,1422546.05,0,47.17,2.99,215.89,7.55
11,2011-02-11,1419236.90,1,44.61,3.02,216.27,7.55
11,2011-02-18,1554747.15,0,61.50,3.05,216.58,7.55
11,2011-02-25,1323999.36,0,68.74,3.07,216.88,7.55
11,2011-03-04,1399456.99,0,66.50,3.29,217.17,7.55
11,2011-03-11,1314557.31,0,63.29,3.46,217.47,7.55
11,2011-03-18,1391813.69,0,70.17,3.49,217.72,7.55
11,2011-03-25,1229777.24,0,73.74,3.47,217.97,7.55
11,2011-04-01,1258674.12,0,69.10,3.52,218.21,7.57
11,2011-04-08,1327401.06,0,73.57,3.62,218.46,7.57
11,2011-04-15,1312905.80,0,76.64,3.74,218.68,7.57
11,2011-04-22,1388118.53,0,78.31,3.81,218.85,7.57
11,2011-04-29,1357589.89,0,79.97,3.81,219.02,7.57
11,2011-05-06,1331453.41,0,71.39,3.91,219.20,7.57
11,2011-05-13,1277959.42,0,80.93,3.90,219.37,7.57
11,2011-05-20,1239466.97,0,76.97,3.91,219.13,7.57
11,2011-05-27,1216876.52,0,85.61,3.79,218.89,7.57
11,2011-06-03,1343637.00,0,86.14,3.70,218.64,7.57
11,2011-06-10,1314626.75,0,85.79,3.65,218.40,7.57
11,2011-06-17,1337506.74,0,87.90,3.64,218.36,7.57
11,2011-06-24,1254587.84,0,86.13,3.59,218.45,7.57
11,2011-07-01,1297472.06,0,86.43,3.52,218.55,7.57
11,2011-07-08,1334627.96,0,87.17,3.48,218.64,7.57
11,2011-07-15,1266546.73,0,88.30,3.58,218.73,7.57
11,2011-07-22,1290576.44,0,87.80,3.65,218.79,7.57
11,2011-07-29,1212938.67,0,89.46,3.68,218.84,7.57
11,2011-08-05,1403198.94,0,90.04,3.68,218.90,7.57
11,2011-08-12,1354188.43,0,90.30,3.64,218.96,7.57
11,2011-08-19,1484169.74,0,89.51,3.55,219.02,7.57
11,2011-08-26,1304706.75,0,89.09,3.52,219.09,7.57
11,2011-09-02,1297792.41,0,91.44,3.53,219.15,7.57
11,2011-09-09,1249439.95,1,84.91,3.55,219.21,7.57
11,2011-09-16,1270816.01,0,85.11,3.53,219.40,7.57
11,2011-09-23,1235775.15,0,82.14,3.47,219.74,7.57
11,2011-09-30,1190515.83,0,84.40,3.36,220.09,7.57
11,2011-10-07,1346271.06,0,76.97,3.29,220.43,7.20
11,2011-10-14,1286388.96,0,75.56,3.27,220.75,7.20
11,2011-10-21,1325107.53,0,70.91,3.35,220.91,7.20
11,2011-10-28,1310684.10,0,72.66,3.37,221.08,7.20
11,2011-11-04,1458287.38,0,61.13,3.33,221.25,7.20
11,2011-11-11,1366053.69,0,64.20,3.30,221.41,7.20
11,2011-11-18,1315091.63,0,66.17,3.31,221.64,7.20
11,2011-11-25,1848953.48,1,70.03,3.24,221.90,7.20
11,2011-12-02,1399322.44,0,56.89,3.17,222.16,7.20
11,2011-12-09,1646655.94,0,50.63,3.16,222.42,7.20
11,2011-12-16,1783910.06,0,59.69,3.16,222.64,7.20
11,2011-12-23,2213518.50,0,54.29,3.11,222.83,7.20
11,2011-12-30,1352084.21,1,48.86,3.13,223.01,7.20
11,2012-01-06,1283885.55,0,54.44,3.16,223.19,6.83
11,2012-01-13,1264736.59,0,53.10,3.26,223.38,6.83
11,2012-01-20,1207303.29,0,56.43,3.27,223.47,6.83
11,2012-01-27,1162675.85,0,58.36,3.29,223.56,6.83
11,2012-02-03,1376732.18,0,60.24,3.36,223.66,6.83
11,2012-02-10,1574287.76,1,52.23,3.41,223.75,6.83
11,2012-02-17,1569607.94,0,52.77,3.51,223.92,6.83
11,2012-02-24,1379473.03,0,61.11,3.56,224.13,6.83
11,2012-03-02,1438383.44,0,62.61,3.63,224.35,6.83
11,2012-03-09,1413382.76,0,61.44,3.67,224.56,6.83
11,2012-03-16,1441884.28,0,64.21,3.73,224.72,6.83
11,2012-03-23,1300593.61,0,67.16,3.79,224.79,6.83
11,2012-03-30,1300104.03,0,70.23,3.85,224.87,6.83
11,2012-04-06,1596325.01,0,74.19,3.89,224.94,6.66
11,2012-04-13,1472752.01,0,72.74,3.89,225.01,6.66
11,2012-04-20,1315356.99,0,71.97,3.88,225.07,6.66
11,2012-04-27,1236238.29,0,73.40,3.81,225.12,6.66
11,2012-05-04,1370251.22,0,79.07,3.75,225.18,6.66
11,2012-05-11,1300147.07,0,75.13,3.69,225.24,6.66
11,2012-05-18,1352442.31,0,72.53,3.63,225.25,6.66
11,2012-05-25,1297335.87,0,78.44,3.56,225.25,6.66
11,2012-06-01,1361595.33,0,81.67,3.50,225.25,6.66
11,2012-06-08,1414343.53,0,82.10,3.45,225.25,6.66
11,2012-06-15,1417875.42,0,84.97,3.39,225.26,6.66
11,2012-06-22,1355680.30,0,83.26,3.35,225.31,6.66
11,2012-06-29,1297028.60,0,87.86,3.29,225.35,6.66
11,2012-07-06,1461129.94,0,83.44,3.23,225.39,6.33
11,2012-07-13,1320239.51,0,82.46,3.26,225.43,6.33
11,2012-07-20,1344483.81,0,82.41,3.31,225.44,6.33
11,2012-07-27,1272395.02,0,85.43,3.41,225.45,6.33
11,2012-08-03,1399341.07,0,86.94,3.42,225.46,6.33
11,2012-08-10,1388973.65,0,86.21,3.49,225.47,6.33
11,2012-08-17,1421307.20,0,87.73,3.57,225.56,6.33
11,2012-08-24,1409515.73,0,83.17,3.62,225.69,6.33
11,2012-08-31,1372872.35,0,86.49,3.64,225.83,6.33
11,2012-09-07,1304584.40,1,85.17,3.73,225.97,6.33
11,2012-09-14,1267675.05,0,79.61,3.72,226.11,6.33
11,2012-09-21,1326132.98,0,73.64,3.72,226.32,6.33
11,2012-09-28,1227430.73,0,77.67,3.67,226.52,6.33
11,2012-10-05,1422794.26,0,73.37,3.62,226.72,6.03
11,2012-10-12,1311965.09,0,69.94,3.60,226.92,6.03
11,2012-10-19,1232073.18,0,73.77,3.59,226.97,6.03
11,2012-10-26,1200729.45,0,74.26,3.51,226.99,6.03
12,2010-02-05,1100046.37,0,49.47,2.96,126.44,13.98
12,2010-02-12,1117863.33,1,47.87,2.95,126.50,13.98
12,2010-02-19,1095421.65,0,54.83,2.92,126.53,13.98
12,2010-02-26,1048617.17,0,50.23,2.83,126.55,13.98
12,2010-03-05,1077018.27,0,53.77,2.99,126.58,13.98
12,2010-03-12,985594.23,0,50.11,2.93,126.60,13.98
12,2010-03-19,972088.34,0,59.57,3.05,126.61,13.98
12,2010-03-26,981615.81,0,60.06,3.08,126.61,13.98
12,2010-04-02,1011822.30,0,59.84,3.09,126.60,14.10
12,2010-04-09,1041238.87,0,59.25,3.09,126.60,14.10
12,2010-04-16,957997.52,0,64.95,3.11,126.56,14.10
12,2010-04-23,993833.44,0,64.55,3.05,126.47,14.10
12,2010-04-30,954220.22,0,67.38,3.11,126.38,14.10
12,2010-05-07,1043240.27,0,70.15,3.13,126.29,14.10
12,2010-05-14,966054.97,0,68.44,3.15,126.21,14.10
12,2010-05-21,958374.56,0,76.20,3.12,126.18,14.10
12,2010-05-28,955451.16,0,67.84,3.06,126.16,14.10
12,2010-06-04,1049357.36,0,81.39,2.94,126.14,14.10
12,2010-06-11,1016039.71,0,90.84,2.95,126.11,14.10
12,2010-06-18,956211.20,0,81.06,3.04,126.11,14.10
12,2010-06-25,958007.69,0,87.27,3.08,126.13,14.10
12,2010-07-02,951957.31,0,91.98,3.11,126.14,14.18
12,2010-07-09,943506.28,0,90.37,3.10,126.15,14.18
12,2010-07-16,916402.76,0,97.18,3.09,126.15,14.18
12,2010-07-23,912403.67,0,99.22,3.11,126.13,14.18
12,2010-07-30,913548.25,0,96.31,3.02,126.11,14.18
12,2010-08-06,967576.95,0,92.95,3.12,126.09,14.18
12,2010-08-13,928264.40,0,87.01,3.16,126.06,14.18
12,2010-08-20,948447.34,0,92.81,3.04,126.08,14.18
12,2010-08-27,1004516.46,0,93.19,3.13,126.09,14.18
12,2010-09-03,1075758.55,0,83.12,3.09,126.10,14.18
12,2010-09-10,903119.03,1,83.63,3.04,126.11,14.18
12,2010-09-17,852882.61,0,82.45,3.03,126.15,14.18
12,2010-09-24,851919.34,0,81.77,2.94,126.19,14.18
12,2010-10-01,850936.26,0,85.20,3.00,126.23,14.31
12,2010-10-08,918335.68,0,71.82,3.01,126.28,14.31
12,2010-10-15,862419.84,0,75.00,2.98,126.33,14.31
12,2010-10-22,857883.46,0,68.85,3.01,126.38,14.31
12,2010-10-29,955294.70,0,61.09,3.02,126.44,14.31
12,2010-11-05,929690.71,0,65.49,3.13,126.49,14.31
12,2010-11-12,942475.24,0,57.79,3.13,126.55,14.31
12,2010-11-19,894493.70,0,58.18,3.16,126.61,14.31
12,2010-11-26,1601377.41,1,47.66,3.16,126.67,14.31
12,2010-12-03,1069533.17,0,43.33,3.04,126.73,14.31
12,2010-12-10,1121934.15,0,50.01,3.20,126.79,14.31
12,2010-12-17,1295605.35,0,52.77,3.24,126.88,14.31
12,2010-12-24,1768249.89,0,52.02,3.24,126.98,14.31
12,2010-12-31,891736.91,1,45.64,3.15,127.09,14.31
12,2011-01-07,910110.24,0,37.64,3.29,127.19,14.02
12,2011-01-14,812011.80,0,43.15,3.31,127.30,14.02
12,2011-01-21,802105.50,0,53.53,3.22,127.44,14.02
12,2011-01-28,873119.06,0,50.74,3.34,127.58,14.02
12,2011-02-04,1046068.17,0,45.14,3.35,127.72,14.02
12,2011-02-11,1086421.57,1,51.30,3.38,127.86,14.02
12,2011-02-18,1128485.10,0,53.35,3.43,128.00,14.02
12,2011-02-25,1046203.72,0,48.45,3.53,128.13,14.02
12,2011-03-04,1085248.21,0,51.72,3.67,128.26,14.02
12,2011-03-11,997672.62,0,57.75,3.82,128.40,14.02
12,2011-03-18,1009502.01,0,64.21,3.69,128.51,14.02
12,2011-03-25,954107.32,0,54.40,3.91,128.62,14.02
12,2011-04-01,1005463.49,0,63.63,3.77,128.72,13.74
12,2011-04-08,998362.05,0,64.47,4.00,128.82,13.74
12,2011-04-15,990951.77,0,57.63,3.87,128.91,13.74
12,2011-04-22,1016019.47,0,72.12,4.13,128.96,13.74
12,2011-04-29,994966.10,0,68.27,4.15,129.00,13.74
12,2011-05-06,1021154.48,0,68.40,4.19,129.04,13.74
12,2011-05-13,977033.50,0,70.93,4.20,129.09,13.74
12,2011-05-20,924134.99,0,66.59,4.17,129.08,13.74
12,2011-05-27,964332.51,0,76.67,4.09,129.06,13.74
12,2011-06-03,970328.68,0,71.81,4.03,129.05,13.74
12,2011-06-10,996937.95,0,78.72,3.98,129.04,13.74
12,2011-06-17,986504.93,0,86.84,3.94,129.04,13.74
12,2011-06-24,997282.75,0,88.95,3.90,129.07,13.74
12,2011-07-01,961993.34,0,89.85,3.84,129.09,13.50
12,2011-07-08,943717.38,0,89.90,3.71,129.11,13.50
12,2011-07-15,936001.98,0,88.10,3.69,129.13,13.50
12,2011-07-22,922231.92,0,91.17,3.79,129.15,13.50
12,2011-07-29,890547.07,0,93.29,3.81,129.17,13.50
12,2011-08-05,988712.52,0,90.61,3.80,129.18,13.50
12,2011-08-12,955913.68,0,91.04,3.70,129.20,13.50
12,2011-08-19,966817.24,0,91.74,3.74,129.24,13.50
12,2011-08-26,1017593.47,0,94.61,3.74,129.28,13.50
12,2011-09-02,1052051.45,0,93.66,3.80,129.33,13.50
12,2011-09-09,922850.57,1,88.00,3.91,129.37,13.50
12,2011-09-16,889290.23,0,76.36,3.92,129.43,13.50
12,2011-09-23,871692.74,0,82.95,3.79,129.52,13.50
12,2011-09-30,866401.45,0,83.26,3.88,129.61,13.50
12,2011-10-07,951244.66,0,70.44,3.83,129.69,12.89
12,2011-10-14,927600.01,0,67.31,3.81,129.77,12.89
12,2011-10-21,938604.58,0,73.05,3.84,129.78,12.89
12,2011-10-28,990926.38,0,67.41,3.73,129.79,12.89
12,2011-11-04,1051944.79,0,59.77,3.83,129.81,12.89
12,2011-11-11,1095091.53,0,48.76,3.82,129.82,12.89
12,2011-11-18,970641.34,0,54.20,3.81,129.83,12.89
12,2011-11-25,1591920.42,1,53.25,3.62,129.84,12.89
12,2011-12-02,1071383.10,0,52.50,3.70,129.85,12.89
12,2011-12-09,1189646.45,0,42.17,3.64,129.86,12.89
12,2011-12-16,1293404.18,0,43.29,3.60,129.90,12.89
12,2011-12-23,1617612.03,0,45.40,3.54,129.98,12.89
12,2011-12-30,1111638.07,1,44.64,3.43,130.07,12.89
12,2012-01-06,945823.65,0,50.43,3.60,130.16,12.19
12,2012-01-13,865467.86,0,48.07,3.66,130.24,12.19
12,2012-01-20,855922.64,0,46.20,3.66,130.28,12.19
12,2012-01-27,888203.69,0,50.43,3.68,130.31,12.19
12,2012-02-03,1058767.95,0,50.58,3.70,130.35,12.19
12,2012-02-10,1199330.85,1,52.27,3.72,130.38,12.19
12,2012-02-17,1240048.85,0,51.80,3.78,130.45,12.19
12,2012-02-24,1112034.72,0,53.13,3.95,130.55,12.19
12,2012-03-02,1147636.96,0,52.27,4.18,130.65,12.19
12,2012-03-09,1113208.57,0,54.54,4.25,130.74,12.19
12,2012-03-16,1088498.52,0,64.44,4.27,130.83,12.19
12,2012-03-23,1045419.87,0,56.26,4.04,130.90,12.19
12,2012-03-30,1025382.22,0,64.36,4.29,130.97,12.19
12,2012-04-06,1128765.71,0,64.05,4.12,131.04,11.63
12,2012-04-13,1083811.19,0,64.28,4.25,131.11,11.63
12,2012-04-20,1006486.96,0,66.73,4.22,131.12,11.63
12,2012-04-27,1004252.38,0,77.99,4.19,131.13,11.63
12,2012-05-04,1073433.69,0,76.03,4.17,131.14,11.63
12,2012-05-11,1041995.22,0,77.27,4.19,131.15,11.63
12,2012-05-18,1020486.05,0,84.51,4.11,131.10,11.63
12,2012-05-25,991514.21,0,83.84,4.29,131.03,11.63
12,2012-06-01,981345.20,0,78.11,4.28,130.96,11.63
12,2012-06-08,1086231.47,0,84.83,4.10,130.89,11.63
12,2012-06-15,1019555.51,0,85.94,4.14,130.83,11.63
12,2012-06-22,981386.25,0,91.61,4.01,130.79,11.63
12,2012-06-29,943124.74,0,90.47,3.88,130.76,11.63
12,2012-07-06,1014898.78,0,89.13,3.77,130.72,10.93
12,2012-07-13,960312.75,0,95.61,3.72,130.68,10.93
12,2012-07-20,941550.34,0,85.53,3.73,130.70,10.93
12,2012-07-27,916967.92,0,93.47,3.77,130.72,10.93
12,2012-08-03,958667.23,0,88.16,3.76,130.74,10.93
12,2012-08-10,984689.90,0,95.91,3.81,130.76,10.93
12,2012-08-17,1005003.12,0,94.87,4.00,130.79,10.93
12,2012-08-24,1048101.39,0,85.32,4.06,130.84,10.93
12,2012-08-31,1061943.49,0,89.78,4.09,130.89,10.93
12,2012-09-07,955146.04,1,88.52,4.12,130.93,10.93
12,2012-09-14,885892.37,0,83.64,4.13,130.98,10.93
12,2012-09-21,922735.37,0,82.97,4.13,131.01,10.93
12,2012-09-28,880415.67,0,81.22,3.97,131.04,10.93
12,2012-10-05,979825.92,0,81.61,3.97,131.08,10.20
12,2012-10-12,934917.47,0,71.74,4.47,131.11,10.20
12,2012-10-19,960945.43,0,68.66,4.45,131.15,10.20
12,2012-10-26,974697.60,0,65.95,4.30,131.19,10.20
13,2010-02-05,1967220.53,0,31.53,2.67,126.44,8.32
13,2010-02-12,2030933.46,1,33.16,2.67,126.50,8.32
13,2010-02-19,1970274.64,0,35.70,2.65,126.53,8.32
13,2010-02-26,1817850.32,0,29.98,2.67,126.55,8.32
13,2010-03-05,1939980.43,0,40.65,2.68,126.58,8.32
13,2010-03-12,1840686.94,0,37.62,2.73,126.60,8.32
13,2010-03-19,1879794.89,0,42.49,2.78,126.61,8.32
13,2010-03-26,1882095.98,0,41.48,2.82,126.61,8.32
13,2010-04-02,2142482.14,0,42.15,2.84,126.60,8.11
13,2010-04-09,1898321.33,0,38.97,2.88,126.60,8.11
13,2010-04-16,1819660.44,0,50.39,2.92,126.56,8.11
13,2010-04-23,1909330.77,0,55.66,2.94,126.47,8.11
13,2010-04-30,1785823.37,0,48.33,2.94,126.38,8.11
13,2010-05-07,2005478.46,0,44.42,2.95,126.29,8.11
13,2010-05-14,1890273.44,0,50.15,2.96,126.21,8.11
13,2010-05-21,1853657.60,0,57.71,2.95,126.18,8.11
13,2010-05-28,1877358.86,0,53.11,2.91,126.16,8.11
13,2010-06-04,2022705.22,0,59.85,2.87,126.14,8.11
13,2010-06-11,2037880.96,0,65.24,2.84,126.11,8.11
13,2010-06-18,2003435.31,0,58.41,2.82,126.11,8.11
13,2010-06-25,1970340.25,0,71.83,2.82,126.13,8.11
13,2010-07-02,2018314.71,0,78.82,2.81,126.14,7.95
13,2010-07-09,1870843.90,0,71.33,2.80,126.15,7.95
13,2010-07-16,1932231.05,0,77.79,2.79,126.15,7.95
13,2010-07-23,1907351.20,0,82.27,2.80,126.13,7.95
13,2010-07-30,1817887.23,0,78.94,2.80,126.11,7.95
13,2010-08-06,1969121.45,0,81.24,2.80,126.09,7.95
13,2010-08-13,1877592.55,0,74.93,2.84,126.06,7.95
13,2010-08-20,1997397.63,0,76.34,2.85,126.08,7.95
13,2010-08-27,1908278.27,0,75.31,2.85,126.09,7.95
13,2010-09-03,1911852.58,0,65.71,2.87,126.10,7.95
13,2010-09-10,1772143.94,1,65.74,2.87,126.11,7.95
13,2010-09-17,1790279.74,0,66.84,2.88,126.15,7.95
13,2010-09-24,1705655.09,0,68.22,2.87,126.19,7.95
13,2010-10-01,1765584.48,0,68.74,2.85,126.23,7.80
13,2010-10-08,1871924.07,0,63.03,2.84,126.28,7.80
13,2010-10-15,1851431.06,0,54.12,2.85,126.33,7.80
13,2010-10-22,1796949.59,0,56.89,2.85,126.38,7.80
13,2010-10-29,1887895.07,0,45.12,2.84,126.44,7.80
13,2010-11-05,1854967.66,0,49.96,2.83,126.49,7.80
13,2010-11-12,1939964.63,0,42.55,2.83,126.55,7.80
13,2010-11-19,1925393.91,0,42.00,2.84,126.61,7.80
13,2010-11-26,2766400.05,1,28.22,2.83,126.67,7.80
13,2010-12-03,2083379.89,0,25.80,2.81,126.73,7.80
13,2010-12-10,2461468.35,0,36.78,2.82,126.79,7.80
13,2010-12-17,2771646.81,0,35.21,2.84,126.88,7.80
13,2010-12-24,3595903.20,0,34.90,2.85,126.98,7.80
13,2010-12-31,1675292.00,1,26.79,2.87,127.09,7.80
13,2011-01-07,1744544.39,0,16.94,2.89,127.19,7.47
13,2011-01-14,1682316.31,0,20.60,2.90,127.30,7.47
13,2011-01-21,1770177.37,0,34.80,2.93,127.44,7.47
13,2011-01-28,1633663.12,0,31.64,2.96,127.58,7.47
13,2011-02-04,1848186.58,0,23.35,2.97,127.72,7.47
13,2011-02-11,1944438.90,1,30.83,3.03,127.86,7.47
13,2011-02-18,2003480.59,0,40.85,3.06,128.00,7.47
13,2011-02-25,1831933.95,0,33.17,3.12,128.13,7.47
13,2011-03-04,1894960.68,0,34.23,3.23,128.26,7.47
13,2011-03-11,1852432.58,0,41.28,3.35,128.40,7.47
13,2011-03-18,1852443.78,0,44.69,3.41,128.51,7.47
13,2011-03-25,1807545.43,0,42.38,3.44,128.62,7.47
13,2011-04-01,1864238.64,0,42.49,3.49,128.72,7.19
13,2011-04-08,1887465.04,0,42.75,3.55,128.82,7.19
13,2011-04-15,1950994.04,0,41.72,3.62,128.91,7.19
13,2011-04-22,2124316.34,0,47.55,3.66,128.96,7.19
13,2011-04-29,1895583.12,0,43.85,3.68,129.00,7.19
13,2011-05-06,1986380.40,0,47.75,3.74,129.04,7.19
13,2011-05-13,1958823.56,0,52.40,3.77,129.09,7.19
13,2011-05-20,1860923.55,0,52.12,3.80,129.08,7.19
13,2011-05-27,1866369.93,0,54.62,3.78,129.06,7.19
13,2011-06-03,1935593.87,0,52.76,3.75,129.05,7.19
13,2011-06-10,1997816.98,0,61.39,3.73,129.04,7.19
13,2011-06-17,2086433.49,0,63.35,3.70,129.04,7.19
13,2011-06-24,2009163.08,0,66.38,3.67,129.07,7.19
13,2011-07-01,2048035.74,0,74.29,3.61,129.09,6.88
13,2011-07-08,2021699.38,0,77.30,3.56,129.11,6.88
13,2011-07-15,1956813.31,0,75.59,3.55,129.13,6.88
13,2011-07-22,1987089.36,0,78.50,3.56,129.15,6.88
13,2011-07-29,1880785.69,0,77.62,3.57,129.17,6.88
13,2011-08-05,2076231.80,0,75.56,3.60,129.18,6.88
13,2011-08-12,1970341.38,0,75.95,3.61,129.20,6.88
13,2011-08-19,2090340.98,0,76.68,3.58,129.24,6.88
13,2011-08-26,2035244.54,0,81.53,3.57,129.28,6.88
13,2011-09-02,1953628.82,0,77.00,3.58,129.33,6.88
13,2011-09-09,1872921.31,1,70.19,3.62,129.37,6.88
13,2011-09-16,1923223.82,0,67.54,3.64,129.43,6.88
13,2011-09-23,1847430.96,0,63.60,3.65,129.52,6.88
13,2011-09-30,1835662.69,0,68.28,3.62,129.61,6.88
13,2011-10-07,2067232.56,0,60.62,3.59,129.69,6.39
13,2011-10-14,1929659.07,0,51.74,3.57,129.77,6.39
13,2011-10-21,1973544.27,0,54.66,3.58,129.78,6.39
13,2011-10-28,1948733.81,0,47.41,3.57,129.79,6.39
13,2011-11-04,2036317.54,0,43.51,3.54,129.81,6.39
13,2011-11-11,2111592.09,0,33.80,3.51,129.82,6.39
13,2011-11-18,2016323.51,0,40.65,3.49,129.83,6.39
13,2011-11-25,2864170.61,1,38.89,3.45,129.84,6.39
13,2011-12-02,2051315.66,0,33.94,3.39,129.85,6.39
13,2011-12-09,2462779.06,0,24.82,3.34,129.86,6.39
13,2011-12-16,2760346.71,0,27.85,3.28,129.90,6.39
13,2011-12-23,3556766.03,0,24.76,3.19,129.98,6.39
13,2011-12-30,1969056.91,1,31.53,3.12,130.07,6.39
13,2012-01-06,1865752.78,0,33.80,3.08,130.16,6.10
13,2012-01-13,1794962.64,0,25.61,3.06,130.24,6.10
13,2012-01-20,1811606.21,0,32.71,3.05,130.28,6.10
13,2012-01-27,1733983.09,0,34.32,3.06,130.31,6.10
13,2012-02-03,1927780.74,0,31.39,3.08,130.35,6.10
13,2012-02-10,2069284.57,1,33.73,3.12,130.38,6.10
13,2012-02-17,2214477.06,0,36.57,3.12,130.45,6.10
13,2012-02-24,1929768.03,0,35.38,3.15,130.55,6.10
13,2012-03-02,1969742.76,0,32.36,3.24,130.65,6.10
13,2012-03-09,1986445.65,0,38.24,3.38,130.74,6.10
13,2012-03-16,2025582.62,0,52.50,3.53,130.83,6.10
13,2012-03-23,1904421.74,0,47.83,3.67,130.90,6.10
13,2012-03-30,1948982.70,0,53.20,3.73,130.97,6.10
13,2012-04-06,2271614.76,0,48.85,3.79,131.04,5.97
13,2012-04-13,2057637.86,0,51.70,3.83,131.11,5.97
13,2012-04-20,1955689.12,0,50.24,3.85,131.12,5.97
13,2012-04-27,1970121.65,0,64.80,3.84,131.13,5.97
13,2012-05-04,1995994.51,0,54.41,3.83,131.14,5.97
13,2012-05-11,2080764.17,0,56.47,3.81,131.15,5.97
13,2012-05-18,2131900.55,0,65.17,3.81,131.10,5.97
13,2012-05-25,2043349.41,0,62.39,3.80,131.03,5.97
13,2012-06-01,2035431.39,0,61.11,3.79,130.96,5.97
13,2012-06-08,2182437.90,0,68.40,3.78,130.89,5.97
13,2012-06-15,2152229.11,0,65.97,3.76,130.83,5.97
13,2012-06-22,2094373.00,0,72.89,3.74,130.79,5.97
13,2012-06-29,2037663.71,0,82.00,3.68,130.76,5.97
13,2012-07-06,2184980.35,0,79.23,3.63,130.72,5.77
13,2012-07-13,2002750.99,0,83.68,3.60,130.68,5.77
13,2012-07-20,2053089.32,0,75.69,3.56,130.70,5.77
13,2012-07-27,1914430.53,0,80.42,3.54,130.72,5.77
13,2012-08-03,2044148.23,0,81.99,3.51,130.74,5.77
13,2012-08-10,2041019.92,0,81.69,3.51,130.76,5.77
13,2012-08-17,2095769.18,0,79.40,3.55,130.79,5.77
13,2012-08-24,2059458.25,0,77.37,3.58,130.84,5.77
13,2012-08-31,2073855.42,0,79.18,3.62,130.89,5.77
13,2012-09-07,2165796.31,1,70.65,3.69,130.93,5.77
13,2012-09-14,1919917.03,0,68.55,3.75,130.98,5.77
13,2012-09-21,1938379.66,0,67.96,3.82,131.01,5.77
13,2012-09-28,1927664.11,0,64.80,3.82,131.04,5.77
13,2012-10-05,2041918.74,0,61.79,3.82,131.08,5.62
13,2012-10-12,1999079.44,0,55.10,3.80,131.11,5.62
13,2012-10-19,2018010.15,0,52.06,3.78,131.15,5.62
13,2012-10-26,2035189.66,0,46.97,3.76,131.19,5.62
14,2010-02-05,2623469.95,0,27.31,2.78,181.87,8.99
14,2010-02-12,1704218.84,1,27.73,2.77,181.98,8.99
14,2010-02-19,2204556.70,0,31.27,2.75,182.03,8.99
14,2010-02-26,2095591.63,0,34.89,2.75,182.08,8.99
14,2010-03-05,2237544.75,0,37.13,2.78,182.12,8.99
14,2010-03-12,2156035.06,0,45.80,2.82,182.16,8.99
14,2010-03-19,2066219.30,0,48.79,2.84,182.08,8.99
14,2010-03-26,2050396.27,0,54.36,2.85,181.97,8.99
14,2010-04-02,2495630.51,0,47.74,2.85,181.87,8.90
14,2010-04-09,2258781.28,0,65.45,2.87,181.76,8.90
14,2010-04-16,2121788.61,0,54.28,2.90,181.69,8.90
14,2010-04-23,2138144.91,0,53.47,2.90,181.68,8.90
14,2010-04-30,2082355.12,0,53.15,2.92,181.66,8.90
14,2010-05-07,2370116.52,0,70.75,2.97,181.65,8.90
14,2010-05-14,2129771.13,0,54.26,2.98,181.66,8.90
14,2010-05-21,2108187.10,0,62.62,2.96,181.85,8.90
14,2010-05-28,2227152.16,0,69.27,2.90,182.05,8.90
14,2010-06-04,2363601.47,0,75.93,2.85,182.24,8.90
14,2010-06-11,2249570.04,0,69.71,2.81,182.43,8.90
14,2010-06-18,2248645.59,0,72.62,2.78,182.44,8.90
14,2010-06-25,2246179.91,0,79.32,2.81,182.38,8.90
14,2010-07-02,2334788.42,0,76.61,2.82,182.32,8.74
14,2010-07-09,2236209.13,0,82.45,2.79,182.26,8.74
14,2010-07-16,2130287.27,0,77.84,2.78,182.26,8.74
14,2010-07-23,2044155.39,0,81.46,2.77,182.35,8.74
14,2010-07-30,2054843.28,0,79.78,2.78,182.44,8.74
14,2010-08-06,2219813.50,0,77.17,2.78,182.53,8.74
14,2010-08-13,2052984.81,0,78.44,2.81,182.62,8.74
14,2010-08-20,2057138.31,0,76.01,2.78,182.62,8.74
14,2010-08-27,2020332.07,0,71.36,2.76,182.61,8.74
14,2010-09-03,2182563.66,0,78.37,2.72,182.60,8.74
14,2010-09-10,2191767.76,1,70.87,2.70,182.60,8.74
14,2010-09-17,1953539.85,0,66.55,2.71,182.62,8.74
14,2010-09-24,1879891.13,0,68.59,2.71,182.67,8.74
14,2010-10-01,1855703.66,0,70.58,2.71,182.72,8.72
14,2010-10-08,2091663.20,0,56.49,2.76,182.76,8.72
14,2010-10-15,1932162.63,0,58.61,2.87,182.81,8.72
14,2010-10-22,1936621.09,0,53.15,2.92,182.86,8.72
14,2010-10-29,1984768.34,0,61.30,2.92,182.90,8.72
14,2010-11-05,2078417.47,0,45.65,2.92,182.95,8.72
14,2010-11-12,2092189.06,0,46.14,2.93,182.99,8.72
14,2010-11-19,1968462.58,0,50.02,3.00,182.90,8.72
14,2010-11-26,2921709.71,1,46.15,3.04,182.78,8.72
14,2010-12-03,2258489.63,0,40.93,3.05,182.67,8.72
14,2010-12-10,2600519.26,0,30.54,3.11,182.55,8.72
14,2010-12-17,2762861.41,0,30.51,3.14,182.52,8.72
14,2010-12-24,3818686.45,0,30.59,3.14,182.54,8.72
14,2010-12-31,1623716.46,1,29.67,3.18,182.57,8.72
14,2011-01-07,1864746.10,0,34.32,3.19,182.60,8.55
14,2011-01-14,1699095.90,0,24.78,3.21,182.66,8.55
14,2011-01-21,1743188.87,0,30.55,3.23,182.92,8.55
14,2011-01-28,1613718.38,0,24.05,3.24,183.18,8.55
14,2011-02-04,1995891.87,0,28.73,3.23,183.44,8.55
14,2011-02-11,1980405.03,1,30.30,3.24,183.70,8.55
14,2011-02-18,2019031.67,0,40.70,3.25,183.94,8.55
14,2011-02-25,1875708.88,0,35.78,3.27,184.16,8.55
14,2011-03-04,2041215.61,0,38.65,3.43,184.39,8.55
14,2011-03-11,1931104.67,0,45.01,3.58,184.61,8.55
14,2011-03-18,1932491.42,0,46.66,3.63,184.81,8.55
14,2011-03-25,1879451.23,0,41.76,3.63,184.99,8.55
14,2011-04-01,1869110.55,0,37.27,3.64,185.18,8.52
14,2011-04-08,2037798.88,0,48.71,3.72,185.36,8.52
14,2011-04-15,1974960.86,0,53.69,3.82,185.53,8.52
14,2011-04-22,2256461.39,0,53.04,3.89,185.67,8.52
14,2011-04-29,1930617.64,0,66.18,3.96,185.80,8.52
14,2011-05-06,2095599.93,0,58.21,4.05,185.94,8.52
14,2011-05-13,2004330.30,0,60.38,4.07,186.07,8.52
14,2011-05-20,1959967.80,0,62.28,4.06,185.97,8.52
14,2011-05-27,2080694.24,0,69.70,3.99,185.86,8.52
14,2011-06-03,2079899.47,0,76.38,3.92,185.75,8.52
14,2011-06-10,2132446.00,0,73.88,3.88,185.65,8.52
14,2011-06-17,2082083.34,0,69.32,3.84,185.67,8.52
14,2011-06-24,2069523.52,0,74.85,3.80,185.79,8.52
14,2011-07-01,2074668.19,0,74.04,3.75,185.91,8.63
14,2011-07-08,2063401.06,0,77.49,3.71,186.03,8.63
14,2011-07-15,1953544.76,0,78.47,3.76,186.14,8.63
14,2011-07-22,1882070.88,0,82.33,3.81,186.22,8.63
14,2011-07-29,1871021.01,0,81.31,3.83,186.30,8.63
14,2011-08-05,2066020.69,0,78.22,3.84,186.37,8.63
14,2011-08-12,1928773.82,0,77.00,3.81,186.45,8.63
14,2011-08-19,1896873.99,0,72.98,3.75,186.51,8.63
14,2011-08-26,2273470.62,0,72.55,3.70,186.56,8.63
14,2011-09-02,1750891.47,0,70.63,3.70,186.62,8.63
14,2011-09-09,2202742.90,1,71.48,3.74,186.67,8.63
14,2011-09-16,1864637.89,0,69.17,3.74,186.80,8.63
14,2011-09-23,1871555.64,0,63.75,3.71,187.03,8.63
14,2011-09-30,1809989.29,0,70.66,3.65,187.26,8.63
14,2011-10-07,2078796.76,0,55.82,3.58,187.48,8.52
14,2011-10-14,1890870.75,0,63.82,3.54,187.69,8.52
14,2011-10-21,2009004.59,0,59.60,3.57,187.78,8.52
14,2011-10-28,2056846.12,0,51.78,3.57,187.88,8.52
14,2011-11-04,2174056.71,0,43.92,3.55,187.97,8.52
14,2011-11-11,2081534.65,0,47.65,3.53,188.06,8.52
14,2011-11-18,1969360.72,0,51.34,3.53,188.20,8.52
14,2011-11-25,2685351.81,1,48.71,3.49,188.35,8.52
14,2011-12-02,2143080.57,0,50.19,3.45,188.50,8.52
14,2011-12-09,2470581.29,0,46.57,3.42,188.65,8.52
14,2011-12-16,2594363.09,0,39.93,3.41,188.80,8.52
14,2011-12-23,3369068.99,0,42.27,3.39,188.93,8.52
14,2011-12-30,1914148.89,1,37.79,3.39,189.06,8.52
14,2012-01-06,1859144.96,0,35.88,3.42,189.19,8.42
14,2012-01-13,1696248.27,0,41.18,3.51,189.33,8.42
14,2012-01-20,1789113.32,0,31.85,3.53,189.42,8.42
14,2012-01-27,1595362.27,0,37.93,3.57,189.52,8.42
14,2012-02-03,1877410.36,0,42.96,3.62,189.61,8.42
14,2012-02-10,2077256.24,1,37.00,3.64,189.71,8.42
14,2012-02-17,2020550.99,0,36.85,3.70,189.84,8.42
14,2012-02-24,1875040.16,0,42.86,3.74,190.01,8.42
14,2012-03-02,1926004.99,0,41.55,3.82,190.17,8.42
14,2012-03-09,2020839.31,0,45.52,3.85,190.34,8.42
14,2012-03-16,1941040.50,0,50.56,3.86,190.46,8.42
14,2012-03-23,1893447.71,0,59.45,3.90,190.54,8.42
14,2012-03-30,1905033.01,0,50.04,3.95,190.61,8.42
14,2012-04-06,2376022.26,0,49.73,4.00,190.69,8.57
14,2012-04-13,1912909.69,0,51.83,4.04,190.76,8.57
14,2012-04-20,1875686.44,0,63.13,4.03,190.81,8.57
14,2012-04-27,1784029.95,0,53.20,4.00,190.87,8.57
14,2012-05-04,1949354.29,0,55.21,3.95,190.92,8.57
14,2012-05-11,1987531.05,0,61.24,3.89,190.98,8.57
14,2012-05-18,1932233.17,0,66.30,3.85,191.00,8.57
14,2012-05-25,2030869.61,0,67.21,3.80,191.00,8.57
14,2012-06-01,2049485.49,0,74.48,3.74,191.01,8.57
14,2012-06-08,2099615.88,0,64.30,3.69,191.02,8.57
14,2012-06-15,1905733.68,0,71.93,3.62,191.03,8.57
14,2012-06-22,1660228.88,0,74.22,3.56,191.06,8.57
14,2012-06-29,1591835.02,0,75.22,3.51,191.10,8.57
14,2012-07-06,1862128.95,0,82.99,3.48,191.13,8.68
14,2012-07-13,1544422.35,0,79.97,3.52,191.17,8.68
14,2012-07-20,1553250.16,0,78.89,3.57,191.17,8.68
14,2012-07-27,1479514.66,0,77.20,3.65,191.17,8.68
14,2012-08-03,1656886.46,0,76.58,3.65,191.16,8.68
14,2012-08-10,1648570.03,0,78.65,3.72,191.16,8.68
14,2012-08-17,1660433.30,0,75.71,3.81,191.23,8.68
14,2012-08-24,1621841.33,0,72.62,3.83,191.34,8.68
14,2012-08-31,1613342.19,0,75.09,3.87,191.46,8.68
14,2012-09-07,1904512.34,1,75.70,3.91,191.58,8.68
14,2012-09-14,1554794.22,0,67.87,3.95,191.70,8.68
14,2012-09-21,1565352.46,0,65.32,4.04,191.86,8.68
14,2012-09-28,1522512.20,0,64.88,4.00,192.01,8.68
14,2012-10-05,1687592.16,0,64.89,3.99,192.17,8.67
14,2012-10-12,1639585.61,0,54.47,4.00,192.33,8.67
14,2012-10-19,1590274.72,0,56.47,3.97,192.33,8.67
14,2012-10-26,1704357.62,0,58.85,3.88,192.31,8.67
15,2010-02-05,652122.44,0,19.83,2.95,131.53,8.35
15,2010-02-12,682447.10,1,22.00,2.94,131.59,8.35
15,2010-02-19,660838.75,0,27.54,2.91,131.64,8.35
15,2010-02-26,564883.20,0,29.87,2.91,131.69,8.35
15,2010-03-05,605325.43,0,31.79,2.92,131.74,8.35
15,2010-03-12,604173.59,0,41.39,2.94,131.78,8.35
15,2010-03-19,593710.67,0,44.69,2.96,131.82,8.35
15,2010-03-26,592111.49,0,39.53,2.96,131.86,8.35
15,2010-04-02,718470.71,0,45.27,2.96,131.90,8.19
15,2010-04-09,634605.77,0,57.77,2.99,131.94,8.19
15,2010-04-16,641208.65,0,49.63,3.01,131.98,8.19
15,2010-04-23,643097.60,0,46.54,3.02,132.02,8.19
15,2010-04-30,570791.11,0,49.09,3.04,132.06,8.19
15,2010-05-07,661348.88,0,63.16,3.10,132.11,8.19
15,2010-05-14,594385.20,0,47.13,3.11,132.15,8.19
15,2010-05-21,616598.10,0,59.09,3.10,132.22,8.19
15,2010-05-28,744772.88,0,70.61,3.05,132.29,8.19
15,2010-06-04,693192.50,0,69.99,3.01,132.36,8.19
15,2010-06-11,619337.29,0,61.04,2.97,132.44,8.19
15,2010-06-18,652329.53,0,65.83,2.94,132.47,8.19
15,2010-06-25,672194.03,0,72.79,2.96,132.50,8.19
15,2010-07-02,709337.11,0,66.13,2.96,132.52,8.10
15,2010-07-09,691497.62,0,77.33,2.94,132.55,8.10
15,2010-07-16,633203.69,0,72.83,2.93,132.57,8.10
15,2010-07-23,598553.43,0,73.20,2.92,132.58,8.10
15,2010-07-30,619224.06,0,72.04,2.93,132.60,8.10
15,2010-08-06,639651.24,0,72.70,2.94,132.61,8.10
15,2010-08-13,622437.08,0,72.17,2.92,132.63,8.10
15,2010-08-20,637090.44,0,71.10,2.91,132.66,8.10
15,2010-08-27,649791.15,0,65.07,2.89,132.69,8.10
15,2010-09-03,638647.21,0,73.17,2.86,132.72,8.10
15,2010-09-10,641965.20,1,62.36,2.84,132.76,8.10
15,2010-09-17,583210.87,0,57.94,2.85,132.77,8.10
15,2010-09-24,548542.47,0,62.53,2.84,132.76,8.10
15,2010-10-01,566945.95,0,59.69,2.84,132.76,8.07
15,2010-10-08,591603.79,0,52.19,2.90,132.75,8.07
15,2010-10-15,577011.26,0,49.96,3.00,132.76,8.07
15,2010-10-22,600395.73,0,47.10,3.05,132.82,8.07
15,2010-10-29,598301.50,0,55.09,3.06,132.87,8.07
15,2010-11-05,612987.64,0,40.29,3.05,132.92,8.07
15,2010-11-12,619639.74,0,39.63,3.07,132.98,8.07
15,2010-11-19,608200.81,0,44.10,3.14,132.92,8.07
15,2010-11-26,1120018.92,1,40.71,3.19,132.84,8.07
15,2010-12-03,754134.95,0,36.00,3.20,132.76,8.07
15,2010-12-10,847294.04,0,23.97,3.26,132.68,8.07
15,2010-12-17,983825.15,0,25.30,3.30,132.68,8.07
15,2010-12-24,1368318.17,0,25.07,3.31,132.75,8.07
15,2010-12-31,543754.17,1,26.54,3.34,132.82,8.07
15,2011-01-07,509640.77,0,30.53,3.35,132.88,7.77
15,2011-01-14,479424.20,0,19.53,3.37,132.95,7.77
15,2011-01-21,487311.03,0,21.84,3.39,133.03,7.77
15,2011-01-28,481119.60,0,19.61,3.40,133.11,7.77
15,2011-02-04,556550.85,0,20.69,3.40,133.18,7.77
15,2011-02-11,582864.35,1,21.64,3.42,133.26,7.77
15,2011-02-18,649993.50,0,33.06,3.42,133.37,7.77
15,2011-02-25,547564.09,0,20.87,3.45,133.49,7.77
15,2011-03-04,573374.49,0,28.16,3.61,133.61,7.77
15,2011-03-11,537035.28,0,34.27,3.75,133.74,7.77
15,2011-03-18,551553.99,0,40.23,3.80,133.85,7.77
15,2011-03-25,527389.28,0,32.63,3.79,133.96,7.77
15,2011-04-01,542556.05,0,30.34,3.81,134.07,7.66
15,2011-04-08,587370.81,0,40.94,3.90,134.18,7.66
15,2011-04-15,607691.36,0,48.63,3.98,134.28,7.66
15,2011-04-22,655318.26,0,41.37,4.06,134.36,7.66
15,2011-04-29,560764.41,0,55.46,4.12,134.44,7.66
15,2011-05-06,630522.67,0,49.87,4.19,134.51,7.66
15,2011-05-13,630482.91,0,57.07,4.21,134.59,7.66
15,2011-05-20,593941.90,0,57.19,4.20,134.68,7.66
15,2011-05-27,636193.24,0,65.87,4.13,134.77,7.66
15,2011-06-03,695396.19,0,69.80,4.07,134.86,7.66
15,2011-06-10,642679.81,0,69.86,4.03,134.94,7.66
15,2011-06-17,639928.85,0,63.90,3.99,135.08,7.66
15,2011-06-24,656594.95,0,69.96,3.96,135.27,7.66
15,2011-07-01,674669.16,0,67.43,3.92,135.45,7.81
15,2011-07-08,635118.48,0,73.47,3.89,135.63,7.81
15,2011-07-15,624114.56,0,73.34,3.92,135.78,7.81
15,2011-07-22,607475.44,0,79.97,3.97,135.87,7.81
15,2011-07-29,577511.02,0,74.67,4.00,135.96,7.81
15,2011-08-05,607961.21,0,73.63,4.02,136.05,7.81
15,2011-08-12,590836.37,0,70.63,4.00,136.14,7.81
15,2011-08-19,599488.98,0,70.41,3.94,136.18,7.81
15,2011-08-26,605413.17,0,69.19,3.91,136.21,7.81
15,2011-09-02,649159.68,0,67.63,3.88,136.24,7.81
15,2011-09-09,607593.51,1,67.59,3.93,136.27,7.81
15,2011-09-16,545052.34,0,62.10,3.94,136.31,7.81
15,2011-09-23,545570.86,0,59.00,3.90,136.37,7.81
15,2011-09-30,521297.31,0,64.87,3.86,136.42,7.81
15,2011-10-07,579068.88,0,51.24,3.78,136.47,7.87
15,2011-10-14,537300.94,0,61.30,3.74,136.52,7.87
15,2011-10-21,603318.89,0,51.67,3.76,136.50,7.87
15,2011-10-28,589842.69,0,45.54,3.76,136.49,7.87
15,2011-11-04,615121.78,0,43.39,3.74,136.48,7.87
15,2011-11-11,618949.82,0,47.13,3.72,136.46,7.87
15,2011-11-18,597856.51,0,46.53,3.72,136.47,7.87
15,2011-11-25,1066478.10,1,41.10,3.69,136.48,7.87
15,2011-12-02,699028.66,0,45.67,3.67,136.49,7.87
15,2011-12-09,764565.55,0,38.53,3.63,136.50,7.87
15,2011-12-16,870415.49,0,35.49,3.61,136.53,7.87
15,2011-12-23,1182691.87,0,34.93,3.59,136.59,7.87
15,2011-12-30,603460.79,1,31.44,3.57,136.64,7.87
15,2012-01-06,516087.65,0,30.24,3.59,136.70,7.94
15,2012-01-13,454183.42,0,36.26,3.67,136.75,7.94
15,2012-01-20,492721.85,0,21.39,3.71,136.86,7.94
15,2012-01-27,466045.63,0,30.87,3.74,136.96,7.94
15,2012-02-03,523831.64,0,35.30,3.80,137.06,7.94
15,2012-02-10,628218.22,1,31.91,3.83,137.17,7.94
15,2012-02-17,598502.83,0,30.26,3.87,137.26,7.94
15,2012-02-24,561137.06,0,33.18,3.92,137.34,7.94
15,2012-03-02,541292.64,0,33.24,3.98,137.42,7.94
15,2012-03-09,545120.67,0,36.97,4.02,137.51,7.94
15,2012-03-16,570611.23,0,47.42,4.02,137.58,7.94
15,2012-03-23,565481.88,0,58.92,4.05,137.66,7.94
15,2012-03-30,557547.25,0,42.65,4.10,137.73,7.94
15,2012-04-06,659950.36,0,40.01,4.14,137.80,8.15
15,2012-04-13,558585.13,0,43.52,4.19,137.87,8.15
15,2012-04-20,534780.57,0,54.47,4.17,137.92,8.15
15,2012-04-27,527402.62,0,41.57,4.16,137.98,8.15
15,2012-05-04,577868.38,0,51.04,4.12,138.03,8.15
15,2012-05-11,579539.95,0,54.23,4.06,138.09,8.15
15,2012-05-18,600050.98,0,58.84,4.03,138.11,8.15
15,2012-05-25,693780.42,0,67.97,3.98,138.11,8.15
15,2012-06-01,663971.26,0,67.61,3.92,138.11,8.15
15,2012-06-08,611390.67,0,59.35,3.87,138.12,8.15
15,2012-06-15,636737.65,0,67.70,3.79,138.13,8.15
15,2012-06-22,687085.60,0,74.28,3.72,138.16,8.15
15,2012-06-29,624099.48,0,68.91,3.67,138.20,8.15
15,2012-07-06,678024.75,0,74.64,3.65,138.23,8.19
15,2012-07-13,591335.50,0,72.62,3.69,138.26,8.19
15,2012-07-20,592369.22,0,75.31,3.73,138.23,8.19
15,2012-07-27,571190.83,0,73.90,3.82,138.20,8.19
15,2012-08-03,590739.62,0,73.13,3.82,138.17,8.19
15,2012-08-10,590453.63,0,73.99,3.86,138.14,8.19
15,2012-08-17,579738.20,0,70.29,3.96,138.19,8.19
15,2012-08-24,606210.77,0,66.98,4.00,138.28,8.19
15,2012-08-31,610185.32,0,71.42,4.03,138.38,8.19
15,2012-09-07,587259.82,1,71.61,4.08,138.47,8.19
15,2012-09-14,527509.76,0,65.44,4.09,138.57,8.19
15,2012-09-21,533161.64,0,60.34,4.20,138.65,8.19
15,2012-09-28,553901.97,0,57.13,4.16,138.74,8.19
15,2012-10-05,573498.64,0,59.57,4.15,138.83,7.99
15,2012-10-12,551799.63,0,49.12,4.19,138.91,7.99
15,2012-10-19,555652.77,0,52.89,4.15,138.83,7.99
15,2012-10-26,558473.60,0,55.75,4.07,138.73,7.99
16,2010-02-05,477409.30,0,19.79,2.58,189.38,7.04
16,2010-02-12,472044.28,1,20.87,2.57,189.46,7.04
16,2010-02-19,469868.70,0,21.13,2.55,189.53,7.04
16,2010-02-26,443242.17,0,18.12,2.59,189.60,7.04
16,2010-03-05,444181.85,0,27.92,2.62,189.67,7.04
16,2010-03-12,445393.74,0,28.64,2.68,189.74,7.04
16,2010-03-19,504307.35,0,33.45,2.69,189.73,7.04
16,2010-03-26,483177.20,0,29.88,2.72,189.72,7.04
16,2010-04-02,490503.69,0,36.19,2.73,189.70,6.84
16,2010-04-09,424083.99,0,34.21,2.75,189.69,6.84
16,2010-04-16,436312.41,0,45.69,2.77,189.66,6.84
16,2010-04-23,370230.94,0,44.90,2.78,189.62,6.84
16,2010-04-30,383550.93,0,37.75,2.77,189.58,6.84
16,2010-05-07,403217.22,0,37.43,2.77,189.53,6.84
16,2010-05-14,401770.90,0,41.26,2.79,189.49,6.84
16,2010-05-21,435300.51,0,47.34,2.78,189.47,6.84
16,2010-05-28,479430.00,0,52.08,2.74,189.45,6.84
16,2010-06-04,516295.81,0,53.76,2.70,189.42,6.84
16,2010-06-11,535587.31,0,62.63,2.68,189.40,6.84
16,2010-06-18,540149.85,0,52.40,2.67,189.42,6.84
16,2010-06-25,546554.96,0,62.37,2.72,189.45,6.84
16,2010-07-02,610641.42,0,64.44,2.73,189.49,6.87
16,2010-07-09,614253.33,0,61.79,2.71,189.52,6.87
16,2010-07-16,586583.69,0,67.68,2.70,189.61,6.87
16,2010-07-23,588344.18,0,70.67,2.69,189.77,6.87
16,2010-07-30,562633.67,0,70.71,2.69,189.94,6.87
16,2010-08-06,586936.45,0,67.42,2.69,190.10,6.87
16,2010-08-13,543757.97,0,63.91,2.72,190.26,6.87
16,2010-08-20,521516.96,0,63.59,2.73,190.29,6.87
16,2010-08-27,581010.52,0,65.66,2.73,190.33,6.87
16,2010-09-03,542087.89,0,58.02,2.77,190.36,6.87
16,2010-09-10,537518.57,1,57.24,2.78,190.40,6.87
16,2010-09-17,522049.52,0,56.55,2.80,190.47,6.87
16,2010-09-24,511330.32,0,58.19,2.79,190.57,6.87
16,2010-10-01,463977.54,0,59.39,2.76,190.67,6.99
16,2010-10-08,442894.20,0,54.29,2.75,190.78,6.99
16,2010-10-15,452169.28,0,45.00,2.76,190.86,6.99
16,2010-10-22,541216.92,0,45.85,2.76,190.91,6.99
16,2010-10-29,495022.51,0,35.76,2.75,190.95,6.99
16,2010-11-05,446905.02,0,39.94,2.73,191.00,6.99
16,2010-11-12,453632.76,0,34.04,2.74,191.04,6.99
16,2010-11-19,458634.68,0,27.26,2.76,191.03,6.99
16,2010-11-26,651837.77,1,23.46,2.74,191.01,6.99
16,2010-12-03,512260.59,0,23.68,2.71,190.99,6.99
16,2010-12-10,570103.64,0,32.02,2.73,190.97,6.99
16,2010-12-17,648652.01,0,26.01,2.78,191.03,6.99
16,2010-12-24,1004730.69,0,32.46,2.78,191.14,6.99
16,2010-12-31,575317.38,1,19.66,2.83,191.26,6.99
16,2011-01-07,573545.96,0,12.39,2.88,191.37,6.61
16,2011-01-14,470365.59,0,17.46,2.91,191.48,6.61
16,2011-01-21,462888.13,0,28.60,2.97,191.57,6.61
16,2011-01-28,448391.99,0,20.80,3.01,191.67,6.61
16,2011-02-04,479263.15,0,13.64,3.01,191.76,6.61
16,2011-02-11,466806.89,1,15.02,3.04,191.86,6.61
16,2011-02-18,491179.79,0,27.18,3.05,191.92,6.61
16,2011-02-25,475201.64,0,26.15,3.10,191.96,6.61
16,2011-03-04,484829.07,0,31.77,3.23,192.01,6.61
16,2011-03-11,457504.35,0,29.36,3.37,192.06,6.61
16,2011-03-18,497373.49,0,36.50,3.41,192.12,6.61
16,2011-03-25,465279.68,0,32.61,3.41,192.20,6.61
16,2011-04-01,459756.11,0,35.75,3.46,192.27,6.34
16,2011-04-08,439276.50,0,38.04,3.53,192.34,6.34
16,2011-04-15,427855.24,0,34.59,3.61,192.42,6.34
16,2011-04-22,368600.00,0,40.74,3.64,192.52,6.34
16,2011-04-29,378100.31,0,37.77,3.66,192.62,6.34
16,2011-05-06,423805.22,0,38.64,3.74,192.73,6.34
16,2011-05-13,410406.95,0,43.29,3.77,192.83,6.34
16,2011-05-20,435397.19,0,43.95,3.83,192.83,6.34
16,2011-05-27,444718.68,0,45.17,3.80,192.84,6.34
16,2011-06-03,531080.31,0,54.08,3.76,192.84,6.34
16,2011-06-10,600952.06,0,55.78,3.74,192.85,6.34
16,2011-06-17,581546.23,0,58.34,3.70,192.90,6.34
16,2011-06-24,569105.03,0,54.36,3.66,193.00,6.34
16,2011-07-01,608737.56,0,63.59,3.60,193.09,6.34
16,2011-07-08,634634.66,0,65.00,3.54,193.19,6.34
16,2011-07-15,586841.77,0,65.16,3.53,193.31,6.34
16,2011-07-22,581758.22,0,65.36,3.55,193.51,6.34
16,2011-07-29,582381.95,0,66.84,3.55,193.71,6.34
16,2011-08-05,592981.33,0,63.96,3.55,193.91,6.34
16,2011-08-12,563884.47,0,67.09,3.54,194.11,6.34
16,2011-08-19,554630.42,0,68.83,3.50,194.25,6.34
16,2011-08-26,557312.01,0,67.51,3.49,194.38,6.34
16,2011-09-02,580805.33,0,63.44,3.51,194.51,6.34
16,2011-09-09,574622.56,1,56.99,3.57,194.64,6.34
16,2011-09-16,539081.09,0,53.68,3.60,194.74,6.34
16,2011-09-23,504856.97,0,50.39,3.58,194.81,6.34
16,2011-09-30,450075.31,0,57.61,3.54,194.88,6.34
16,2011-10-07,482926.93,0,48.91,3.50,194.95,6.23
16,2011-10-14,498241.06,0,39.97,3.49,195.03,6.23
16,2011-10-21,560104.16,0,46.99,3.55,195.18,6.23
16,2011-10-28,505918.21,0,41.97,3.55,195.33,6.23
16,2011-11-04,511059.95,0,33.43,3.53,195.48,6.23
16,2011-11-11,513181.31,0,29.56,3.51,195.64,6.23
16,2011-11-18,480353.64,0,31.73,3.48,195.72,6.23
16,2011-11-25,712422.40,1,31.39,3.42,195.77,6.23
16,2011-12-02,530492.84,0,27.83,3.38,195.82,6.23
16,2011-12-09,574798.86,0,14.44,3.33,195.87,6.23
16,2011-12-16,679481.90,0,22.50,3.27,195.98,6.23
16,2011-12-23,950691.96,0,20.79,3.17,196.17,6.23
16,2011-12-30,665861.06,1,23.91,3.12,196.36,6.23
16,2012-01-06,564538.07,0,26.49,3.10,196.55,6.16
16,2012-01-13,508520.09,0,19.55,3.08,196.73,6.16
16,2012-01-20,474389.75,0,29.30,3.06,196.78,6.16
16,2012-01-27,453979.19,0,28.17,3.04,196.83,6.16
16,2012-02-03,475905.10,0,25.53,3.03,196.87,6.16
16,2012-02-10,473766.97,1,23.69,3.10,196.92,6.16
16,2012-02-17,494069.49,0,31.19,3.11,196.94,6.16
16,2012-02-24,495720.30,0,26.21,3.13,196.95,6.16
16,2012-03-02,464189.09,0,23.40,3.19,196.96,6.16
16,2012-03-09,495951.66,0,28.16,3.29,196.96,6.16
16,2012-03-16,520850.71,0,38.02,3.49,197.05,6.16
16,2012-03-23,493503.89,0,38.70,3.66,197.23,6.16
16,2012-03-30,485095.41,0,48.29,3.75,197.41,6.16
16,2012-04-06,502662.07,0,48.93,3.85,197.60,6.17
16,2012-04-13,450756.71,0,45.83,3.90,197.78,6.17
16,2012-04-20,436221.26,0,43.61,3.94,197.72,6.17
16,2012-04-27,398445.15,0,59.69,3.93,197.66,6.17
16,2012-05-04,426959.62,0,51.34,3.90,197.61,6.17
16,2012-05-11,479855.00,0,53.57,3.87,197.55,6.17
16,2012-05-18,493506.47,0,56.74,3.84,197.56,6.17
16,2012-05-25,518045.09,0,57.36,3.80,197.59,6.17
16,2012-06-01,532311.93,0,58.97,3.76,197.62,6.17
16,2012-06-08,603618.89,0,65.43,3.74,197.66,6.17
16,2012-06-15,570045.79,0,65.36,3.72,197.69,6.17
16,2012-06-22,581745.72,0,70.41,3.74,197.74,6.17
16,2012-06-29,570162.28,0,77.31,3.69,197.79,6.17
16,2012-07-06,641763.53,0,70.49,3.65,197.83,6.06
16,2012-07-13,569005.06,0,70.29,3.61,197.88,6.06
16,2012-07-20,565297.54,0,68.43,3.59,197.93,6.06
16,2012-07-27,539337.87,0,69.00,3.57,197.98,6.06
16,2012-08-03,584000.71,0,68.59,3.53,198.03,6.06
16,2012-08-10,554036.84,0,70.24,3.51,198.08,6.06
16,2012-08-17,521896.60,0,62.07,3.55,198.10,6.06
16,2012-08-24,551152.15,0,61.44,3.56,198.10,6.06
16,2012-08-31,551837.31,0,64.19,3.56,198.10,6.06
16,2012-09-07,537138.58,1,60.09,3.60,198.10,6.06
16,2012-09-14,526525.16,0,56.69,3.66,198.13,6.06
16,2012-09-21,509942.56,0,56.48,3.77,198.36,6.06
16,2012-09-28,469607.73,0,51.40,3.79,198.59,6.06
16,2012-10-05,471281.68,0,50.46,3.78,198.82,5.85
16,2012-10-12,491817.19,0,43.26,3.76,199.05,5.85
16,2012-10-19,577198.97,0,40.59,3.75,199.15,5.85
16,2012-10-26,475770.14,0,40.99,3.69,199.22,5.85
17,2010-02-05,789036.02,0,23.11,2.67,126.44,6.55
17,2010-02-12,841951.91,1,18.36,2.67,126.50,6.55
17,2010-02-19,800714.00,0,25.06,2.65,126.53,6.55
17,2010-02-26,749549.55,0,15.64,2.67,126.55,6.55
17,2010-03-05,783300.05,0,31.58,2.68,126.58,6.55
17,2010-03-12,763961.82,0,29.71,2.73,126.60,6.55
17,2010-03-19,752034.52,0,33.96,2.78,126.61,6.55
17,2010-03-26,793097.64,0,35.59,2.82,126.61,6.55
17,2010-04-02,848521.17,0,36.94,2.84,126.60,6.64
17,2010-04-09,770228.02,0,34.05,2.88,126.60,6.64
17,2010-04-16,757738.76,0,45.22,2.92,126.56,6.64
17,2010-04-23,977790.83,0,52.25,2.94,126.47,6.64
17,2010-04-30,807798.73,0,43.82,2.94,126.38,6.64
17,2010-05-07,843848.65,0,40.26,2.95,126.29,6.64
17,2010-05-14,813756.09,0,47.28,2.96,126.21,6.64
17,2010-05-21,826626.50,0,53.94,2.95,126.18,6.64
17,2010-05-28,872817.62,0,48.19,2.91,126.16,6.64
17,2010-06-04,876902.87,0,53.79,2.87,126.14,6.64
17,2010-06-11,845252.21,0,57.14,2.84,126.11,6.64
17,2010-06-18,877996.27,0,54.94,2.82,126.11,6.64
17,2010-06-25,893995.44,0,62.64,2.82,126.13,6.64
17,2010-07-02,958875.37,0,68.98,2.81,126.14,6.70
17,2010-07-09,836915.92,0,62.41,2.80,126.15,6.70
17,2010-07-16,876591.41,0,65.66,2.79,126.15,6.70
17,2010-07-23,893504.87,0,69.66,2.80,126.13,6.70
17,2010-07-30,833517.19,0,69.96,2.80,126.11,6.70
17,2010-08-06,795301.17,0,70.53,2.80,126.09,6.70
17,2010-08-13,759995.18,0,65.17,2.84,126.06,6.70
17,2010-08-20,783929.70,0,67.04,2.85,126.08,6.70
17,2010-08-27,802583.89,0,65.03,2.85,126.09,6.70
17,2010-09-03,834373.73,0,57.86,2.87,126.10,6.70
17,2010-09-10,1200888.28,1,56.28,2.87,126.11,6.70
17,2010-09-17,871264.25,0,58.53,2.88,126.15,6.70
17,2010-09-24,852876.29,0,58.39,2.87,126.19,6.70
17,2010-10-01,829207.27,0,60.07,2.85,126.23,6.89
17,2010-10-08,827738.06,0,58.06,2.84,126.28,6.89
17,2010-10-15,838297.32,0,47.35,2.85,126.33,6.89
17,2010-10-22,815093.76,0,47.95,2.85,126.38,6.89
17,2010-10-29,861941.25,0,39.87,2.84,126.44,6.89
17,2010-11-05,818434.49,0,42.54,2.83,126.49,6.89
17,2010-11-12,855459.96,0,36.32,2.83,126.55,6.89
17,2010-11-19,782252.57,0,36.31,2.84,126.61,6.89
17,2010-11-26,1005448.76,1,19.03,2.83,126.67,6.89
17,2010-12-03,926573.81,0,22.47,2.81,126.73,6.89
17,2010-12-10,962475.55,0,31.64,2.82,126.79,6.89
17,2010-12-17,1049372.38,0,25.13,2.84,126.88,6.89
17,2010-12-24,1309226.79,0,26.58,2.85,126.98,6.89
17,2010-12-31,635862.55,1,20.79,2.87,127.09,6.89
17,2011-01-07,1083071.14,0,6.23,2.89,127.19,6.87
17,2011-01-14,758510.36,0,16.57,2.90,127.30,6.87
17,2011-01-21,755804.37,0,26.62,2.93,127.44,6.87
17,2011-01-28,736335.69,0,22.16,2.96,127.58,6.87
17,2011-02-04,816603.05,0,11.29,2.97,127.72,6.87
17,2011-02-11,813211.46,1,14.19,3.03,127.86,6.87
17,2011-02-18,860962.91,0,26.86,3.06,128.00,6.87
17,2011-02-25,767256.53,0,24.36,3.12,128.13,6.87
17,2011-03-04,816138.33,0,24.21,3.23,128.26,6.87
17,2011-03-11,779602.36,0,32.42,3.35,128.40,6.87
17,2011-03-18,778436.81,0,34.48,3.41,128.51,6.87
17,2011-03-25,781267.76,0,36.71,3.44,128.62,6.87
17,2011-04-01,795859.23,0,39.38,3.49,128.72,6.77
17,2011-04-08,811855.72,0,39.16,3.55,128.82,6.77
17,2011-04-15,825283.43,0,39.98,3.62,128.91,6.77
17,2011-04-22,1060770.11,0,42.24,3.66,128.96,6.77
17,2011-04-29,806979.15,0,40.14,3.68,129.00,6.77
17,2011-05-06,882132.28,0,45.66,3.74,129.04,6.77
17,2011-05-13,870625.49,0,49.26,3.77,129.09,6.77
17,2011-05-20,844443.35,0,51.93,3.80,129.08,6.77
17,2011-05-27,892056.64,0,51.04,3.78,129.06,6.77
17,2011-06-03,895020.48,0,49.61,3.75,129.05,6.77
17,2011-06-10,881190.46,0,54.57,3.73,129.04,6.77
17,2011-06-17,894686.67,0,56.61,3.70,129.04,6.77
17,2011-06-24,920719.98,0,60.99,3.67,129.07,6.77
17,2011-07-01,940554.34,0,67.39,3.61,129.09,6.75
17,2011-07-08,915064.22,0,70.60,3.56,129.11,6.75
17,2011-07-15,902727.76,0,67.93,3.55,129.13,6.75
17,2011-07-22,899044.34,0,69.82,3.56,129.15,6.75
17,2011-07-29,861894.77,0,68.59,3.57,129.17,6.75
17,2011-08-05,866184.92,0,65.71,3.60,129.18,6.75
17,2011-08-12,800819.79,0,64.79,3.61,129.20,6.75
17,2011-08-19,797523.04,0,67.59,3.58,129.24,6.75
17,2011-08-26,837390.79,0,72.04,3.57,129.28,6.75
17,2011-09-02,847380.07,0,69.31,3.58,129.33,6.75
17,2011-09-09,1161900.18,1,61.94,3.62,129.37,6.75
17,2011-09-16,1051116.95,0,61.48,3.64,129.43,6.75
17,2011-09-23,895535.31,0,56.96,3.65,129.52,6.75
17,2011-09-30,868191.05,0,61.40,3.62,129.61,6.75
17,2011-10-07,918006.90,0,54.40,3.59,129.69,6.62
17,2011-10-14,884042.63,0,47.69,3.57,129.77,6.62
17,2011-10-21,877380.22,0,47.27,3.58,129.78,6.62
17,2011-10-28,936508.43,0,41.89,3.57,129.79,6.62
17,2011-11-04,927657.63,0,37.52,3.54,129.81,6.62
17,2011-11-11,914759.20,0,27.61,3.51,129.82,6.62
17,2011-11-18,877724.31,0,32.93,3.49,129.83,6.62
17,2011-11-25,1225700.28,1,32.81,3.45,129.84,6.62
17,2011-12-02,945267.68,0,26.47,3.39,129.85,6.62
17,2011-12-09,976522.93,0,17.56,3.34,129.86,6.62
17,2011-12-16,1067754.06,0,21.07,3.28,129.90,6.62
17,2011-12-23,1289156.90,0,18.76,3.19,129.98,6.62
17,2011-12-30,777207.30,1,26.73,3.12,130.07,6.62
17,2012-01-06,1198104.22,0,27.64,3.08,130.16,6.40
17,2012-01-13,873576.96,0,20.28,3.06,130.24,6.40
17,2012-01-20,809272.65,0,27.26,3.05,130.28,6.40
17,2012-01-27,769522.33,0,29.99,3.06,130.31,6.40
17,2012-02-03,864852.85,0,26.26,3.08,130.35,6.40
17,2012-02-10,880165.70,1,23.63,3.12,130.38,6.40
17,2012-02-17,927084.65,0,30.76,3.12,130.45,6.40
17,2012-02-24,843864.43,0,30.01,3.15,130.55,6.40
17,2012-03-02,856178.47,0,26.28,3.24,130.65,6.40
17,2012-03-09,860224.98,0,32.02,3.38,130.74,6.40
17,2012-03-16,853136.46,0,43.69,3.53,130.83,6.40
17,2012-03-23,851762.28,0,40.69,3.67,130.90,6.40
17,2012-03-30,872469.03,0,45.29,3.73,130.97,6.40
17,2012-04-06,986922.62,0,43.92,3.79,131.04,6.24
17,2012-04-13,877055.32,0,46.94,3.83,131.11,6.24
17,2012-04-20,1119979.98,0,47.69,3.85,131.12,6.24
17,2012-04-27,925916.65,0,59.11,3.84,131.13,6.24
17,2012-05-04,930121.14,0,48.86,3.83,131.14,6.24
17,2012-05-11,944100.30,0,49.96,3.81,131.15,6.24
17,2012-05-18,968816.33,0,59.67,3.81,131.10,6.24
17,2012-05-25,984881.59,0,55.69,3.80,131.03,6.24
17,2012-06-01,938914.28,0,54.13,3.79,130.96,6.24
17,2012-06-08,987990.24,0,60.51,3.78,130.89,6.24
17,2012-06-15,964169.67,0,56.67,3.76,130.83,6.24
17,2012-06-22,981210.57,0,62.90,3.74,130.79,6.24
17,2012-06-29,982322.24,0,71.14,3.68,130.76,6.24
17,2012-07-06,1046782.52,0,68.91,3.63,130.72,5.94
17,2012-07-13,960746.04,0,72.94,3.60,130.68,5.94
17,2012-07-20,944698.70,0,70.59,3.56,130.70,5.94
17,2012-07-27,907493.24,0,74.20,3.54,130.72,5.94
17,2012-08-03,877813.33,0,72.94,3.51,130.74,5.94
17,2012-08-10,849074.04,0,73.29,3.51,130.76,5.94
17,2012-08-17,844928.17,0,70.98,3.55,130.79,5.94
17,2012-08-24,924299.78,0,68.89,3.58,130.84,5.94
17,2012-08-31,865924.20,0,68.07,3.62,130.89,5.94
17,2012-09-07,1255633.29,1,61.99,3.69,130.93,5.94
17,2012-09-14,1071040.22,0,59.64,3.75,130.98,5.94
17,2012-09-21,938303.28,0,58.43,3.82,131.01,5.94
17,2012-09-28,972716.24,0,57.77,3.82,131.04,5.94
17,2012-10-05,952609.17,0,52.81,3.82,131.08,5.53
17,2012-10-12,919878.34,0,44.82,3.80,131.11,5.53
17,2012-10-19,957356.84,0,48.16,3.78,131.15,5.53
17,2012-10-26,943465.29,0,39.94,3.76,131.19,5.53
18,2010-02-05,1205307.50,0,21.33,2.79,131.53,9.20
18,2010-02-12,1187880.70,1,26.41,2.77,131.59,9.20
18,2010-02-19,1150663.42,0,30.91,2.75,131.64,9.20
18,2010-02-26,1068157.45,0,35.42,2.75,131.69,9.20
18,2010-03-05,1179738.50,0,37.17,2.77,131.74,9.20
18,2010-03-12,1138800.32,0,42.39,2.81,131.78,9.20
18,2010-03-19,1087507.47,0,45.42,2.83,131.82,9.20
18,2010-03-26,1092704.09,0,47.55,2.83,131.86,9.20
18,2010-04-02,1254107.84,0,45.63,2.83,131.90,9.27
18,2010-04-09,1174447.55,0,59.91,2.85,131.94,9.27
18,2010-04-16,1135577.62,0,50.26,2.89,131.98,9.27
18,2010-04-23,1132433.55,0,50.30,2.90,132.02,9.27
18,2010-04-30,1060446.16,0,51.12,2.94,132.06,9.27
18,2010-05-07,1222255.47,0,65.64,2.98,132.11,9.27
18,2010-05-14,1092616.49,0,49.90,2.98,132.15,9.27
18,2010-05-21,1101621.36,0,60.27,2.96,132.22,9.27
18,2010-05-28,1256282.79,0,69.12,2.91,132.29,9.27
18,2010-06-04,1271311.76,0,70.28,2.86,132.36,9.27
18,2010-06-11,1173521.82,0,64.08,2.83,132.44,9.27
18,2010-06-18,1183225.92,0,65.96,2.81,132.47,9.27
18,2010-06-25,1220983.17,0,74.04,2.81,132.50,9.27
18,2010-07-02,1257928.35,0,71.22,2.82,132.52,9.34
18,2010-07-09,1171391.41,0,79.75,2.81,132.55,9.34
18,2010-07-16,1115514.61,0,76.90,2.80,132.57,9.34
18,2010-07-23,1032908.23,0,75.71,2.78,132.58,9.34
18,2010-07-30,1078557.62,0,75.79,2.79,132.60,9.34
18,2010-08-06,1166117.85,0,73.67,2.79,132.61,9.34
18,2010-08-13,1084722.78,0,74.19,2.81,132.63,9.34
18,2010-08-20,1141860.67,0,71.76,2.80,132.66,9.34
18,2010-08-27,1214302.76,0,67.05,2.77,132.69,9.34
18,2010-09-03,1187359.77,0,75.42,2.74,132.72,9.34
18,2010-09-10,1011201.12,1,67.09,2.72,132.76,9.34
18,2010-09-17,997998.21,0,60.94,2.72,132.77,9.34
18,2010-09-24,950862.92,0,64.82,2.72,132.76,9.34
18,2010-10-01,948977.50,0,67.76,2.72,132.76,9.33
18,2010-10-08,1107432.71,0,54.73,2.78,132.75,9.33
18,2010-10-15,1029618.10,0,52.02,2.88,132.76,9.33
18,2010-10-22,1052120.43,0,47.12,2.92,132.82,9.33
18,2010-10-29,1038576.54,0,55.85,2.94,132.87,9.33
18,2010-11-05,1089530.94,0,42.05,2.94,132.92,9.33
18,2010-11-12,1081322.12,0,43.17,2.96,132.98,9.33
18,2010-11-19,1045722.37,0,45.26,3.03,132.92,9.33
18,2010-11-26,1653759.36,1,40.81,3.07,132.84,9.33
18,2010-12-03,1211026.13,0,37.09,3.07,132.76,9.33
18,2010-12-10,1416168.98,0,25.64,3.13,132.68,9.33
18,2010-12-17,1588430.71,0,27.40,3.14,132.68,9.33
18,2010-12-24,2027507.15,0,28.16,3.15,132.75,9.33
18,2010-12-31,887907.01,1,26.10,3.18,132.82,9.33
18,2011-01-07,933960.30,0,30.10,3.19,132.88,9.13
18,2011-01-14,777175.28,0,22.69,3.22,132.95,9.13
18,2011-01-21,891148.55,0,22.55,3.23,133.03,9.13
18,2011-01-28,849540.85,0,14.84,3.24,133.11,9.13
18,2011-02-04,1055841.24,0,20.79,3.24,133.18,9.13
18,2011-02-11,1122053.58,1,24.30,3.26,133.26,9.13
18,2011-02-18,1095058.57,0,31.59,3.26,133.37,9.13
18,2011-02-25,1005983.31,0,26.15,3.28,133.49,9.13
18,2011-03-04,1063310.62,0,28.49,3.44,133.61,9.13
18,2011-03-11,1002714.25,0,38.40,3.60,133.74,9.13
18,2011-03-18,945889.59,0,41.12,3.63,133.85,9.13
18,2011-03-25,944523.30,0,36.65,3.62,133.96,9.13
18,2011-04-01,938083.17,0,35.06,3.64,134.07,8.98
18,2011-04-08,1018541.30,0,43.32,3.72,134.18,8.98
18,2011-04-15,988157.72,0,49.91,3.82,134.28,8.98
18,2011-04-22,1105860.06,0,45.99,3.92,134.36,8.98
18,2011-04-29,974114.39,0,58.82,3.99,134.44,8.98
18,2011-05-06,1065427.37,0,54.17,4.08,134.51,8.98
18,2011-05-13,993172.98,0,58.48,4.10,134.59,8.98
18,2011-05-20,994610.43,0,57.55,4.10,134.68,8.98
18,2011-05-27,1065214.14,0,64.60,4.03,134.77,8.98
18,2011-06-03,1178039.00,0,70.90,3.97,134.86,8.98
18,2011-06-10,1044079.20,0,69.49,3.92,134.94,8.98
18,2011-06-17,1045859.39,0,63.23,3.87,135.08,8.98
18,2011-06-24,1056478.65,0,67.41,3.85,135.27,8.98
18,2011-07-01,1087051.26,0,69.75,3.82,135.45,8.89
18,2011-07-08,1048802.62,0,73.12,3.78,135.63,8.89
18,2011-07-15,974916.13,0,74.36,3.83,135.78,8.89
18,2011-07-22,991262.46,0,78.68,3.88,135.87,8.89
18,2011-07-29,954148.64,0,73.85,3.90,135.96,8.89
18,2011-08-05,1002806.39,0,74.58,3.90,136.05,8.89
18,2011-08-12,928470.83,0,73.57,3.88,136.14,8.89
18,2011-08-19,932679.79,0,69.24,3.82,136.18,8.89
18,2011-08-26,1147906.46,0,70.32,3.80,136.21,8.89
18,2011-09-02,540922.94,0,68.23,3.78,136.24,8.89
18,2011-09-09,951549.61,1,68.11,3.81,136.27,8.89
18,2011-09-16,845715.37,0,66.23,3.81,136.31,8.89
18,2011-09-23,853073.17,0,60.44,3.76,136.37,8.89
18,2011-09-30,847348.08,0,69.01,3.68,136.42,8.89
18,2011-10-07,1019741.10,0,54.65,3.63,136.47,8.47
18,2011-10-14,953533.95,0,60.26,3.58,136.52,8.47
18,2011-10-21,1048212.62,0,55.83,3.62,136.50,8.47
18,2011-10-28,1106642.63,0,45.61,3.60,136.49,8.47
18,2011-11-04,1100625.06,0,38.29,3.59,136.48,8.47
18,2011-11-11,1079931.63,0,45.69,3.57,136.46,8.47
18,2011-11-18,1056992.18,0,47.88,3.57,136.47,8.47
18,2011-11-25,1624170.99,1,41.97,3.54,136.48,8.47
18,2011-12-02,1188047.61,0,46.25,3.50,136.49,8.47
18,2011-12-09,1368471.23,0,42.36,3.47,136.50,8.47
18,2011-12-16,1516924.23,0,35.52,3.45,136.53,8.47
18,2011-12-23,1882393.40,0,35.78,3.41,136.59,8.47
18,2011-12-30,1010562.49,1,32.36,3.40,136.64,8.47
18,2012-01-06,977286.07,0,31.27,3.44,136.70,8.08
18,2012-01-13,890130.25,0,35.25,3.52,136.75,8.08
18,2012-01-20,937522.77,0,24.20,3.54,136.86,8.08
18,2012-01-27,825584.22,0,30.44,3.57,136.96,8.08
18,2012-02-03,1049772.04,0,37.62,3.63,137.06,8.08
18,2012-02-10,1161615.51,1,32.83,3.66,137.17,8.08
18,2012-02-17,1115985.81,0,32.87,3.70,137.26,8.08
18,2012-02-24,1037861.11,0,36.34,3.75,137.34,8.08
18,2012-03-02,1047178.91,0,33.59,3.83,137.42,8.08
18,2012-03-09,1084894.47,0,38.10,3.88,137.51,8.08
18,2012-03-16,1022018.43,0,45.84,3.87,137.58,8.08
18,2012-03-23,1031139.30,0,58.06,3.89,137.66,8.08
18,2012-03-30,1009121.20,0,45.35,3.92,137.73,8.08
18,2012-04-06,1200815.30,0,43.80,3.96,137.80,8.30
18,2012-04-13,998443.50,0,47.75,4.03,137.87,8.30
18,2012-04-20,1025813.80,0,60.88,4.05,137.92,8.30
18,2012-04-27,961186.23,0,50.43,4.02,137.98,8.30
18,2012-05-04,1050027.89,0,49.66,3.99,138.03,8.30
18,2012-05-11,1060433.10,0,57.44,3.95,138.09,8.30
18,2012-05-18,1047444.59,0,62.31,3.90,138.11,8.30
18,2012-05-25,1088446.58,0,65.48,3.85,138.11,8.30
18,2012-06-01,1118313.70,0,71.42,3.80,138.11,8.30
18,2012-06-08,1110479.94,0,59.10,3.75,138.12,8.30
18,2012-06-15,1057425.83,0,66.58,3.68,138.13,8.30
18,2012-06-22,1080357.89,0,70.92,3.63,138.16,8.30
18,2012-06-29,1097006.30,0,70.17,3.58,138.20,8.30
18,2012-07-06,1158247.31,0,76.08,3.54,138.23,8.54
18,2012-07-13,1024784.92,0,75.09,3.56,138.26,8.54
18,2012-07-20,1033543.56,0,77.43,3.61,138.23,8.54
18,2012-07-27,924506.26,0,72.97,3.70,138.20,8.54
18,2012-08-03,1052066.58,0,72.67,3.70,138.17,8.54
18,2012-08-10,967304.07,0,75.70,3.77,138.14,8.54
18,2012-08-17,1048134.24,0,73.25,3.84,138.19,8.54
18,2012-08-24,1145840.91,0,68.52,3.87,138.28,8.54
18,2012-08-31,1117097.23,0,70.09,3.88,138.38,8.54
18,2012-09-07,1083521.24,1,71.85,3.92,138.47,8.54
18,2012-09-14,960476.10,0,64.45,3.99,138.57,8.54
18,2012-09-21,971386.65,0,60.23,4.06,138.65,8.54
18,2012-09-28,1002856.20,0,58.24,4.02,138.74,8.54
18,2012-10-05,1092204.79,0,59.68,4.03,138.83,8.24
18,2012-10-12,1074079.00,0,50.97,4.03,138.91,8.24
18,2012-10-19,1048706.75,0,51.96,4.00,138.83,8.24
18,2012-10-26,1127516.25,0,56.09,3.92,138.73,8.24
19,2010-02-05,1507637.17,0,20.96,2.95,131.53,8.35
19,2010-02-12,1536549.95,1,23.22,2.94,131.59,8.35
19,2010-02-19,1515976.11,0,28.57,2.91,131.64,8.35
19,2010-02-26,1373270.06,0,30.33,2.91,131.69,8.35
19,2010-03-05,1495844.57,0,32.92,2.92,131.74,8.35
19,2010-03-12,1467889.20,0,39.06,2.94,131.78,8.35
19,2010-03-19,1332940.35,0,43.74,2.96,131.82,8.35
19,2010-03-26,1427023.45,0,39.07,2.96,131.86,8.35
19,2010-04-02,1642970.27,0,45.26,2.96,131.90,8.19
19,2010-04-09,1489613.32,0,55.66,2.99,131.94,8.19
19,2010-04-16,1460354.67,0,49.67,3.01,131.98,8.19
19,2010-04-23,1456793.33,0,46.87,3.02,132.02,8.19
19,2010-04-30,1405065.57,0,49.89,3.04,132.06,8.19
19,2010-05-07,1566219.77,0,62.54,3.10,132.11,8.19
19,2010-05-14,1437319.45,0,46.53,3.11,132.15,8.19
19,2010-05-21,1377716.17,0,57.53,3.10,132.22,8.19
19,2010-05-28,1648882.62,0,68.85,3.05,132.29,8.19
19,2010-06-04,1519013.49,0,68.88,3.01,132.36,8.19
19,2010-06-11,1410683.94,0,61.64,2.97,132.44,8.19
19,2010-06-18,1457314.39,0,66.25,2.94,132.47,8.19
19,2010-06-25,1450407.32,0,72.30,2.96,132.50,8.19
19,2010-07-02,1549018.68,0,66.25,2.96,132.52,8.10
19,2010-07-09,1577541.24,0,78.22,2.94,132.55,8.10
19,2010-07-16,1412157.02,0,74.60,2.93,132.57,8.10
19,2010-07-23,1372043.71,0,74.68,2.92,132.58,8.10
19,2010-07-30,1366395.96,0,72.83,2.93,132.60,8.10
19,2010-08-06,1492060.89,0,74.20,2.94,132.61,8.10
19,2010-08-13,1418027.08,0,72.71,2.92,132.63,8.10
19,2010-08-20,1419383.19,0,72.22,2.91,132.66,8.10
19,2010-08-27,1557888.16,0,66.40,2.89,132.69,8.10
19,2010-09-03,1623519.64,0,74.69,2.86,132.72,8.10
19,2010-09-10,1591453.39,1,63.36,2.84,132.76,8.10
19,2010-09-17,1386789.31,0,58.68,2.85,132.77,8.10
19,2010-09-24,1318343.58,0,63.43,2.84,132.76,8.10
19,2010-10-01,1379456.30,0,59.91,2.84,132.76,8.07
19,2010-10-08,1428960.72,0,53.74,2.90,132.75,8.07
19,2010-10-15,1369317.63,0,51.32,3.00,132.76,8.07
19,2010-10-22,1357154.71,0,48.45,3.05,132.82,8.07
19,2010-10-29,1404576.48,0,56.11,3.06,132.87,8.07
19,2010-11-05,1435379.25,0,41.78,3.05,132.92,8.07
19,2010-11-12,1490235.86,0,40.30,3.07,132.98,8.07
19,2010-11-19,1377593.10,0,44.22,3.14,132.92,8.07
19,2010-11-26,1993367.83,1,42.62,3.19,132.84,8.07
19,2010-12-03,1615987.96,0,36.64,3.20,132.76,8.07
19,2010-12-10,1799070.98,0,25.12,3.26,132.68,8.07
19,2010-12-17,1911967.44,0,26.83,3.30,132.68,8.07
19,2010-12-24,2678206.42,0,26.05,3.31,132.75,8.07
19,2010-12-31,1275146.94,1,28.65,3.34,132.82,8.07
19,2011-01-07,1224175.99,0,31.34,3.35,132.88,7.77
19,2011-01-14,1181204.53,0,21.68,3.37,132.95,7.77
19,2011-01-21,1212967.84,0,22.80,3.39,133.03,7.77
19,2011-01-28,1284185.49,0,20.66,3.40,133.11,7.77
19,2011-02-04,1370562.11,0,21.02,3.40,133.18,7.77
19,2011-02-11,1430851.11,1,21.79,3.42,133.26,7.77
19,2011-02-18,1457270.16,0,34.74,3.42,133.37,7.77
19,2011-02-25,1296658.47,0,23.24,3.45,133.49,7.77
19,2011-03-04,1433569.44,0,29.28,3.61,133.61,7.77
19,2011-03-11,1351450.43,0,35.59,3.75,133.74,7.77
19,2011-03-18,1257972.37,0,40.32,3.80,133.85,7.77
19,2011-03-25,1266564.94,0,33.26,3.79,133.96,7.77
19,2011-04-01,1305950.22,0,30.68,3.81,134.07,7.66
19,2011-04-08,1419911.91,0,41.26,3.90,134.18,7.66
19,2011-04-15,1392093.04,0,48.67,3.98,134.28,7.66
19,2011-04-22,1514288.82,0,41.66,4.06,134.36,7.66
19,2011-04-29,1297237.70,0,54.23,4.12,134.44,7.66
19,2011-05-06,1451953.95,0,50.43,4.19,134.51,7.66
19,2011-05-13,1429143.06,0,54.20,4.21,134.59,7.66
19,2011-05-20,1355234.30,0,52.80,4.20,134.68,7.66
19,2011-05-27,1388553.11,0,63.20,4.13,134.77,7.66
19,2011-06-03,1457345.75,0,66.01,4.07,134.86,7.66
19,2011-06-10,1467473.63,0,68.26,4.03,134.94,7.66
19,2011-06-17,1418973.62,0,64.02,3.99,135.08,7.66
19,2011-06-24,1440785.70,0,68.40,3.96,135.27,7.66
19,2011-07-01,1462731.93,0,67.64,3.92,135.45,7.81
19,2011-07-08,1465489.75,0,73.20,3.89,135.63,7.81
19,2011-07-15,1391580.41,0,73.70,3.92,135.78,7.81
19,2011-07-22,1377119.45,0,79.37,3.97,135.87,7.81
19,2011-07-29,1298775.80,0,74.86,4.00,135.96,7.81
19,2011-08-05,1408968.55,0,73.84,4.02,136.05,7.81
19,2011-08-12,1360969.45,0,70.92,4.00,136.14,7.81
19,2011-08-19,1391792.69,0,71.14,3.94,136.18,7.81
19,2011-08-26,1547729.24,0,69.34,3.91,136.21,7.81
19,2011-09-02,1609951.02,0,69.27,3.88,136.24,7.81
19,2011-09-09,1566712.79,1,68.28,3.93,136.27,7.81
19,2011-09-16,1365633.53,0,62.76,3.94,136.31,7.81
19,2011-09-23,1300375.76,0,61.32,3.90,136.37,7.81
19,2011-09-30,1330757.22,0,64.99,3.86,136.42,7.81
19,2011-10-07,1461718.87,0,53.10,3.78,136.47,7.87
19,2011-10-14,1318905.53,0,61.86,3.74,136.52,7.87
19,2011-10-21,1374863.10,0,52.05,3.76,136.50,7.87
19,2011-10-28,1396612.36,0,46.49,3.76,136.49,7.87
19,2011-11-04,1480289.64,0,44.97,3.74,136.48,7.87
19,2011-11-11,1502078.93,0,48.22,3.72,136.46,7.87
19,2011-11-18,1411835.57,0,48.21,3.72,136.47,7.87
19,2011-11-25,1974646.78,1,42.75,3.69,136.48,7.87
19,2011-12-02,1484708.38,0,45.67,3.67,136.49,7.87
19,2011-12-09,1713769.06,0,40.18,3.63,136.50,7.87
19,2011-12-16,1852179.15,0,37.07,3.61,136.53,7.87
19,2011-12-23,2480159.47,0,36.09,3.59,136.59,7.87
19,2011-12-30,1405168.06,1,31.65,3.57,136.64,7.87
19,2012-01-06,1266570.40,0,31.84,3.59,136.70,7.94
19,2012-01-13,1182198.70,0,37.08,3.67,136.75,7.94
19,2012-01-20,1237104.73,0,23.44,3.71,136.86,7.94
19,2012-01-27,1279623.26,0,32.41,3.74,136.96,7.94
19,2012-02-03,1345311.65,0,36.22,3.80,137.06,7.94
19,2012-02-10,1499496.67,1,32.61,3.83,137.17,7.94
19,2012-02-17,1424720.27,0,30.95,3.87,137.26,7.94
19,2012-02-24,1352470.09,0,33.91,3.92,137.34,7.94
19,2012-03-02,1308977.05,0,34.83,3.98,137.42,7.94
19,2012-03-09,1358816.46,0,38.15,4.02,137.51,7.94
19,2012-03-16,1312849.10,0,48.20,4.02,137.58,7.94
19,2012-03-23,1342254.55,0,56.72,4.05,137.66,7.94
19,2012-03-30,1327139.35,0,43.47,4.10,137.73,7.94
19,2012-04-06,1631737.68,0,40.23,4.14,137.80,8.15
19,2012-04-13,1365098.46,0,44.42,4.19,137.87,8.15
19,2012-04-20,1255087.26,0,55.20,4.17,137.92,8.15
19,2012-04-27,1285897.24,0,42.45,4.16,137.98,8.15
19,2012-05-04,1405007.44,0,50.76,4.12,138.03,8.15
19,2012-05-11,1442873.22,0,55.33,4.06,138.09,8.15
19,2012-05-18,1366937.10,0,58.81,4.03,138.11,8.15
19,2012-05-25,1485540.28,0,67.79,3.98,138.11,8.15
19,2012-06-01,1450733.29,0,68.18,3.92,138.11,8.15
19,2012-06-08,1390122.11,0,60.19,3.87,138.12,8.15
19,2012-06-15,1440263.15,0,68.19,3.79,138.13,8.15
19,2012-06-22,1468350.36,0,75.83,3.72,138.16,8.15
19,2012-06-29,1379652.65,0,69.92,3.67,138.20,8.15
19,2012-07-06,1557120.44,0,76.07,3.65,138.23,8.19
19,2012-07-13,1321741.35,0,73.17,3.69,138.26,8.19
19,2012-07-20,1317672.92,0,76.17,3.73,138.23,8.19
19,2012-07-27,1248915.43,0,74.43,3.82,138.20,8.19
19,2012-08-03,1342123.78,0,73.41,3.82,138.17,8.19
19,2012-08-10,1408907.89,0,74.45,3.86,138.14,8.19
19,2012-08-17,1375101.26,0,69.83,3.96,138.19,8.19
19,2012-08-24,1544653.37,0,66.66,4.00,138.28,8.19
19,2012-08-31,1542719.87,0,71.85,4.03,138.38,8.19
19,2012-09-07,1497073.82,1,72.20,4.08,138.47,8.19
19,2012-09-14,1370653.41,0,65.08,4.09,138.57,8.19
19,2012-09-21,1338572.29,0,60.62,4.20,138.65,8.19
19,2012-09-28,1338299.02,0,56.81,4.16,138.74,8.19
19,2012-10-05,1408016.10,0,59.86,4.15,138.83,7.99
19,2012-10-12,1352809.50,0,48.29,4.19,138.91,7.99
19,2012-10-19,1321102.35,0,53.44,4.15,138.83,7.99
19,2012-10-26,1322117.96,0,56.49,4.07,138.73,7.99
20,2010-02-05,2401395.47,0,25.92,2.78,204.25,8.19
20,2010-02-12,2109107.90,1,22.12,2.77,204.39,8.19
20,2010-02-19,2161549.76,0,25.43,2.75,204.43,8.19
20,2010-02-26,1898193.95,0,32.32,2.75,204.46,8.19
20,2010-03-05,2119213.72,0,31.75,2.78,204.49,8.19
20,2010-03-12,2010974.84,0,43.82,2.82,204.53,8.19
20,2010-03-19,1951848.43,0,47.32,2.84,204.38,8.19
20,2010-03-26,1894742.95,0,50.49,2.85,204.20,8.19
20,2010-04-02,2405395.22,0,51.00,2.85,204.03,7.86
20,2010-04-09,2007796.26,0,65.10,2.87,203.85,7.86
20,2010-04-16,1985784.59,0,55.43,2.90,203.73,7.86
20,2010-04-23,1878862.42,0,50.65,2.90,203.69,7.86
20,2010-04-30,1919053.21,0,54.75,2.92,203.65,7.86
20,2010-05-07,2137202.38,0,66.74,2.97,203.61,7.86
20,2010-05-14,2033211.62,0,55.91,2.98,203.61,7.86
20,2010-05-21,1893736.90,0,60.38,2.96,203.88,7.86
20,2010-05-28,2065984.95,0,70.97,2.90,204.14,7.86
20,2010-06-04,2203619.35,0,72.52,2.85,204.40,7.86
20,2010-06-11,2100489.79,0,67.32,2.81,204.67,7.86
20,2010-06-18,2091903.63,0,72.62,2.78,204.67,7.86
20,2010-06-25,1973135.87,0,75.17,2.81,204.57,7.86
20,2010-07-02,2143676.77,0,70.10,2.82,204.47,7.53
20,2010-07-09,2107285.85,0,78.09,2.79,204.36,7.53
20,2010-07-16,2031852.16,0,75.14,2.78,204.36,7.53
20,2010-07-23,1900535.90,0,77.75,2.77,204.48,7.53
20,2010-07-30,1955896.59,0,76.03,2.78,204.61,7.53
20,2010-08-06,1910177.38,0,74.57,2.78,204.73,7.53
20,2010-08-13,2071022.45,0,75.98,2.81,204.85,7.53
20,2010-08-20,1975374.56,0,75.34,2.78,204.82,7.53
20,2010-08-27,1946369.57,0,70.51,2.76,204.79,7.53
20,2010-09-03,2121561.41,0,75.50,2.72,204.76,7.53
20,2010-09-10,2014954.79,1,65.02,2.70,204.73,7.53
20,2010-09-17,1948359.78,0,65.28,2.71,204.75,7.53
20,2010-09-24,1789687.65,0,69.37,2.71,204.82,7.53
20,2010-10-01,1933719.21,0,61.08,2.71,204.89,7.48
20,2010-10-08,2060389.27,0,51.50,2.76,204.95,7.48
20,2010-10-15,1950676.39,0,59.17,2.87,205.01,7.48
20,2010-10-22,1893955.27,0,50.52,2.92,205.06,7.48
20,2010-10-29,1891816.00,0,57.56,2.92,205.11,7.48
20,2010-11-05,2184316.64,0,42.78,2.92,205.16,7.48
20,2010-11-12,2187765.28,0,42.38,2.93,205.21,7.48
20,2010-11-19,2105058.91,0,45.88,3.00,205.10,7.48
20,2010-11-26,2811634.04,1,46.66,3.04,204.96,7.48
20,2010-12-03,2416051.17,0,35.47,3.05,204.82,7.48
20,2010-12-10,2752122.08,0,24.27,3.11,204.69,7.48
20,2010-12-17,2819193.17,0,24.07,3.14,204.63,7.48
20,2010-12-24,3766687.43,0,25.17,3.14,204.64,7.48
20,2010-12-31,1799737.79,1,28.85,3.18,204.64,7.48
20,2011-01-07,1843030.95,0,31.43,3.19,204.65,7.34
20,2011-01-14,1884345.01,0,20.39,3.21,204.70,7.34
20,2011-01-21,1781805.66,0,27.43,3.23,205.05,7.34
20,2011-01-28,1761506.68,0,23.21,3.24,205.39,7.34
20,2011-02-04,2351143.07,0,28.58,3.23,205.73,7.34
20,2011-02-11,2211388.14,1,25.38,3.24,206.08,7.34
20,2011-02-18,2258616.24,0,42.95,3.25,206.37,7.34
20,2011-02-25,1938608.52,0,33.20,3.27,206.64,7.34
20,2011-03-04,2143424.61,0,37.33,3.43,206.92,7.34
20,2011-03-11,1990932.77,0,39.53,3.58,207.19,7.34
20,2011-03-18,1931668.64,0,44.80,3.63,207.43,7.34
20,2011-03-25,1824711.21,0,44.83,3.63,207.66,7.34
20,2011-04-01,1927993.09,0,32.43,3.64,207.88,7.29
20,2011-04-08,2027056.39,0,47.09,3.72,208.11,7.29
20,2011-04-15,2057406.33,0,55.00,3.82,208.32,7.29
20,2011-04-22,2313861.81,0,52.56,3.89,208.48,7.29
20,2011-04-29,1881788.19,0,62.97,3.96,208.64,7.29
20,2011-05-06,2090838.44,0,53.41,4.05,208.80,7.29
20,2011-05-13,2036748.53,0,62.26,4.07,208.96,7.29
20,2011-05-20,1953416.06,0,59.01,4.06,208.76,7.29
20,2011-05-27,1944433.17,0,69.12,3.99,208.56,7.29
20,2011-06-03,2182246.69,0,73.51,3.92,208.36,7.29
20,2011-06-10,2135062.04,0,73.64,3.88,208.15,7.29
20,2011-06-17,2065191.27,0,66.41,3.84,208.13,7.29
20,2011-06-24,1950826.32,0,72.40,3.80,208.23,7.29
20,2011-07-01,2053165.41,0,69.66,3.75,208.33,7.27
20,2011-07-08,2123787.79,0,74.69,3.71,208.44,7.27
20,2011-07-15,2039875.75,0,74.88,3.76,208.53,7.27
20,2011-07-22,1950904.84,0,78.89,3.81,208.59,7.27
20,2011-07-29,1858440.92,0,77.47,3.83,208.66,7.27
20,2011-08-05,2189353.63,0,77.80,3.84,208.72,7.27
20,2011-08-12,2052246.40,0,73.52,3.81,208.78,7.27
20,2011-08-19,1990017.93,0,71.25,3.75,208.84,7.27
20,2011-08-26,1933577.20,0,70.15,3.70,208.90,7.27
20,2011-09-02,2141765.98,0,70.82,3.70,208.96,7.27
20,2011-09-09,2050542.56,1,68.74,3.74,209.02,7.27
20,2011-09-16,1979009.46,0,64.02,3.74,209.19,7.27
20,2011-09-23,1888119.70,0,62.15,3.71,209.50,7.27
20,2011-09-30,1945808.26,0,63.44,3.65,209.81,7.27
20,2011-10-07,2135982.79,0,52.42,3.58,210.12,7.08
20,2011-10-14,2010107.68,0,62.54,3.54,210.40,7.08
20,2011-10-21,2104241.90,0,53.69,3.57,210.55,7.08
20,2011-10-28,2065421.52,0,49.36,3.57,210.69,7.08
20,2011-11-04,2284106.60,0,43.88,3.55,210.84,7.08
20,2011-11-11,2269975.85,0,47.27,3.53,210.98,7.08
20,2011-11-18,2169933.82,0,49.30,3.53,211.18,7.08
20,2011-11-25,2906233.25,1,46.38,3.49,211.41,7.08
20,2011-12-02,2298776.83,0,46.32,3.45,211.64,7.08
20,2011-12-09,2546123.78,0,41.64,3.42,211.87,7.08
20,2011-12-16,2762816.65,0,37.16,3.41,212.07,7.08
20,2011-12-23,3555371.03,0,40.19,3.39,212.24,7.08
20,2011-12-30,2043245.00,1,36.35,3.39,212.40,7.08
20,2012-01-06,1964701.94,0,33.42,3.42,212.57,6.96
20,2012-01-13,1911510.64,0,37.79,3.51,212.74,6.96
20,2012-01-20,1892775.94,0,27.65,3.53,212.83,6.96
20,2012-01-27,1761016.51,0,37.19,3.57,212.93,6.96
20,2012-02-03,2203523.20,0,39.93,3.62,213.02,6.96
20,2012-02-10,2462978.28,1,33.47,3.64,213.12,6.96
20,2012-02-17,2309025.16,0,31.11,3.70,213.27,6.96
20,2012-02-24,2045837.55,0,39.79,3.74,213.47,6.96
20,2012-03-02,2148822.76,0,39.98,3.82,213.67,6.96
20,2012-03-09,2139265.40,0,41.14,3.85,213.87,6.96
20,2012-03-16,2064991.71,0,53.73,3.86,214.02,6.96
20,2012-03-23,1992436.96,0,66.11,3.90,214.09,6.96
20,2012-03-30,2074721.74,0,51.52,3.95,214.16,6.96
20,2012-04-06,2565259.92,0,50.06,4.00,214.24,7.14
20,2012-04-13,2045396.06,0,45.68,4.04,214.31,7.14
20,2012-04-20,1884427.84,0,60.11,4.03,214.37,7.14
20,2012-04-27,1886503.93,0,47.64,4.00,214.42,7.14
20,2012-05-04,2163510.89,0,62.74,3.95,214.48,7.14
20,2012-05-11,2168097.11,0,63.19,3.89,214.53,7.14
20,2012-05-18,2039222.26,0,60.99,3.85,214.55,7.14
20,2012-05-25,2114989.00,0,70.04,3.80,214.55,7.14
20,2012-06-01,2143126.59,0,73.67,3.74,214.55,7.14
20,2012-06-08,2231962.13,0,62.01,3.69,214.55,7.14
20,2012-06-15,2165160.29,0,71.51,3.62,214.57,7.14
20,2012-06-22,2060588.69,0,76.51,3.56,214.61,7.14
20,2012-06-29,2055952.61,0,74.15,3.51,214.65,7.14
20,2012-07-06,2358055.30,0,79.20,3.48,214.69,7.28
20,2012-07-13,2134680.12,0,78.27,3.52,214.73,7.28
20,2012-07-20,1970170.29,0,76.04,3.57,214.73,7.28
20,2012-07-27,1911559.10,0,74.60,3.65,214.74,7.28
20,2012-08-03,2094515.71,0,74.73,3.65,214.74,7.28
20,2012-08-10,2144245.39,0,75.40,3.72,214.75,7.28
20,2012-08-17,2045061.22,0,69.57,3.81,214.83,7.28
20,2012-08-24,2005341.43,0,68.27,3.83,214.96,7.28
20,2012-08-31,2062481.56,0,72.66,3.87,215.09,7.28
20,2012-09-07,2080529.06,1,76.36,3.91,215.22,7.28
20,2012-09-14,2047949.98,0,64.84,3.95,215.36,7.28
20,2012-09-21,2028587.24,0,60.94,4.04,215.55,7.28
20,2012-09-28,2008350.58,0,58.65,4.00,215.74,7.28
20,2012-10-05,2246411.89,0,60.77,3.99,215.93,7.29
20,2012-10-12,2162951.36,0,47.20,4.00,216.12,7.29
20,2012-10-19,1999363.49,0,56.26,3.97,216.15,7.29
20,2012-10-26,2031650.55,0,60.04,3.88,216.15,7.29
21,2010-02-05,798593.88,0,39.05,2.57,210.75,8.32
21,2010-02-12,809321.44,1,37.77,2.55,210.90,8.32
21,2010-02-19,867283.25,0,39.75,2.51,210.95,8.32
21,2010-02-26,749597.24,0,45.31,2.56,210.98,8.32
21,2010-03-05,747444.32,0,48.61,2.63,211.01,8.32
21,2010-03-12,712312.89,0,57.10,2.67,211.04,8.32
21,2010-03-19,727070.00,0,54.68,2.72,210.87,8.32
21,2010-03-26,686497.53,0,51.66,2.73,210.68,8.32
21,2010-04-02,753664.12,0,64.12,2.72,210.48,8.20
21,2010-04-09,751181.40,0,65.74,2.77,210.28,8.20
21,2010-04-16,716026.51,0,67.87,2.81,210.15,8.20
21,2010-04-23,718780.59,0,64.21,2.80,210.10,8.20
21,2010-04-30,680532.69,0,66.93,2.78,210.05,8.20
21,2010-05-07,744969.42,0,70.87,2.84,210.00,8.20
21,2010-05-14,723559.88,0,73.08,2.85,210.00,8.20
21,2010-05-21,753361.72,0,74.24,2.83,210.28,8.20
21,2010-05-28,755214.26,0,80.94,2.76,210.56,8.20
21,2010-06-04,806012.48,0,82.68,2.71,210.83,8.20
21,2010-06-11,784305.55,0,83.51,2.67,211.11,8.20
21,2010-06-18,785104.29,0,86.18,2.64,211.11,8.20
21,2010-06-25,769848.75,0,87.01,2.65,211.00,8.20
21,2010-07-02,711470.80,0,82.29,2.67,210.88,8.10
21,2010-07-09,714677.47,0,81.67,2.64,210.77,8.10
21,2010-07-16,755098.41,0,85.61,2.62,210.76,8.10
21,2010-07-23,765823.48,0,87.17,2.61,210.89,8.10
21,2010-07-30,715876.27,0,83.59,2.64,211.03,8.10
21,2010-08-06,739279.19,0,90.30,2.63,211.16,8.10
21,2010-08-13,793589.18,0,89.65,2.69,211.30,8.10
21,2010-08-20,848873.28,0,89.58,2.66,211.26,8.10
21,2010-08-27,855882.57,0,86.20,2.62,211.22,8.10
21,2010-09-03,727772.80,0,82.57,2.58,211.19,8.10
21,2010-09-10,674055.81,1,79.30,2.57,211.15,8.10
21,2010-09-17,684340.86,0,83.03,2.58,211.18,8.10
21,2010-09-24,671688.06,0,80.79,2.62,211.26,8.10
21,2010-10-01,677158.39,0,70.28,2.60,211.33,8.16
21,2010-10-08,680579.49,0,65.76,2.63,211.40,8.16
21,2010-10-15,693412.05,0,68.61,2.72,211.47,8.16
21,2010-10-22,710668.45,0,70.72,2.73,211.52,8.16
21,2010-10-29,731756.65,0,67.51,2.72,211.57,8.16
21,2010-11-05,719888.76,0,58.71,2.69,211.61,8.16
21,2010-11-12,735796.38,0,60.95,2.73,211.66,8.16
21,2010-11-19,756288.89,0,51.71,2.77,211.55,8.16
21,2010-11-26,1245628.61,1,62.96,2.74,211.41,8.16
21,2010-12-03,829210.73,0,50.43,2.71,211.27,8.16
21,2010-12-10,943891.64,0,46.35,2.84,211.12,8.16
21,2010-12-17,1147556.83,0,48.63,2.87,211.06,8.16
21,2010-12-24,1587257.78,0,51.29,2.89,211.06,8.16
21,2010-12-31,672903.23,1,47.19,2.94,211.06,8.16
21,2011-01-07,629152.06,0,44.24,2.98,211.06,8.03
21,2011-01-14,650789.13,0,34.14,2.98,211.12,8.03
21,2011-01-21,663941.73,0,42.72,3.02,211.49,8.03
21,2011-01-28,649878.29,0,44.04,3.01,211.86,8.03
21,2011-02-04,596218.24,0,36.33,2.99,212.22,8.03
21,2011-02-11,771908.51,1,34.61,3.02,212.59,8.03
21,2011-02-18,884701.92,0,59.87,3.05,212.90,8.03
21,2011-02-25,768313.85,0,61.27,3.07,213.19,8.03
21,2011-03-04,796277.72,0,59.52,3.29,213.48,8.03
21,2011-03-11,763479.90,0,54.69,3.46,213.76,8.03
21,2011-03-18,793569.00,0,63.26,3.49,214.02,8.03
21,2011-03-25,753711.32,0,70.33,3.47,214.25,8.03
21,2011-04-01,732056.37,0,56.36,3.52,214.49,7.93
21,2011-04-08,744782.89,0,68.62,3.62,214.73,7.93
21,2011-04-15,768390.05,0,71.01,3.74,214.94,7.93
21,2011-04-22,801302.01,0,70.79,3.81,215.11,7.93
21,2011-04-29,783250.75,0,70.19,3.81,215.28,7.93
21,2011-05-06,718898.33,0,61.87,3.91,215.44,7.93
21,2011-05-13,754236.70,0,75.04,3.90,215.61,7.93
21,2011-05-20,744836.56,0,68.36,3.91,215.38,7.93
21,2011-05-27,744389.81,0,76.86,3.79,215.15,7.93
21,2011-06-03,773878.58,0,83.82,3.70,214.93,7.93
21,2011-06-10,794397.89,0,84.71,3.65,214.70,7.93
21,2011-06-17,823220.43,0,87.54,3.64,214.65,7.93
21,2011-06-24,771298.98,0,85.72,3.59,214.74,7.93
21,2011-07-01,784639.12,0,87.57,3.52,214.84,7.85
21,2011-07-08,734099.40,0,89.16,3.48,214.93,7.85
21,2011-07-15,728311.15,0,91.05,3.58,215.01,7.85
21,2011-07-22,784490.67,0,90.27,3.65,215.07,7.85
21,2011-07-29,751167.12,0,91.56,3.68,215.14,7.85
21,2011-08-05,783614.89,0,94.22,3.68,215.20,7.85
21,2011-08-12,776933.37,0,92.32,3.64,215.26,7.85
21,2011-08-19,855546.50,0,90.11,3.55,215.32,7.85
21,2011-08-26,821127.53,0,92.07,3.52,215.39,7.85
21,2011-09-02,705557.80,0,91.94,3.53,215.45,7.85
21,2011-09-09,653989.65,1,78.87,3.55,215.51,7.85
21,2011-09-16,653525.84,0,80.62,3.53,215.69,7.85
21,2011-09-23,681913.29,0,75.68,3.47,216.03,7.85
21,2011-09-30,651970.48,0,78.91,3.36,216.36,7.85
21,2011-10-07,663452.46,0,71.64,3.29,216.70,7.44
21,2011-10-14,671379.44,0,69.79,3.27,217.00,7.44
21,2011-10-21,729036.06,0,65.16,3.35,217.17,7.44
21,2011-10-28,738812.00,0,65.46,3.37,217.33,7.44
21,2011-11-04,767358.37,0,56.01,3.33,217.49,7.44
21,2011-11-11,757369.87,0,59.80,3.30,217.65,7.44
21,2011-11-18,737014.09,0,61.90,3.31,217.87,7.44
21,2011-11-25,1219263.40,1,56.43,3.24,218.11,7.44
21,2011-12-02,793184.25,0,48.72,3.17,218.36,7.44
21,2011-12-09,897747.13,0,41.44,3.16,218.61,7.44
21,2011-12-16,1027584.51,0,50.56,3.16,218.82,7.44
21,2011-12-23,1384552.17,0,46.54,3.11,219.00,7.44
21,2011-12-30,804362.36,1,45.16,3.13,219.18,7.44
21,2012-01-06,640181.86,0,48.10,3.16,219.36,7.06
21,2012-01-13,631181.25,0,45.00,3.26,219.53,7.06
21,2012-01-20,651178.20,0,52.21,3.27,219.63,7.06
21,2012-01-27,611258.71,0,50.79,3.29,219.72,7.06
21,2012-02-03,680725.43,0,55.83,3.36,219.81,7.06
21,2012-02-10,770652.79,1,46.52,3.41,219.90,7.06
21,2012-02-17,834663.52,0,45.03,3.51,220.07,7.06
21,2012-02-24,747099.07,0,54.81,3.56,220.28,7.06
21,2012-03-02,764385.40,0,59.30,3.63,220.49,7.06
21,2012-03-09,755084.40,0,57.16,3.67,220.70,7.06
21,2012-03-16,767338.32,0,63.39,3.73,220.85,7.06
21,2012-03-23,729759.97,0,62.96,3.79,220.92,7.06
21,2012-03-30,724798.76,0,67.87,3.85,221.00,7.06
21,2012-04-06,761956.58,0,69.02,3.89,221.07,6.89
21,2012-04-13,769319.04,0,69.03,3.89,221.15,6.89
21,2012-04-20,734858.91,0,66.97,3.88,221.20,6.89
21,2012-04-27,674829.58,0,69.21,3.81,221.26,6.89
21,2012-05-04,697645.32,0,77.53,3.75,221.31,6.89
21,2012-05-11,649945.54,0,74.14,3.69,221.36,6.89
21,2012-05-18,700554.16,0,72.42,3.63,221.38,6.89
21,2012-05-25,722891.24,0,79.49,3.56,221.38,6.89
21,2012-06-01,695439.83,0,79.24,3.50,221.39,6.89
21,2012-06-08,707895.72,0,79.47,3.45,221.39,6.89
21,2012-06-15,727049.04,0,81.51,3.39,221.40,6.89
21,2012-06-22,735870.00,0,81.78,3.35,221.44,6.89
21,2012-06-29,716341.39,0,88.05,3.29,221.48,6.89
21,2012-07-06,693013.59,0,85.26,3.23,221.52,6.57
21,2012-07-13,668132.36,0,82.51,3.26,221.56,6.57
21,2012-07-20,691200.33,0,84.25,3.31,221.57,6.57
21,2012-07-27,677789.14,0,88.09,3.41,221.58,6.57
21,2012-08-03,693785.85,0,91.57,3.42,221.59,6.57
21,2012-08-10,700272.01,0,89.57,3.49,221.60,6.57
21,2012-08-17,751963.81,0,85.55,3.57,221.68,6.57
21,2012-08-24,802003.61,0,77.72,3.62,221.81,6.57
21,2012-08-31,763867.59,0,83.58,3.64,221.94,6.57
21,2012-09-07,642827.29,1,88.40,3.73,222.07,6.57
21,2012-09-14,628494.63,0,76.10,3.72,222.22,6.57
21,2012-09-21,667151.46,0,71.54,3.72,222.42,6.57
21,2012-09-28,647097.65,0,80.38,3.67,222.62,6.57
21,2012-10-05,651768.91,0,70.28,3.62,222.82,6.17
21,2012-10-12,653043.44,0,61.53,3.60,223.02,6.17
21,2012-10-19,641368.14,0,68.52,3.59,223.06,6.17
21,2012-10-26,675202.87,0,70.50,3.51,223.08,6.17
22,2010-02-05,1033017.37,0,24.36,2.79,135.35,8.28
22,2010-02-12,1022571.25,1,28.14,2.77,135.41,8.28
22,2010-02-19,988467.61,0,31.96,2.75,135.47,8.28
22,2010-02-26,899761.48,0,35.98,2.75,135.52,8.28
22,2010-03-05,1009201.24,0,36.82,2.77,135.57,8.28
22,2010-03-12,967187.37,0,43.43,2.81,135.63,8.28
22,2010-03-19,966145.09,0,46.03,2.83,135.67,8.28
22,2010-03-26,1012075.12,0,48.56,2.83,135.71,8.28
22,2010-04-02,1177340.99,0,44.96,2.83,135.75,8.35
22,2010-04-09,1033171.07,0,57.06,2.85,135.79,8.35
22,2010-04-16,1000968.67,0,51.14,2.89,135.83,8.35
22,2010-04-23,969594.47,0,51.04,2.90,135.87,8.35
22,2010-04-30,977683.06,0,50.96,2.94,135.92,8.35
22,2010-05-07,1052973.28,0,63.81,2.98,135.96,8.35
22,2010-05-14,973585.33,0,50.99,2.98,136.01,8.35
22,2010-05-21,979977.89,0,59.99,2.96,136.08,8.35
22,2010-05-28,1103740.40,0,65.64,2.91,136.15,8.35
22,2010-06-04,1095539.13,0,69.49,2.86,136.22,8.35
22,2010-06-11,1061196.47,0,65.01,2.83,136.29,8.35
22,2010-06-18,1052895.25,0,67.13,2.81,136.32,8.35
22,2010-06-25,1095020.33,0,74.37,2.81,136.35,8.35
22,2010-07-02,1120259.71,0,72.88,2.82,136.37,8.43
22,2010-07-09,1092654.26,0,79.22,2.81,136.40,8.43
22,2010-07-16,988392.99,0,76.30,2.80,136.42,8.43
22,2010-07-23,974123.20,0,76.91,2.78,136.44,8.43
22,2010-07-30,970773.64,0,76.35,2.79,136.46,8.43
22,2010-08-06,1010326.14,0,74.37,2.79,136.47,8.43
22,2010-08-13,993097.43,0,74.75,2.81,136.49,8.43
22,2010-08-20,1017045.44,0,73.21,2.80,136.52,8.43
22,2010-08-27,1081420.96,0,68.99,2.77,136.56,8.43
22,2010-09-03,1074535.88,0,75.85,2.74,136.59,8.43
22,2010-09-10,924174.40,1,68.60,2.72,136.62,8.43
22,2010-09-17,918285.97,0,62.49,2.72,136.63,8.43
22,2010-09-24,902779.25,0,65.14,2.72,136.63,8.43
22,2010-10-01,905987.17,0,69.31,2.72,136.63,8.57
22,2010-10-08,1015051.62,0,56.32,2.78,136.63,8.57
22,2010-10-15,954401.46,0,55.23,2.88,136.64,8.57
22,2010-10-22,960998.52,0,50.24,2.92,136.69,8.57
22,2010-10-29,1025766.27,0,57.73,2.94,136.74,8.57
22,2010-11-05,1006888.16,0,44.34,2.94,136.79,8.57
22,2010-11-12,1043698.64,0,44.42,2.96,136.83,8.57
22,2010-11-19,985896.44,0,48.62,3.03,136.77,8.57
22,2010-11-26,1564502.26,1,44.61,3.07,136.69,8.57
22,2010-12-03,1230514.58,0,39.42,3.07,136.61,8.57
22,2010-12-10,1367202.84,0,28.43,3.13,136.53,8.57
22,2010-12-17,1527682.99,0,30.46,3.14,136.53,8.57
22,2010-12-24,1962445.04,0,29.76,3.15,136.60,8.57
22,2010-12-31,774262.28,1,28.49,3.18,136.67,8.57
22,2011-01-07,873954.70,0,32.56,3.19,136.73,8.46
22,2011-01-14,807535.52,0,24.76,3.22,136.80,8.46
22,2011-01-21,855001.02,0,26.80,3.23,136.89,8.46
22,2011-01-28,799369.15,0,20.61,3.24,136.97,8.46
22,2011-02-04,946060.98,0,26.39,3.24,137.05,8.46
22,2011-02-11,1009206.33,1,28.89,3.26,137.14,8.46
22,2011-02-18,975964.86,0,35.34,3.26,137.25,8.46
22,2011-02-25,911245.43,0,30.23,3.28,137.38,8.46
22,2011-03-04,997353.15,0,33.52,3.44,137.50,8.46
22,2011-03-11,944587.23,0,41.42,3.60,137.63,8.46
22,2011-03-18,926427.12,0,43.38,3.63,137.74,8.46
22,2011-03-25,933528.39,0,38.77,3.62,137.85,8.46
22,2011-04-01,951588.37,0,36.04,3.64,137.96,8.25
22,2011-04-08,969046.69,0,44.42,3.72,138.06,8.25
22,2011-04-15,1008557.04,0,48.88,3.82,138.16,8.25
22,2011-04-22,1152781.90,0,47.76,3.92,138.25,8.25
22,2011-04-29,926133.80,0,57.20,3.99,138.33,8.25
22,2011-05-06,1032076.06,0,53.63,4.08,138.41,8.25
22,2011-05-13,1001558.74,0,57.71,4.10,138.50,8.25
22,2011-05-20,970307.83,0,58.56,4.10,138.59,8.25
22,2011-05-27,1021568.34,0,62.59,4.03,138.68,8.25
22,2011-06-03,1125169.92,0,70.09,3.97,138.77,8.25
22,2011-06-10,1060868.49,0,69.53,3.92,138.86,8.25
22,2011-06-17,1042454.61,0,63.97,3.87,139.00,8.25
22,2011-06-24,1012584.20,0,68.53,3.85,139.18,8.25
22,2011-07-01,1077491.68,0,70.80,3.82,139.36,8.02
22,2011-07-08,1017050.65,0,74.22,3.78,139.54,8.02
22,2011-07-15,961953.57,0,75.20,3.83,139.70,8.02
22,2011-07-22,964683.80,0,77.79,3.88,139.80,8.02
22,2011-07-29,944958.69,0,75.32,3.90,139.89,8.02
22,2011-08-05,983232.96,0,75.33,3.90,139.99,8.02
22,2011-08-12,991779.20,0,74.69,3.88,140.09,8.02
22,2011-08-19,973004.91,0,71.30,3.82,140.13,8.02
22,2011-08-26,1181815.31,0,72.22,3.80,140.16,8.02
22,2011-09-02,912762.76,0,69.16,3.78,140.20,8.02
22,2011-09-09,1004434.54,1,69.14,3.81,140.23,8.02
22,2011-09-16,937420.65,0,68.08,3.81,140.27,8.02
22,2011-09-23,899834.75,0,62.36,3.76,140.33,8.02
22,2011-09-30,953314.16,0,69.78,3.68,140.38,8.02
22,2011-10-07,993436.67,0,56.44,3.63,140.43,7.71
22,2011-10-14,944337.32,0,62.63,3.58,140.48,7.71
22,2011-10-21,981567.22,0,59.30,3.62,140.46,7.71
22,2011-10-28,1099351.68,0,49.31,3.60,140.44,7.71
22,2011-11-04,1106575.59,0,42.81,3.59,140.43,7.71
22,2011-11-11,1051740.29,0,47.80,3.57,140.41,7.71
22,2011-11-18,1007579.44,0,50.62,3.57,140.41,7.71
22,2011-11-25,1535857.49,1,46.28,3.54,140.42,7.71
22,2011-12-02,1167621.14,0,49.11,3.50,140.43,7.71
22,2011-12-09,1308967.44,0,45.35,3.47,140.44,7.71
22,2011-12-16,1453153.33,0,39.11,3.45,140.47,7.71
22,2011-12-23,1863195.68,0,39.83,3.41,140.53,7.71
22,2011-12-30,982661.14,1,36.28,3.40,140.59,7.71
22,2012-01-06,895358.20,0,34.61,3.44,140.65,7.50
22,2012-01-13,855437.57,0,39.00,3.52,140.70,7.50
22,2012-01-20,897027.44,0,29.16,3.54,140.81,7.50
22,2012-01-27,786459.23,0,35.68,3.57,140.91,7.50
22,2012-02-03,958487.75,0,40.58,3.63,141.02,7.50
22,2012-02-10,1034448.07,1,35.68,3.66,141.12,7.50
22,2012-02-17,1004749.41,0,36.25,3.70,141.21,7.50
22,2012-02-24,912958.95,0,39.00,3.75,141.30,7.50
22,2012-03-02,974866.65,0,37.47,3.83,141.39,7.50
22,2012-03-09,991127.01,0,41.72,3.88,141.47,7.50
22,2012-03-16,966780.01,0,46.06,3.87,141.55,7.50
22,2012-03-23,992774.40,0,54.68,3.89,141.63,7.50
22,2012-03-30,965769.93,0,46.40,3.92,141.70,7.50
22,2012-04-06,1197489.66,0,46.38,3.96,141.77,7.67
22,2012-04-13,939118.24,0,49.89,4.03,141.84,7.67
22,2012-04-20,1000342.87,0,58.81,4.05,141.90,7.67
22,2012-04-27,922539.94,0,51.42,4.02,141.96,7.67
22,2012-05-04,1005083.31,0,50.75,3.99,142.02,7.67
22,2012-05-11,997868.63,0,56.72,3.95,142.08,7.67
22,2012-05-18,986612.02,0,61.90,3.90,142.10,7.67
22,2012-05-25,1047297.38,0,62.39,3.85,142.10,7.67
22,2012-06-01,1102857.37,0,70.01,3.80,142.11,7.67
22,2012-06-08,1061134.37,0,61.71,3.75,142.12,7.67
22,2012-06-15,1061219.19,0,66.56,3.68,142.13,7.67
22,2012-06-22,1112449.30,0,70.61,3.63,142.16,7.67
22,2012-06-29,1053881.78,0,70.99,3.58,142.19,7.67
22,2012-07-06,1097786.14,0,77.41,3.54,142.22,7.75
22,2012-07-13,971361.38,0,75.81,3.56,142.25,7.75
22,2012-07-20,991969.37,0,76.57,3.61,142.23,7.75
22,2012-07-27,925731.21,0,73.52,3.70,142.21,7.75
22,2012-08-03,1007257.83,0,72.99,3.70,142.19,7.75
22,2012-08-10,973812.79,0,76.74,3.77,142.17,7.75
22,2012-08-17,981273.26,0,74.92,3.84,142.22,7.75
22,2012-08-24,1060906.75,0,70.42,3.87,142.31,7.75
22,2012-08-31,1022270.86,0,71.93,3.88,142.41,7.75
22,2012-09-07,996628.80,1,73.30,3.92,142.50,7.75
22,2012-09-14,918049.28,0,66.42,3.99,142.59,7.75
22,2012-09-21,921612.53,0,63.38,4.06,142.68,7.75
22,2012-09-28,976479.51,0,62.17,4.02,142.77,7.75
22,2012-10-05,1009887.36,0,62.09,4.03,142.85,7.54
22,2012-10-12,1004039.84,0,54.18,4.03,142.94,7.54
22,2012-10-19,978027.95,0,55.28,4.00,142.86,7.54
22,2012-10-26,1094422.69,0,57.58,3.92,142.76,7.54
23,2010-02-05,1364721.58,0,15.25,2.79,131.53,5.89
23,2010-02-12,1380892.08,1,18.75,2.77,131.59,5.89
23,2010-02-19,1319588.04,0,26.70,2.75,131.64,5.89
23,2010-02-26,1198709.65,0,32.68,2.75,131.69,5.89
23,2010-03-05,1311175.93,0,33.15,2.77,131.74,5.89
23,2010-03-12,1408082.96,0,36.07,2.81,131.78,5.89
23,2010-03-19,1229008.32,0,43.01,2.83,131.82,5.89
23,2010-03-26,1310701.80,0,38.59,2.83,131.86,5.89
23,2010-04-02,1556627.62,0,40.50,2.83,131.90,5.44
23,2010-04-09,1264434.70,0,56.82,2.85,131.94,5.44
23,2010-04-16,1288823.72,0,44.25,2.89,131.98,5.44
23,2010-04-23,1315023.08,0,46.40,2.90,132.02,5.44
23,2010-04-30,1259414.52,0,45.47,2.94,132.06,5.44
23,2010-05-07,1365552.28,0,61.04,2.98,132.11,5.44
23,2010-05-14,1303055.09,0,45.33,2.98,132.15,5.44
23,2010-05-21,1327424.28,0,57.94,2.96,132.22,5.44
23,2010-05-28,1571158.56,0,69.26,2.91,132.29,5.44
23,2010-06-04,1514435.51,0,64.94,2.86,132.36,5.44
23,2010-06-11,1439432.06,0,58.35,2.83,132.44,5.44
23,2010-06-18,1507708.93,0,60.29,2.81,132.47,5.44
23,2010-06-25,1415204.88,0,69.83,2.81,132.50,5.44
23,2010-07-02,1549113.18,0,64.76,2.82,132.52,5.33
23,2010-07-09,1417535.78,0,77.16,2.81,132.55,5.33
23,2010-07-16,1413124.11,0,73.94,2.80,132.57,5.33
23,2010-07-23,1333634.45,0,70.20,2.78,132.58,5.33
23,2010-07-30,1319773.55,0,69.71,2.79,132.60,5.33
23,2010-08-06,1417013.07,0,70.03,2.79,132.61,5.33
23,2010-08-13,1346345.97,0,67.43,2.81,132.63,5.33
23,2010-08-20,1439901.05,0,68.65,2.80,132.66,5.33
23,2010-08-27,1584623.36,0,63.25,2.77,132.69,5.33
23,2010-09-03,1405119.23,0,72.91,2.74,132.72,5.33
23,2010-09-10,1272842.85,1,63.21,2.72,132.76,5.33
23,2010-09-17,1159132.58,0,55.30,2.72,132.77,5.33
23,2010-09-24,1099055.65,0,57.75,2.72,132.76,5.33
23,2010-10-01,1129909.44,0,62.07,2.72,132.76,5.29
23,2010-10-08,1179851.68,0,50.75,2.78,132.75,5.29
23,2010-10-15,1119809.71,0,45.55,2.88,132.76,5.29
23,2010-10-22,1147503.92,0,43.19,2.92,132.82,5.29
23,2010-10-29,1112871.23,0,48.68,2.94,132.87,5.29
23,2010-11-05,1203119.96,0,36.60,2.94,132.92,5.29
23,2010-11-12,1387953.75,0,35.59,2.96,132.98,5.29
23,2010-11-19,1314994.32,0,41.66,3.03,132.92,5.29
23,2010-11-26,2072685.05,1,34.95,3.07,132.84,5.29
23,2010-12-03,1617025.41,0,34.30,3.07,132.76,5.29
23,2010-12-10,1872365.99,0,20.12,3.13,132.68,5.29
23,2010-12-17,2238573.48,0,23.05,3.14,132.68,5.29
23,2010-12-24,2734277.10,0,22.96,3.15,132.75,5.29
23,2010-12-31,1169773.85,1,19.05,3.18,132.82,5.29
23,2011-01-07,1122034.48,0,27.81,3.19,132.88,5.11
23,2011-01-14,1016756.10,0,18.20,3.22,132.95,5.11
23,2011-01-21,1110706.06,0,15.58,3.23,133.03,5.11
23,2011-01-28,1083657.61,0,10.91,3.24,133.11,5.11
23,2011-02-04,1159438.53,0,14.50,3.24,133.18,5.11
23,2011-02-11,1249786.40,1,21.52,3.26,133.26,5.11
23,2011-02-18,1369971.57,0,26.60,3.26,133.37,5.11
23,2011-02-25,1206917.20,0,17.00,3.28,133.49,5.11
23,2011-03-04,1301185.28,0,20.67,3.44,133.61,5.11
23,2011-03-11,1042043.55,0,29.36,3.60,133.74,5.11
23,2011-03-18,1203682.62,0,37.28,3.63,133.85,5.11
23,2011-03-25,1148624.83,0,29.11,3.62,133.96,5.11
23,2011-04-01,1182694.95,0,29.44,3.64,134.07,4.78
23,2011-04-08,1248901.98,0,36.74,3.72,134.18,4.78
23,2011-04-15,1263680.51,0,45.51,3.82,134.28,4.78
23,2011-04-22,1447301.24,0,39.62,3.92,134.36,4.78
23,2011-04-29,1173307.40,0,54.20,3.99,134.44,4.78
23,2011-05-06,1359921.13,0,50.07,4.08,134.51,4.78
23,2011-05-13,1254914.87,0,55.12,4.10,134.59,4.78
23,2011-05-20,1337617.55,0,56.67,4.10,134.68,4.78
23,2011-05-27,1361945.18,0,63.27,4.03,134.77,4.78
23,2011-06-03,1562161.97,0,67.21,3.97,134.86,4.78
23,2011-06-10,1447028.06,0,65.23,3.92,134.94,4.78
23,2011-06-17,1470520.83,0,61.06,3.87,135.08,4.78
23,2011-06-24,1434036.18,0,63.80,3.85,135.27,4.78
23,2011-07-01,1492507.44,0,65.65,3.82,135.45,4.58
23,2011-07-08,1379488.05,0,69.92,3.78,135.63,4.58
23,2011-07-15,1360520.56,0,69.80,3.83,135.78,4.58
23,2011-07-22,1362144.00,0,76.74,3.88,135.87,4.58
23,2011-07-29,1319767.55,0,69.55,3.90,135.96,4.58
23,2011-08-05,1416344.68,0,69.53,3.90,136.05,4.58
23,2011-08-12,1380952.05,0,69.86,3.88,136.14,4.58
23,2011-08-19,1453416.53,0,67.09,3.82,136.18,4.58
23,2011-08-26,1637266.29,0,67.04,3.80,136.21,4.58
23,2011-09-02,1464295.69,0,65.33,3.78,136.24,4.58
23,2011-09-09,1423289.90,1,66.04,3.81,136.27,4.58
23,2011-09-16,1253329.17,0,60.52,3.81,136.31,4.58
23,2011-09-23,1289082.81,0,57.14,3.76,136.37,4.58
23,2011-09-30,1275597.85,0,64.76,3.68,136.42,4.58
23,2011-10-07,1463501.99,0,49.00,3.63,136.47,4.42
23,2011-10-14,1257778.34,0,56.79,3.58,136.52,4.42
23,2011-10-21,1441032.59,0,52.12,3.62,136.50,4.42
23,2011-10-28,1407191.96,0,42.57,3.60,136.49,4.42
23,2011-11-04,1428436.33,0,39.18,3.59,136.48,4.42
23,2011-11-11,1436940.78,0,44.04,3.57,136.46,4.42
23,2011-11-18,1345631.96,0,45.48,3.57,136.47,4.42
23,2011-11-25,2057059.53,1,35.23,3.54,136.48,4.42
23,2011-12-02,1552886.59,0,43.60,3.50,136.49,4.42
23,2011-12-09,1841173.60,0,36.40,3.47,136.50,4.42
23,2011-12-16,2173621.20,0,32.99,3.45,136.53,4.42
23,2011-12-23,2587953.32,0,27.80,3.41,136.59,4.42
23,2011-12-30,1213486.95,1,22.30,3.40,136.64,4.42
23,2012-01-06,1150662.55,0,24.29,3.44,136.70,4.26
23,2012-01-13,1031451.35,0,28.49,3.52,136.75,4.26
23,2012-01-20,1146992.13,0,15.33,3.54,136.86,4.26
23,2012-01-27,1037476.38,0,25.71,3.57,136.96,4.26
23,2012-02-03,1261872.67,0,29.71,3.63,137.06,4.26
23,2012-02-10,1358444.07,1,26.60,3.66,137.17,4.26
23,2012-02-17,1365546.69,0,27.01,3.70,137.26,4.26
23,2012-02-24,1272948.27,0,31.12,3.75,137.34,4.26
23,2012-03-02,1322852.20,0,25.91,3.83,137.42,4.26
23,2012-03-09,1292724.90,0,33.11,3.88,137.51,4.26
23,2012-03-16,1258364.31,0,41.19,3.87,137.58,4.26
23,2012-03-23,1288154.10,0,57.82,3.89,137.66,4.26
23,2012-03-30,1261964.96,0,36.71,3.92,137.73,4.26
23,2012-04-06,1604605.69,0,37.43,3.96,137.80,4.13
23,2012-04-13,1231752.54,0,41.81,4.03,137.87,4.13
23,2012-04-20,1287899.41,0,56.55,4.05,137.92,4.13
23,2012-04-27,1277758.76,0,44.62,4.02,137.98,4.13
23,2012-05-04,1317379.68,0,45.88,3.99,138.03,4.13
23,2012-05-11,1321914.34,0,52.90,3.95,138.09,4.13
23,2012-05-18,1332952.47,0,58.42,3.90,138.11,4.13
23,2012-05-25,1552934.64,0,66.43,3.85,138.11,4.13
23,2012-06-01,1476144.34,0,66.22,3.80,138.11,4.13
23,2012-06-08,1568048.54,0,56.82,3.75,138.12,4.13
23,2012-06-15,1543667.68,0,64.73,3.68,138.13,4.13
23,2012-06-22,1522042.57,0,71.82,3.63,138.16,4.13
23,2012-06-29,1451782.16,0,64.23,3.58,138.20,4.13
23,2012-07-06,1545370.16,0,70.86,3.54,138.23,4.16
23,2012-07-13,1384921.63,0,69.19,3.56,138.26,4.16
23,2012-07-20,1381339.23,0,71.13,3.61,138.23,4.16
23,2012-07-27,1322932.36,0,69.31,3.70,138.20,4.16
23,2012-08-03,1416926.31,0,71.51,3.70,138.17,4.16
23,2012-08-10,1436311.76,0,71.12,3.77,138.14,4.16
23,2012-08-17,1510131.45,0,69.97,3.84,138.19,4.16
23,2012-08-24,1702220.96,0,64.63,3.87,138.28,4.16
23,2012-08-31,1577468.78,0,68.34,3.88,138.38,4.16
23,2012-09-07,1427162.26,1,66.74,3.92,138.47,4.16
23,2012-09-14,1279041.64,0,61.37,3.99,138.57,4.16
23,2012-09-21,1338627.55,0,56.80,4.06,138.65,4.16
23,2012-09-28,1319035.06,0,53.71,4.02,138.74,4.16
23,2012-10-05,1464616.59,0,56.65,4.03,138.83,4.15
23,2012-10-12,1412925.25,0,48.10,4.03,138.91,4.15
23,2012-10-19,1363155.77,0,47.89,4.00,138.83,4.15
23,2012-10-26,1347454.59,0,50.56,3.92,138.73,4.15
24,2010-02-05,1388725.63,0,22.43,2.95,131.53,8.33
24,2010-02-12,1414107.10,1,25.94,2.94,131.59,8.33
24,2010-02-19,1385362.49,0,31.05,2.91,131.64,8.33
24,2010-02-26,1158722.74,0,33.98,2.91,131.69,8.33
24,2010-03-05,1412387.37,0,36.73,2.92,131.74,8.33
24,2010-03-12,1309340.16,0,42.31,2.94,131.78,8.33
24,2010-03-19,1222511.29,0,46.09,2.96,131.82,8.33
24,2010-03-26,1258311.56,0,48.87,2.96,131.86,8.33
24,2010-04-02,1478321.26,0,45.22,2.96,131.90,8.21
24,2010-04-09,1379579.63,0,62.06,2.99,131.94,8.21
24,2010-04-16,1268266.72,0,51.08,3.01,131.98,8.21
24,2010-04-23,1264117.01,0,51.07,3.02,132.02,8.21
24,2010-04-30,1259877.19,0,51.48,3.04,132.06,8.21
24,2010-05-07,1409705.03,0,66.65,3.10,132.11,8.21
24,2010-05-14,1346783.35,0,51.31,3.11,132.15,8.21
24,2010-05-21,1283482.85,0,60.44,3.10,132.22,8.21
24,2010-05-28,1473868.15,0,69.59,3.05,132.29,8.21
24,2010-06-04,1566668.91,0,71.99,3.01,132.36,8.21
24,2010-06-11,1375458.21,0,64.84,2.97,132.44,8.21
24,2010-06-18,1354168.18,0,67.17,2.94,132.47,8.21
24,2010-06-25,1399073.75,0,74.90,2.96,132.50,8.21
24,2010-07-02,1563387.94,0,71.12,2.96,132.52,8.12
24,2010-07-09,1665502.55,0,79.05,2.94,132.55,8.12
24,2010-07-16,1418697.05,0,76.56,2.93,132.57,8.12
24,2010-07-23,1333740.35,0,75.27,2.92,132.58,8.12
24,2010-07-30,1387517.63,0,75.91,2.93,132.60,8.12
24,2010-08-06,1442819.28,0,74.54,2.94,132.61,8.12
24,2010-08-13,1384243.75,0,74.17,2.92,132.63,8.12
24,2010-08-20,1375307.54,0,72.17,2.91,132.66,8.12
24,2010-08-27,1350059.35,0,67.00,2.89,132.69,8.12
24,2010-09-03,1366381.60,0,73.52,2.86,132.72,8.12
24,2010-09-10,1474498.59,1,67.11,2.84,132.76,8.12
24,2010-09-17,1273295.46,0,60.31,2.85,132.77,8.12
24,2010-09-24,1169413.27,0,64.30,2.84,132.76,8.12
24,2010-10-01,1215273.20,0,66.88,2.84,132.76,8.28
24,2010-10-08,1361944.94,0,54.82,2.90,132.75,8.28
24,2010-10-15,1300806.74,0,52.83,3.00,132.76,8.28
24,2010-10-22,1234875.33,0,48.69,3.05,132.82,8.28
24,2010-10-29,1244925.94,0,57.29,3.06,132.87,8.28
24,2010-11-05,1285358.01,0,42.20,3.05,132.92,8.28
24,2010-11-12,1312877.01,0,41.76,3.07,132.98,8.28
24,2010-11-19,1277150.60,0,45.63,3.14,132.92,8.28
24,2010-11-26,1779276.51,1,41.92,3.19,132.84,8.28
24,2010-12-03,1413302.70,0,37.08,3.20,132.76,8.28
24,2010-12-10,1593012.75,0,27.11,3.26,132.68,8.28
24,2010-12-17,1663525.77,0,27.99,3.30,132.68,8.28
24,2010-12-24,2386015.75,0,27.74,3.31,132.75,8.28
24,2010-12-31,1208600.05,1,25.90,3.34,132.82,8.28
24,2011-01-07,1178641.71,0,30.72,3.35,132.88,8.25
24,2011-01-14,1167740.20,0,22.41,3.37,132.95,8.25
24,2011-01-21,1107170.39,0,23.69,3.39,133.03,8.25
24,2011-01-28,1126921.34,0,17.91,3.40,133.11,8.25
24,2011-02-04,1225182.04,0,23.83,3.40,133.18,8.25
24,2011-02-11,1341240.62,1,26.51,3.42,133.26,8.25
24,2011-02-18,1360150.12,0,34.04,3.42,133.37,8.25
24,2011-02-25,1235121.33,0,26.09,3.45,133.49,8.25
24,2011-03-04,1346994.53,0,31.36,3.61,133.61,8.25
24,2011-03-11,1253218.70,0,39.51,3.75,133.74,8.25
24,2011-03-18,1168397.26,0,43.39,3.80,133.85,8.25
24,2011-03-25,1158693.12,0,36.88,3.79,133.96,8.25
24,2011-04-01,1163803.30,0,35.73,3.81,134.07,8.21
24,2011-04-08,1273670.32,0,44.70,3.90,134.18,8.21
24,2011-04-15,1245576.65,0,52.36,3.98,134.28,8.21
24,2011-04-22,1372484.90,0,46.00,4.06,134.36,8.21
24,2011-04-29,1197761.17,0,60.48,4.12,134.44,8.21
24,2011-05-06,1339630.35,0,55.75,4.19,134.51,8.21
24,2011-05-13,1311950.16,0,58.49,4.21,134.59,8.21
24,2011-05-20,1234281.70,0,59.84,4.20,134.68,8.21
24,2011-05-27,1311153.72,0,65.74,4.13,134.77,8.21
24,2011-06-03,1554837.62,0,73.12,4.07,134.86,8.21
24,2011-06-10,1373841.91,0,70.02,4.03,134.94,8.21
24,2011-06-17,1320359.23,0,64.34,3.99,135.08,8.21
24,2011-06-24,1304850.67,0,68.88,3.96,135.27,8.21
24,2011-07-01,1445596.61,0,70.27,3.92,135.45,8.36
24,2011-07-08,1567340.07,0,72.56,3.89,135.63,8.36
24,2011-07-15,1356938.95,0,74.43,3.92,135.78,8.36
24,2011-07-22,1357672.24,0,79.29,3.97,135.87,8.36
24,2011-07-29,1310973.06,0,74.84,4.00,135.96,8.36
24,2011-08-05,1417616.81,0,74.64,4.02,136.05,8.36
24,2011-08-12,1402818.01,0,72.52,4.00,136.14,8.36
24,2011-08-19,1352039.88,0,69.93,3.94,136.18,8.36
24,2011-08-26,1402372.09,0,69.94,3.91,136.21,8.36
24,2011-09-02,1196105.44,0,68.14,3.88,136.24,8.36
24,2011-09-09,1527455.19,1,68.32,3.93,136.27,8.36
24,2011-09-16,1227535.97,0,65.56,3.94,136.31,8.36
24,2011-09-23,1232376.49,0,60.61,3.90,136.37,8.36
24,2011-09-30,1246242.61,0,68.00,3.86,136.42,8.36
24,2011-10-07,1405914.39,0,53.87,3.78,136.47,8.45
24,2011-10-14,1333315.03,0,60.21,3.74,136.52,8.45
24,2011-10-21,1283563.43,0,56.60,3.76,136.50,8.45
24,2011-10-28,1307142.75,0,48.00,3.76,136.49,8.45
24,2011-11-04,1385860.38,0,39.87,3.74,136.48,8.45
24,2011-11-11,1425078.59,0,46.78,3.72,136.46,8.45
24,2011-11-18,1297535.69,0,48.17,3.72,136.47,8.45
24,2011-11-25,1761235.67,1,41.83,3.69,136.48,8.45
24,2011-12-02,1335647.10,0,47.21,3.67,136.49,8.45
24,2011-12-09,1529615.54,0,42.30,3.63,136.50,8.45
24,2011-12-16,1624994.43,0,36.00,3.61,136.53,8.45
24,2011-12-23,2168344.23,0,36.93,3.59,136.59,8.45
24,2011-12-30,1363973.16,1,33.45,3.57,136.64,8.45
24,2012-01-06,1251581.89,0,32.86,3.59,136.70,8.66
24,2012-01-13,1155594.20,0,36.50,3.67,136.75,8.66
24,2012-01-20,1151993.85,0,25.73,3.71,136.86,8.66
24,2012-01-27,1057290.41,0,31.92,3.74,136.96,8.66
24,2012-02-03,1249696.97,0,38.61,3.80,137.06,8.66
24,2012-02-10,1403460.87,1,33.82,3.83,137.17,8.66
24,2012-02-17,1326370.08,0,33.92,3.87,137.26,8.66
24,2012-02-24,1303233.15,0,37.35,3.92,137.34,8.66
24,2012-03-02,1213994.39,0,35.36,3.98,137.42,8.66
24,2012-03-09,1325835.70,0,41.50,4.02,137.51,8.66
24,2012-03-16,1239299.12,0,48.68,4.02,137.58,8.66
24,2012-03-23,1221723.94,0,59.51,4.05,137.66,8.66
24,2012-03-30,1230106.13,0,47.28,4.10,137.73,8.66
24,2012-04-06,1524734.29,0,45.25,4.14,137.80,8.98
24,2012-04-13,1285783.87,0,48.65,4.19,137.87,8.98
24,2012-04-20,1208654.40,0,61.05,4.17,137.92,8.98
24,2012-04-27,1194334.65,0,49.26,4.16,137.98,8.98
24,2012-05-04,1306551.71,0,52.14,4.12,138.03,8.98
24,2012-05-11,1355391.79,0,58.70,4.06,138.09,8.98
24,2012-05-18,1298809.80,0,63.10,4.03,138.11,8.98
24,2012-05-25,1407897.57,0,65.79,3.98,138.11,8.98
24,2012-06-01,1467722.19,0,71.79,3.92,138.11,8.98
24,2012-06-08,1406313.13,0,59.93,3.87,138.12,8.98
24,2012-06-15,1364445.98,0,68.28,3.79,138.13,8.98
24,2012-06-22,1434709.63,0,72.29,3.72,138.16,8.98
24,2012-06-29,1428869.90,0,70.40,3.67,138.20,8.98
24,2012-07-06,1645097.75,0,77.18,3.65,138.23,8.95
24,2012-07-13,1405475.78,0,75.36,3.69,138.26,8.95
24,2012-07-20,1394299.00,0,76.42,3.73,138.23,8.95
24,2012-07-27,1307339.14,0,73.62,3.82,138.20,8.95
24,2012-08-03,1440374.13,0,73.26,3.82,138.17,8.95
24,2012-08-10,1497054.81,0,75.53,3.86,138.14,8.95
24,2012-08-17,1397970.54,0,72.87,3.96,138.19,8.95
24,2012-08-24,1303726.54,0,68.13,4.00,138.28,8.95
24,2012-08-31,1344558.92,0,71.18,4.03,138.38,8.95
24,2012-09-07,1477134.75,1,72.81,4.08,138.47,8.95
24,2012-09-14,1242909.53,0,64.28,4.09,138.57,8.95
24,2012-09-21,1261158.47,0,61.25,4.20,138.65,8.95
24,2012-09-28,1259278.36,0,58.86,4.16,138.74,8.95
24,2012-10-05,1416720.54,0,60.35,4.15,138.83,8.69
24,2012-10-12,1416301.17,0,51.64,4.19,138.91,8.69
24,2012-10-19,1255414.84,0,52.59,4.15,138.83,8.69
24,2012-10-26,1307182.29,0,55.16,4.07,138.73,8.69
25,2010-02-05,677231.63,0,21.10,2.78,204.25,8.19
25,2010-02-12,583364.02,1,19.64,2.77,204.39,8.19
25,2010-02-19,676260.67,0,24.16,2.75,204.43,8.19
25,2010-02-26,628516.57,0,29.16,2.75,204.46,8.19
25,2010-03-05,665750.06,0,29.45,2.78,204.49,8.19
25,2010-03-12,660619.99,0,40.05,2.82,204.53,8.19
25,2010-03-19,659795.84,0,45.00,2.84,204.38,8.19
25,2010-03-26,696687.60,0,45.84,2.85,204.20,8.19
25,2010-04-02,822486.37,0,47.20,2.85,204.03,7.86
25,2010-04-09,712647.97,0,61.36,2.87,203.85,7.86
25,2010-04-16,715311.60,0,52.16,2.90,203.73,7.86
25,2010-04-23,694531.72,0,46.12,2.90,203.69,7.86
25,2010-04-30,706924.02,0,50.97,2.92,203.65,7.86
25,2010-05-07,724468.97,0,63.67,2.97,203.61,7.86
25,2010-05-14,698073.95,0,50.27,2.98,203.61,7.86
25,2010-05-21,704113.22,0,57.17,2.96,203.88,7.86
25,2010-05-28,792442.54,0,69.31,2.90,204.14,7.86
25,2010-06-04,764155.44,0,69.22,2.85,204.40,7.86
25,2010-06-11,737163.20,0,63.68,2.81,204.67,7.86
25,2010-06-18,780444.94,0,69.56,2.78,204.67,7.86
25,2010-06-25,737569.14,0,72.17,2.81,204.57,7.86
25,2010-07-02,759407.87,0,66.42,2.82,204.47,7.53
25,2010-07-09,719591.13,0,75.24,2.79,204.36,7.53
25,2010-07-16,726997.84,0,73.43,2.78,204.36,7.53
25,2010-07-23,665290.93,0,75.37,2.77,204.48,7.53
25,2010-07-30,682124.34,0,71.99,2.78,204.61,7.53
25,2010-08-06,699464.43,0,71.79,2.78,204.73,7.53
25,2010-08-13,686072.39,0,72.73,2.81,204.85,7.53
25,2010-08-20,724499.81,0,71.81,2.78,204.82,7.53
25,2010-08-27,711461.95,0,67.15,2.76,204.79,7.53
25,2010-09-03,685700.08,0,71.17,2.72,204.76,7.53
25,2010-09-10,655811.95,1,61.14,2.70,204.73,7.53
25,2010-09-17,628989.88,0,60.13,2.71,204.75,7.53
25,2010-09-24,607819.33,0,65.06,2.71,204.82,7.53
25,2010-10-01,658640.14,0,57.56,2.71,204.89,7.48
25,2010-10-08,674283.86,0,48.46,2.76,204.95,7.48
25,2010-10-15,616094.72,0,54.09,2.87,205.01,7.48
25,2010-10-22,661644.19,0,46.73,2.92,205.06,7.48
25,2010-10-29,674458.03,0,55.72,2.92,205.11,7.48
25,2010-11-05,696314.53,0,38.80,2.92,205.16,7.48
25,2010-11-12,713250.08,0,40.68,2.93,205.21,7.48
25,2010-11-19,718056.73,0,42.72,3.00,205.10,7.48
25,2010-11-26,1115240.61,1,43.43,3.04,204.96,7.48
25,2010-12-03,885572.96,0,32.41,3.05,204.82,7.48
25,2010-12-10,964729.18,0,22.65,3.11,204.69,7.48
25,2010-12-17,1047707.59,0,21.60,3.14,204.63,7.48
25,2010-12-24,1295391.19,0,22.94,3.14,204.64,7.48
25,2010-12-31,623092.54,1,25.89,3.18,204.64,7.48
25,2011-01-07,558794.63,0,29.00,3.19,204.65,7.34
25,2011-01-14,572360.83,0,18.30,3.21,204.70,7.34
25,2011-01-21,568093.57,0,23.21,3.23,205.05,7.34
25,2011-01-28,600448.69,0,18.92,3.24,205.39,7.34
25,2011-02-04,639830.45,0,23.94,3.23,205.73,7.34
25,2011-02-11,615666.78,1,21.18,3.24,206.08,7.34
25,2011-02-18,634637.03,0,38.42,3.25,206.37,7.34
25,2011-02-25,570816.34,0,28.36,3.27,206.64,7.34
25,2011-03-04,640912.18,0,31.59,3.43,206.92,7.34
25,2011-03-11,599828.39,0,36.73,3.58,207.19,7.34
25,2011-03-18,603393.64,0,40.94,3.63,207.43,7.34
25,2011-03-25,616324.24,0,38.51,3.63,207.66,7.34
25,2011-04-01,618377.79,0,28.50,3.64,207.88,7.29
25,2011-04-08,648606.13,0,42.11,3.72,208.11,7.29
25,2011-04-15,674562.45,0,51.43,3.82,208.32,7.29
25,2011-04-22,756588.42,0,45.87,3.89,208.48,7.29
25,2011-04-29,649245.00,0,58.43,3.96,208.64,7.29
25,2011-05-06,659446.55,0,49.50,4.05,208.80,7.29
25,2011-05-13,684783.15,0,60.10,4.07,208.96,7.29
25,2011-05-20,677971.33,0,56.56,4.06,208.76,7.29
25,2011-05-27,718373.94,0,67.18,3.99,208.56,7.29
25,2011-06-03,737551.74,0,70.69,3.92,208.36,7.29
25,2011-06-10,740259.63,0,71.45,3.88,208.15,7.29
25,2011-06-17,717373.43,0,63.58,3.84,208.13,7.29
25,2011-06-24,699270.10,0,70.71,3.80,208.23,7.29
25,2011-07-01,706206.86,0,66.61,3.75,208.33,7.27
25,2011-07-08,698529.64,0,71.64,3.71,208.44,7.27
25,2011-07-15,680510.23,0,72.67,3.76,208.53,7.27
25,2011-07-22,670854.96,0,78.10,3.81,208.59,7.27
25,2011-07-29,668390.82,0,74.72,3.83,208.66,7.27
25,2011-08-05,679706.01,0,74.00,3.84,208.72,7.27
25,2011-08-12,667130.48,0,70.93,3.81,208.78,7.27
25,2011-08-19,688958.75,0,68.09,3.75,208.84,7.27
25,2011-08-26,726422.55,0,66.80,3.70,208.90,7.27
25,2011-09-02,699779.00,0,67.20,3.70,208.96,7.27
25,2011-09-09,673248.48,1,67.51,3.74,209.02,7.27
25,2011-09-16,628720.46,0,62.05,3.74,209.19,7.27
25,2011-09-23,620885.93,0,60.28,3.71,209.50,7.27
25,2011-09-30,639160.24,0,60.70,3.65,209.81,7.27
25,2011-10-07,671522.87,0,50.82,3.58,210.12,7.08
25,2011-10-14,646915.47,0,58.95,3.54,210.40,7.08
25,2011-10-21,690675.50,0,50.22,3.57,210.55,7.08
25,2011-10-28,724443.97,0,46.28,3.57,210.69,7.08
25,2011-11-04,718393.61,0,40.88,3.55,210.84,7.08
25,2011-11-11,719235.07,0,44.81,3.53,210.98,7.08
25,2011-11-18,728525.60,0,46.41,3.53,211.18,7.08
25,2011-11-25,1116211.39,1,43.49,3.49,211.41,7.08
25,2011-12-02,878314.57,0,42.85,3.45,211.64,7.08
25,2011-12-09,916446.02,0,38.69,3.42,211.87,7.08
25,2011-12-16,997502.47,0,33.09,3.41,212.07,7.08
25,2011-12-23,1290532.97,0,36.56,3.39,212.24,7.08
25,2011-12-30,683665.37,1,32.42,3.39,212.40,7.08
25,2012-01-06,636419.12,0,30.23,3.42,212.57,6.96
25,2012-01-13,614764.31,0,34.60,3.51,212.74,6.96
25,2012-01-20,594744.89,0,23.87,3.53,212.83,6.96
25,2012-01-27,589554.29,0,32.24,3.57,212.93,6.96
25,2012-02-03,642776.40,0,34.98,3.62,213.02,6.96
25,2012-02-10,658984.38,1,32.47,3.64,213.12,6.96
25,2012-02-17,654088.02,0,32.23,3.70,213.27,6.96
25,2012-02-24,613501.05,0,35.51,3.74,213.47,6.96
25,2012-03-02,643155.89,0,36.01,3.82,213.67,6.96
25,2012-03-09,643711.53,0,37.44,3.85,213.87,6.96
25,2012-03-16,638204.27,0,50.64,3.86,214.02,6.96
25,2012-03-23,672831.78,0,62.70,3.90,214.09,6.96
25,2012-03-30,684348.92,0,47.92,3.95,214.16,6.96
25,2012-04-06,791356.90,0,44.73,4.00,214.24,7.14
25,2012-04-13,658691.56,0,42.46,4.04,214.31,7.14
25,2012-04-20,661566.48,0,57.10,4.03,214.37,7.14
25,2012-04-27,655157.32,0,44.20,4.00,214.42,7.14
25,2012-05-04,696421.72,0,58.76,3.95,214.48,7.14
25,2012-05-11,739866.16,0,59.21,3.89,214.53,7.14
25,2012-05-18,717207.19,0,58.21,3.85,214.55,7.14
25,2012-05-25,783371.02,0,67.69,3.80,214.55,7.14
25,2012-06-01,694765.95,0,69.54,3.74,214.55,7.14
25,2012-06-08,730254.19,0,58.48,3.69,214.55,7.14
25,2012-06-15,753860.89,0,68.34,3.62,214.57,7.14
25,2012-06-22,721601.90,0,73.52,3.56,214.61,7.14
25,2012-06-29,718890.81,0,69.84,3.51,214.65,7.14
25,2012-07-06,753385.55,0,75.52,3.48,214.69,7.28
25,2012-07-13,714093.95,0,73.87,3.52,214.73,7.28
25,2012-07-20,685676.58,0,74.32,3.57,214.73,7.28
25,2012-07-27,659109.53,0,72.98,3.65,214.74,7.28
25,2012-08-03,709724.60,0,72.08,3.65,214.74,7.28
25,2012-08-10,710496.97,0,71.93,3.72,214.75,7.28
25,2012-08-17,728467.72,0,66.99,3.81,214.83,7.28
25,2012-08-24,756527.64,0,64.53,3.83,214.96,7.28
25,2012-08-31,714828.73,0,68.55,3.87,215.09,7.28
25,2012-09-07,671482.90,1,72.79,3.91,215.22,7.28
25,2012-09-14,657241.63,0,60.90,3.95,215.36,7.28
25,2012-09-21,664745.20,0,57.60,4.04,215.55,7.28
25,2012-09-28,683300.84,0,54.52,4.00,215.74,7.28
25,2012-10-05,699536.73,0,57.58,3.99,215.93,7.29
25,2012-10-12,697317.41,0,43.74,4.00,216.12,7.29
25,2012-10-19,685531.85,0,51.93,3.97,216.15,7.29
25,2012-10-26,688940.94,0,56.69,3.88,216.15,7.29
26,2010-02-05,1034119.21,0,9.55,2.79,131.53,8.49
26,2010-02-12,1015684.09,1,18.14,2.77,131.59,8.49
26,2010-02-19,999348.55,0,22.62,2.75,131.64,8.49
26,2010-02-26,855385.01,0,27.32,2.75,131.69,8.49
26,2010-03-05,1005669.58,0,28.60,2.77,131.74,8.49
26,2010-03-12,963382.09,0,31.10,2.81,131.78,8.49
26,2010-03-19,903366.55,0,35.34,2.83,131.82,8.49
26,2010-03-26,893613.00,0,35.26,2.83,131.86,8.49
26,2010-04-02,1029849.20,0,36.53,2.83,131.90,8.51
26,2010-04-09,1022293.81,0,50.13,2.85,131.94,8.51
26,2010-04-16,905548.38,0,36.60,2.89,131.98,8.51
26,2010-04-23,881930.87,0,39.68,2.90,132.02,8.51
26,2010-04-30,904503.85,0,40.56,2.94,132.06,8.51
26,2010-05-07,1074479.73,0,54.72,2.98,132.11,8.51
26,2010-05-14,972663.59,0,39.08,2.98,132.15,8.51
26,2010-05-21,986765.01,0,50.81,2.96,132.22,8.51
26,2010-05-28,1069851.59,0,61.65,2.91,132.29,8.51
26,2010-06-04,1003202.66,0,58.46,2.86,132.36,8.51
26,2010-06-11,1073862.59,0,51.62,2.83,132.44,8.51
26,2010-06-18,1001286.67,0,53.62,2.81,132.47,8.51
26,2010-06-25,976242.09,0,63.78,2.81,132.50,8.51
26,2010-07-02,1078455.48,0,58.90,2.82,132.52,8.45
26,2010-07-09,1122356.53,0,71.08,2.81,132.55,8.45
26,2010-07-16,1028151.72,0,67.66,2.80,132.57,8.45
26,2010-07-23,971615.62,0,65.40,2.78,132.58,8.45
26,2010-07-30,1005324.28,0,63.79,2.79,132.60,8.45
26,2010-08-06,1125329.77,0,62.93,2.79,132.61,8.45
26,2010-08-13,1011938.29,0,61.58,2.81,132.63,8.45
26,2010-08-20,1007385.36,0,62.68,2.80,132.66,8.45
26,2010-08-27,977322.52,0,57.23,2.77,132.69,8.45
26,2010-09-03,1037549.71,0,66.93,2.74,132.72,8.45
26,2010-09-10,1042226.30,1,54.82,2.72,132.76,8.45
26,2010-09-17,923473.70,0,50.08,2.72,132.77,8.45
26,2010-09-24,868636.30,0,52.47,2.72,132.76,8.45
26,2010-10-01,923221.52,0,57.80,2.72,132.76,8.15
26,2010-10-08,1001069.52,0,46.81,2.78,132.75,8.15
26,2010-10-15,937956.89,0,39.93,2.88,132.76,8.15
26,2010-10-22,916522.66,0,36.13,2.92,132.82,8.15
26,2010-10-29,895069.88,0,40.30,2.94,132.87,8.15
26,2010-11-05,970224.51,0,30.51,2.94,132.92,8.15
26,2010-11-12,971193.01,0,37.51,2.96,132.98,8.15
26,2010-11-19,901972.70,0,36.73,3.03,132.92,8.15
26,2010-11-26,1286833.62,1,28.11,3.07,132.84,8.15
26,2010-12-03,1016143.64,0,27.73,3.07,132.76,8.15
26,2010-12-10,1149612.04,0,16.60,3.13,132.68,8.15
26,2010-12-17,1196813.33,0,20.61,3.14,132.68,8.15
26,2010-12-24,1573982.47,0,21.81,3.15,132.75,8.15
26,2010-12-31,877268.29,1,18.73,3.18,132.82,8.15
26,2011-01-07,938149.21,0,21.13,3.19,132.88,7.91
26,2011-01-14,812323.29,0,16.70,3.22,132.95,7.91
26,2011-01-21,809833.21,0,12.98,3.23,133.03,7.91
26,2011-01-28,817485.14,0,5.54,3.24,133.11,7.91
26,2011-02-04,911807.02,0,11.17,3.24,133.18,7.91
26,2011-02-11,1010711.08,1,15.12,3.26,133.26,7.91
26,2011-02-18,981978.02,0,19.63,3.26,133.37,7.91
26,2011-02-25,910298.44,0,16.30,3.28,133.49,7.91
26,2011-03-04,945643.17,0,14.31,3.44,133.61,7.91
26,2011-03-11,946614.55,0,28.13,3.60,133.74,7.91
26,2011-03-18,887426.12,0,31.76,3.63,133.85,7.91
26,2011-03-25,866566.54,0,22.99,3.62,133.96,7.91
26,2011-04-01,849231.61,0,22.99,3.64,134.07,7.82
26,2011-04-08,985229.81,0,29.09,3.72,134.18,7.82
26,2011-04-15,863266.12,0,39.46,3.82,134.28,7.82
26,2011-04-22,921700.61,0,33.81,3.92,134.36,7.82
26,2011-04-29,873450.29,0,47.17,3.99,134.44,7.82
26,2011-05-06,1024778.23,0,45.00,4.08,134.51,7.82
26,2011-05-13,941008.85,0,48.20,4.10,134.59,7.82
26,2011-05-20,938334.62,0,48.86,4.10,134.68,7.82
26,2011-05-27,996723.58,0,56.74,4.03,134.77,7.82
26,2011-06-03,1054454.40,0,60.49,3.97,134.86,7.82
26,2011-06-10,1094058.68,0,59.85,3.92,134.94,7.82
26,2011-06-17,981646.46,0,54.50,3.87,135.08,7.82
26,2011-06-24,997474.93,0,56.94,3.85,135.27,7.82
26,2011-07-01,1070119.09,0,59.89,3.82,135.45,7.77
26,2011-07-08,1133807.03,0,63.34,3.78,135.63,7.77
26,2011-07-15,1021534.70,0,64.43,3.83,135.78,7.77
26,2011-07-22,1017867.80,0,69.52,3.88,135.87,7.77
26,2011-07-29,1005360.50,0,63.32,3.90,135.96,7.77
26,2011-08-05,1107552.43,0,63.16,3.90,136.05,7.77
26,2011-08-12,1087644.50,0,62.99,3.88,136.14,7.77
26,2011-08-19,1021766.75,0,60.58,3.82,136.18,7.77
26,2011-08-26,1064617.62,0,61.10,3.80,136.21,7.77
26,2011-09-02,1040143.14,0,59.67,3.78,136.24,7.77
26,2011-09-09,1069710.97,1,60.98,3.81,136.27,7.77
26,2011-09-16,951569.84,0,55.19,3.81,136.31,7.77
26,2011-09-23,923644.60,0,50.72,3.76,136.37,7.77
26,2011-09-30,959339.51,0,59.42,3.68,136.42,7.77
26,2011-10-07,1130022.99,0,46.84,3.63,136.47,7.60
26,2011-10-14,987886.08,0,53.91,3.58,136.52,7.60
26,2011-10-21,974907.28,0,45.23,3.62,136.50,7.60
26,2011-10-28,972256.98,0,35.06,3.60,136.49,7.60
26,2011-11-04,988950.75,0,31.70,3.59,136.48,7.60
26,2011-11-11,1077640.13,0,40.08,3.57,136.46,7.60
26,2011-11-18,946091.79,0,37.78,3.57,136.47,7.60
26,2011-11-25,1282320.05,1,31.07,3.54,136.48,7.60
26,2011-12-02,1012498.49,0,36.74,3.50,136.49,7.60
26,2011-12-09,1148987.46,0,34.24,3.47,136.50,7.60
26,2011-12-16,1204807.83,0,28.24,3.45,136.53,7.60
26,2011-12-23,1515175.01,0,22.53,3.41,136.59,7.60
26,2011-12-30,972834.42,1,18.80,3.40,136.64,7.60
26,2012-01-06,971557.62,0,22.94,3.44,136.70,7.47
26,2012-01-13,836305.65,0,25.55,3.52,136.75,7.47
26,2012-01-20,838751.50,0,15.22,3.54,136.86,7.47
26,2012-01-27,820059.89,0,24.16,3.57,136.96,7.47
26,2012-02-03,939158.25,0,25.24,3.63,137.06,7.47
26,2012-02-10,1081005.64,1,23.89,3.66,137.17,7.47
26,2012-02-17,965788.76,0,23.90,3.70,137.26,7.47
26,2012-02-24,917924.47,0,28.06,3.75,137.34,7.47
26,2012-03-02,955641.74,0,22.49,3.83,137.42,7.47
26,2012-03-09,1028569.01,0,29.03,3.88,137.51,7.47
26,2012-03-16,919503.40,0,35.06,3.87,137.58,7.47
26,2012-03-23,874790.68,0,49.97,3.89,137.66,7.47
26,2012-03-30,922018.43,0,33.33,3.92,137.73,7.47
26,2012-04-06,1116829.23,0,33.35,3.96,137.80,7.49
26,2012-04-13,889670.29,0,36.90,4.03,137.87,7.49
26,2012-04-20,923600.02,0,50.81,4.05,137.92,7.49
26,2012-04-27,911969.00,0,43.60,4.02,137.98,7.49
26,2012-05-04,946573.29,0,40.29,3.99,138.03,7.49
26,2012-05-11,1062548.73,0,47.11,3.95,138.09,7.49
26,2012-05-18,978082.84,0,52.55,3.90,138.11,7.49
26,2012-05-25,1067310.74,0,58.20,3.85,138.11,7.49
26,2012-06-01,1015853.03,0,58.51,3.80,138.11,7.49
26,2012-06-08,1106176.83,0,49.43,3.75,138.12,7.49
26,2012-06-15,1029248.22,0,57.84,3.68,138.13,7.49
26,2012-06-22,1056282.91,0,63.04,3.63,138.16,7.49
26,2012-06-29,1051190.44,0,60.71,3.58,138.20,7.49
26,2012-07-06,1180470.80,0,64.94,3.54,138.23,7.41
26,2012-07-13,1063149.78,0,64.47,3.56,138.26,7.41
26,2012-07-20,1049625.90,0,66.75,3.61,138.23,7.41
26,2012-07-27,1031745.14,0,64.12,3.70,138.20,7.41
26,2012-08-03,1090915.09,0,65.60,3.70,138.17,7.41
26,2012-08-10,1121476.51,0,67.01,3.77,138.14,7.41
26,2012-08-17,1068292.56,0,65.54,3.84,138.19,7.41
26,2012-08-24,1022704.20,0,62.08,3.87,138.28,7.41
26,2012-08-31,1053495.51,0,63.69,3.88,138.38,7.41
26,2012-09-07,1081874.03,1,61.58,3.92,138.47,7.41
26,2012-09-14,986131.94,0,57.69,3.99,138.57,7.41
26,2012-09-21,961084.08,0,52.68,4.06,138.65,7.41
26,2012-09-28,964726.37,0,50.66,4.02,138.74,7.41
26,2012-10-05,1095504.26,0,54.07,4.03,138.83,7.14
26,2012-10-12,1044639.69,0,45.19,4.03,138.91,7.14
26,2012-10-19,975578.02,0,43.51,4.00,138.83,7.14
26,2012-10-26,958619.80,0,46.95,3.92,138.73,7.14
27,2010-02-05,1874289.79,0,27.19,2.95,135.35,8.24
27,2010-02-12,1745362.72,1,29.81,2.94,135.41,8.24
27,2010-02-19,1945070.33,0,32.44,2.91,135.47,8.24
27,2010-02-26,1390934.27,0,36.00,2.91,135.52,8.24
27,2010-03-05,1313729.72,0,38.07,2.92,135.57,8.24
27,2010-03-12,1925113.12,0,45.98,2.94,135.63,8.24
27,2010-03-19,1700627.97,0,49.04,2.96,135.67,8.24
27,2010-03-26,1836714.84,0,52.34,2.96,135.71,8.24
27,2010-04-02,2053952.97,0,46.90,2.96,135.75,8.06
27,2010-04-09,1955814.13,0,62.62,2.99,135.79,8.06
27,2010-04-16,1857500.96,0,54.95,3.01,135.83,8.06
27,2010-04-23,1850205.47,0,53.91,3.02,135.87,8.06
27,2010-04-30,1805885.04,0,53.55,3.04,135.92,8.06
27,2010-05-07,1939458.84,0,69.02,3.10,135.96,8.06
27,2010-05-14,1842465.78,0,53.82,3.11,136.01,8.06
27,2010-05-21,1836595.58,0,63.31,3.10,136.08,8.06
27,2010-05-28,1962468.67,0,67.88,3.05,136.15,8.06
27,2010-06-04,2073102.59,0,74.29,3.01,136.22,8.06
27,2010-06-11,1873812.93,0,68.90,2.97,136.29,8.06
27,2010-06-18,1887182.27,0,70.00,2.94,136.32,8.06
27,2010-06-25,1962625.01,0,78.02,2.96,136.35,8.06
27,2010-07-02,2024554.10,0,76.25,2.96,136.37,7.98
27,2010-07-09,2119163.01,0,82.69,2.94,136.40,7.98
27,2010-07-16,1880691.64,0,78.26,2.93,136.42,7.98
27,2010-07-23,1808250.71,0,81.56,2.92,136.44,7.98
27,2010-07-30,1816489.53,0,79.78,2.93,136.46,7.98
27,2010-08-06,1908036.68,0,77.45,2.94,136.47,7.98
27,2010-08-13,1864436.12,0,77.36,2.92,136.49,7.98
27,2010-08-20,1936878.46,0,75.16,2.91,136.52,7.98
27,2010-08-27,1870684.21,0,70.31,2.89,136.56,7.98
27,2010-09-03,1908110.90,0,78.52,2.86,136.59,7.98
27,2010-09-10,1913494.81,1,70.38,2.84,136.62,7.98
27,2010-09-17,1629978.46,0,64.50,2.85,136.63,7.98
27,2010-09-24,1597002.71,0,67.08,2.84,136.63,7.98
27,2010-10-01,1543532.83,0,70.19,2.84,136.63,8.02
27,2010-10-08,1707662.87,0,57.78,2.90,136.63,8.02
27,2010-10-15,1728388.20,0,58.38,3.00,136.64,8.02
27,2010-10-22,1693935.29,0,52.82,3.05,136.69,8.02
27,2010-10-29,1688955.49,0,61.02,3.06,136.74,8.02
27,2010-11-05,1686010.02,0,45.91,3.05,136.79,8.02
27,2010-11-12,1828010.25,0,45.90,3.07,136.83,8.02
27,2010-11-19,1704785.74,0,50.81,3.14,136.77,8.02
27,2010-11-26,2627910.75,1,46.67,3.19,136.69,8.02
27,2010-12-03,1884343.67,0,41.81,3.20,136.61,8.02
27,2010-12-10,2139733.68,0,30.83,3.26,136.53,8.02
27,2010-12-17,2350098.36,0,31.62,3.30,136.53,8.02
27,2010-12-24,3078162.08,0,31.34,3.31,136.60,8.02
27,2010-12-31,1440963.00,1,29.59,3.34,136.67,8.02
27,2011-01-07,1568159.48,0,34.42,3.35,136.73,7.83
27,2011-01-14,1532308.62,0,25.70,3.37,136.80,7.83
27,2011-01-21,1517029.90,0,30.13,3.39,136.89,7.83
27,2011-01-28,1421111.55,0,23.64,3.40,136.97,7.83
27,2011-02-04,1628100.79,0,28.70,3.40,137.05,7.83
27,2011-02-11,1636224.77,1,30.45,3.42,137.14,7.83
27,2011-02-18,1709365.19,0,39.32,3.42,137.25,7.83
27,2011-02-25,1688935.71,0,33.05,3.45,137.38,7.83
27,2011-03-04,1656130.67,0,36.99,3.61,137.50,7.83
27,2011-03-11,1613259.77,0,43.64,3.75,137.63,7.83
27,2011-03-18,1624539.21,0,46.65,3.80,137.74,7.83
27,2011-03-25,1554651.08,0,40.11,3.79,137.85,7.83
27,2011-04-01,1628868.28,0,37.27,3.81,137.96,7.73
27,2011-04-08,1689844.18,0,46.87,3.90,138.06,7.73
27,2011-04-15,1727175.61,0,52.24,3.98,138.16,7.73
27,2011-04-22,1921655.48,0,50.02,4.06,138.25,7.73
27,2011-04-29,1642074.64,0,61.71,4.12,138.33,7.73
27,2011-05-06,1757041.96,0,56.48,4.19,138.41,7.73
27,2011-05-13,1763545.32,0,60.07,4.21,138.50,7.73
27,2011-05-20,1725268.56,0,60.22,4.20,138.59,7.73
27,2011-05-27,1820723.17,0,66.43,4.13,138.68,7.73
27,2011-06-03,2053708.01,0,74.17,4.07,138.77,7.73
27,2011-06-10,1817914.71,0,73.26,4.03,138.86,7.73
27,2011-06-17,1814740.09,0,67.03,3.99,139.00,7.73
27,2011-06-24,1811455.15,0,72.02,3.96,139.18,7.73
27,2011-07-01,1949983.93,0,73.76,3.92,139.36,7.85
27,2011-07-08,2000055.27,0,76.87,3.89,139.54,7.85
27,2011-07-15,1762155.79,0,77.83,3.92,139.70,7.85
27,2011-07-22,1754879.45,0,82.28,3.97,139.80,7.85
27,2011-07-29,1744879.06,0,79.41,4.00,139.89,7.85
27,2011-08-05,1747289.53,0,78.14,4.02,139.99,7.85
27,2011-08-12,1758437.96,0,76.67,4.00,140.09,7.85
27,2011-08-19,1781905.24,0,72.97,3.94,140.13,7.85
27,2011-08-26,2034400.78,0,72.88,3.91,140.16,7.85
27,2011-09-02,1511717.53,0,71.44,3.88,140.20,7.85
27,2011-09-09,1911470.84,1,70.93,3.93,140.23,7.85
27,2011-09-16,1613773.90,0,69.65,3.94,140.27,7.85
27,2011-09-23,1606208.68,0,63.61,3.90,140.33,7.85
27,2011-09-30,1599626.26,0,70.92,3.86,140.38,7.85
27,2011-10-07,1672339.27,0,56.91,3.78,140.43,7.91
27,2011-10-14,1682652.51,0,64.78,3.74,140.48,7.91
27,2011-10-21,1689591.44,0,59.62,3.76,140.46,7.91
27,2011-10-28,1710372.40,0,51.81,3.76,140.44,7.91
27,2011-11-04,1621109.30,0,44.46,3.74,140.43,7.91
27,2011-11-11,1800728.07,0,49.69,3.72,140.41,7.91
27,2011-11-18,1723739.44,0,51.42,3.72,140.41,7.91
27,2011-11-25,2504400.71,1,47.88,3.69,140.42,7.91
27,2011-12-02,1806924.74,0,50.55,3.67,140.43,7.91
27,2011-12-09,2014665.98,0,46.28,3.63,140.44,7.91
27,2011-12-16,2205919.86,0,40.68,3.61,140.47,7.91
27,2011-12-23,2739019.75,0,41.59,3.59,140.53,7.91
27,2011-12-30,1650604.60,1,37.85,3.57,140.59,7.91
27,2012-01-06,1535287.40,0,35.80,3.59,140.65,8.01
27,2012-01-13,1492399.13,0,41.30,3.67,140.70,8.01
27,2012-01-20,1542131.05,0,30.35,3.71,140.81,8.01
27,2012-01-27,1263534.86,0,36.96,3.74,140.91,8.01
27,2012-02-03,1564246.02,0,42.52,3.80,141.02,8.01
27,2012-02-10,1651605.35,1,37.86,3.83,141.12,8.01
27,2012-02-17,1606221.56,0,37.24,3.87,141.21,8.01
27,2012-02-24,1648602.39,0,41.74,3.92,141.30,8.01
27,2012-03-02,1509323.09,0,40.07,3.98,141.39,8.01
27,2012-03-09,1607343.41,0,44.32,4.02,141.47,8.01
27,2012-03-16,1635984.07,0,49.60,4.02,141.55,8.01
27,2012-03-23,1620839.34,0,57.30,4.05,141.63,8.01
27,2012-03-30,1615494.14,0,49.40,4.10,141.70,8.01
27,2012-04-06,1899013.34,0,48.73,4.14,141.77,8.25
27,2012-04-13,1650405.21,0,52.22,4.19,141.84,8.25
27,2012-04-20,1639999.47,0,62.62,4.17,141.90,8.25
27,2012-04-27,1565498.84,0,52.33,4.16,141.96,8.25
27,2012-05-04,1669388.45,0,53.68,4.12,142.02,8.25
27,2012-05-11,1674306.31,0,58.97,4.06,142.08,8.25
27,2012-05-18,1707158.82,0,65.15,4.03,142.10,8.25
27,2012-05-25,1818906.73,0,64.77,3.98,142.10,8.25
27,2012-06-01,1900638.60,0,73.40,3.92,142.11,8.25
27,2012-06-08,1764756.31,0,64.05,3.87,142.12,8.25
27,2012-06-15,1773500.56,0,69.52,3.79,142.13,8.25
27,2012-06-22,1837884.79,0,73.23,3.72,142.16,8.25
27,2012-06-29,1842555.32,0,73.94,3.67,142.19,8.25
27,2012-07-06,2062224.92,0,82.08,3.65,142.22,8.24
27,2012-07-13,1755889.53,0,78.95,3.69,142.25,8.24
27,2012-07-20,1730913.66,0,78.64,3.73,142.23,8.24
27,2012-07-27,1625883.71,0,76.01,3.82,142.21,8.24
27,2012-08-03,1705810.84,0,75.22,3.82,142.19,8.24
27,2012-08-10,1720537.26,0,78.44,3.86,142.17,8.24
27,2012-08-17,1735339.59,0,76.51,3.96,142.22,8.24
27,2012-08-24,1780443.36,0,72.93,4.00,142.31,8.24
27,2012-08-31,1731935.43,0,75.00,4.03,142.41,8.24
27,2012-09-07,1840955.23,1,76.00,4.08,142.50,8.24
27,2012-09-14,1519604.50,0,68.72,4.09,142.59,8.24
27,2012-09-21,1557485.75,0,66.10,4.20,142.68,8.24
27,2012-09-28,1540687.63,0,64.92,4.16,142.77,8.24
27,2012-10-05,1591816.88,0,64.50,4.15,142.85,8.00
27,2012-10-12,1660081.29,0,55.40,4.19,142.94,8.00
27,2012-10-19,1620374.24,0,56.53,4.15,142.86,8.00
27,2012-10-26,1703047.74,0,58.99,4.07,142.76,8.00
28,2010-02-05,1672352.29,0,49.47,2.96,126.44,13.98
28,2010-02-12,1558968.49,1,47.87,2.95,126.50,13.98
28,2010-02-19,1491300.42,0,54.83,2.92,126.53,13.98
28,2010-02-26,1542173.33,0,50.23,2.83,126.55,13.98
28,2010-03-05,1608435.45,0,53.77,2.99,126.58,13.98
28,2010-03-12,1326877.11,0,50.11,2.93,126.60,13.98
28,2010-03-19,1279819.43,0,59.57,3.05,126.61,13.98
28,2010-03-26,1245268.77,0,60.06,3.08,126.61,13.98
28,2010-04-02,1441559.40,0,59.84,3.09,126.60,14.10
28,2010-04-09,1382359.21,0,59.25,3.09,126.60,14.10
28,2010-04-16,1268240.66,0,64.95,3.11,126.56,14.10
28,2010-04-23,1244177.21,0,64.55,3.05,126.47,14.10
28,2010-04-30,1186971.02,0,67.38,3.11,126.38,14.10
28,2010-05-07,1532893.22,0,70.15,3.13,126.29,14.10
28,2010-05-14,1245898.73,0,68.44,3.15,126.21,14.10
28,2010-05-21,1217923.71,0,76.20,3.12,126.18,14.10
28,2010-05-28,1176588.25,0,67.84,3.06,126.16,14.10
28,2010-06-04,1543678.02,0,81.39,2.94,126.14,14.10
28,2010-06-11,1348995.17,0,90.84,2.95,126.11,14.10
28,2010-06-18,1267619.06,0,81.06,3.04,126.11,14.10
28,2010-06-25,1231025.07,0,87.27,3.08,126.13,14.10
28,2010-07-02,1399960.15,0,91.98,3.11,126.14,14.18
28,2010-07-09,1340293.87,0,90.37,3.10,126.15,14.18
28,2010-07-16,1225336.41,0,97.18,3.09,126.15,14.18
28,2010-07-23,1205884.98,0,99.22,3.11,126.13,14.18
28,2010-07-30,1150204.71,0,96.31,3.02,126.11,14.18
28,2010-08-06,1523101.38,0,92.95,3.12,126.09,14.18
28,2010-08-13,1218688.09,0,87.01,3.16,126.06,14.18
28,2010-08-20,1195897.60,0,92.81,3.04,126.08,14.18
28,2010-08-27,1191585.92,0,93.19,3.13,126.09,14.18
28,2010-09-03,1523410.71,0,83.12,3.09,126.10,14.18
28,2010-09-10,1246062.17,1,83.63,3.04,126.11,14.18
28,2010-09-17,1159812.35,0,82.45,3.03,126.15,14.18
28,2010-09-24,1111797.21,0,81.77,2.94,126.19,14.18
28,2010-10-01,1203080.41,0,85.20,3.00,126.23,14.31
28,2010-10-08,1334571.87,0,71.82,3.01,126.28,14.31
28,2010-10-15,1158062.99,0,75.00,2.98,126.33,14.31
28,2010-10-22,1120619.32,0,68.85,3.01,126.38,14.31
28,2010-10-29,1231688.48,0,61.09,3.02,126.44,14.31
28,2010-11-05,1501663.26,0,65.49,3.13,126.49,14.31
28,2010-11-12,1266460.45,0,57.79,3.13,126.55,14.31
28,2010-11-19,1179315.72,0,58.18,3.16,126.61,14.31
28,2010-11-26,1937033.50,1,47.66,3.16,126.67,14.31
28,2010-12-03,1447916.29,0,43.33,3.04,126.73,14.31
28,2010-12-10,1466164.49,0,50.01,3.20,126.79,14.31
28,2010-12-17,1510443.62,0,52.77,3.24,126.88,14.31
28,2010-12-24,2026026.39,0,52.02,3.24,126.98,14.31
28,2010-12-31,1090558.57,1,45.64,3.15,127.09,14.31
28,2011-01-07,1402902.47,0,37.64,3.29,127.19,14.02
28,2011-01-14,1098286.61,0,43.15,3.31,127.30,14.02
28,2011-01-21,1079669.11,0,53.53,3.22,127.44,14.02
28,2011-01-28,1127859.69,0,50.74,3.34,127.58,14.02
28,2011-02-04,1564897.32,0,45.14,3.35,127.72,14.02
28,2011-02-11,1397301.38,1,51.30,3.38,127.86,14.02
28,2011-02-18,1514828.82,0,53.35,3.43,128.00,14.02
28,2011-02-25,1311796.91,0,48.45,3.53,128.13,14.02
28,2011-03-04,1723736.91,0,51.72,3.67,128.26,14.02
28,2011-03-11,1380836.35,0,57.75,3.82,128.40,14.02
28,2011-03-18,1286413.71,0,64.21,3.69,128.51,14.02
28,2011-03-25,1201059.72,0,54.40,3.91,128.62,14.02
28,2011-04-01,1336838.41,0,63.63,3.77,128.72,13.74
28,2011-04-08,1414713.50,0,64.47,4.00,128.82,13.74
28,2011-04-15,1240126.07,0,57.63,3.87,128.91,13.74
28,2011-04-22,1297452.00,0,72.12,4.13,128.96,13.74
28,2011-04-29,1222367.90,0,68.27,4.15,129.00,13.74
28,2011-05-06,1515890.38,0,68.40,4.19,129.04,13.74
28,2011-05-13,1253316.30,0,70.93,4.20,129.09,13.74
28,2011-05-20,1151282.31,0,66.59,4.17,129.08,13.74
28,2011-05-27,1160043.98,0,76.67,4.09,129.06,13.74
28,2011-06-03,1403779.25,0,71.81,4.03,129.05,13.74
28,2011-06-10,1339972.83,0,78.72,3.98,129.04,13.74
28,2011-06-17,1268503.49,0,86.84,3.94,129.04,13.74
28,2011-06-24,1208809.34,0,88.95,3.90,129.07,13.74
28,2011-07-01,1319054.57,0,89.85,3.84,129.09,13.50
28,2011-07-08,1459655.85,0,89.90,3.71,129.11,13.50
28,2011-07-15,1197373.13,0,88.10,3.69,129.13,13.50
28,2011-07-22,1165870.54,0,91.17,3.79,129.15,13.50
28,2011-07-29,1114530.29,0,93.29,3.81,129.17,13.50
28,2011-08-05,1523870.89,0,90.61,3.80,129.18,13.50
28,2011-08-12,1218764.94,0,91.04,3.70,129.20,13.50
28,2011-08-19,1200019.74,0,91.74,3.74,129.24,13.50
28,2011-08-26,1166479.51,0,94.61,3.74,129.28,13.50
28,2011-09-02,1468871.49,0,93.66,3.80,129.33,13.50
28,2011-09-09,1310087.00,1,88.00,3.91,129.37,13.50
28,2011-09-16,1159212.10,0,76.36,3.92,129.43,13.50
28,2011-09-23,1109105.92,0,82.95,3.79,129.52,13.50
28,2011-09-30,1120731.76,0,83.26,3.88,129.61,13.50
28,2011-10-07,1557314.58,0,70.44,3.83,129.69,12.89
28,2011-10-14,1220984.94,0,67.31,3.81,129.77,12.89
28,2011-10-21,1203172.05,0,73.05,3.84,129.78,12.89
28,2011-10-28,1242746.06,0,67.41,3.73,129.79,12.89
28,2011-11-04,1576654.67,0,59.77,3.83,129.81,12.89
28,2011-11-11,1402654.95,0,48.76,3.82,129.82,12.89
28,2011-11-18,1255081.22,0,54.20,3.81,129.83,12.89
28,2011-11-25,1929738.27,1,53.25,3.62,129.84,12.89
28,2011-12-02,1368130.35,0,52.50,3.70,129.85,12.89
28,2011-12-09,1467024.30,0,42.17,3.64,129.86,12.89
28,2011-12-16,1429954.66,0,43.29,3.60,129.90,12.89
28,2011-12-23,1796203.51,0,45.40,3.54,129.98,12.89
28,2011-12-30,1270036.53,1,44.64,3.43,130.07,12.89
28,2012-01-06,1466046.07,0,50.43,3.60,130.16,12.19
28,2012-01-13,1161190.29,0,48.07,3.66,130.24,12.19
28,2012-01-20,1129540.48,0,46.20,3.66,130.28,12.19
28,2012-01-27,1132948.48,0,50.43,3.68,130.31,12.19
28,2012-02-03,1531599.44,0,50.58,3.70,130.35,12.19
28,2012-02-10,1572966.15,1,52.27,3.72,130.38,12.19
28,2012-02-17,1501503.68,0,51.80,3.78,130.45,12.19
28,2012-02-24,1323487.91,0,53.13,3.95,130.55,12.19
28,2012-03-02,1451740.57,0,52.27,4.18,130.65,12.19
28,2012-03-09,1680764.06,0,54.54,4.25,130.74,12.19
28,2012-03-16,1337875.49,0,64.44,4.27,130.83,12.19
28,2012-03-23,1216059.41,0,56.26,4.04,130.90,12.19
28,2012-03-30,1209524.11,0,64.36,4.29,130.97,12.19
28,2012-04-06,1559592.79,0,64.05,4.12,131.04,11.63
28,2012-04-13,1290684.95,0,64.28,4.25,131.11,11.63
28,2012-04-20,1180797.20,0,66.73,4.22,131.12,11.63
28,2012-04-27,1170456.16,0,77.99,4.19,131.13,11.63
28,2012-05-04,1450628.85,0,76.03,4.17,131.14,11.63
28,2012-05-11,1264575.18,0,77.27,4.19,131.15,11.63
28,2012-05-18,1213310.45,0,84.51,4.11,131.10,11.63
28,2012-05-25,1151214.41,0,83.84,4.29,131.03,11.63
28,2012-06-01,1245480.95,0,78.11,4.28,130.96,11.63
28,2012-06-08,1440687.69,0,84.83,4.10,130.89,11.63
28,2012-06-15,1229760.97,0,85.94,4.14,130.83,11.63
28,2012-06-22,1180671.55,0,91.61,4.01,130.79,11.63
28,2012-06-29,1129031.98,0,90.47,3.88,130.76,11.63
28,2012-07-06,1500863.54,0,89.13,3.77,130.72,10.93
28,2012-07-13,1179915.04,0,95.61,3.72,130.68,10.93
28,2012-07-20,1149427.48,0,85.53,3.73,130.70,10.93
28,2012-07-27,1135035.09,0,93.47,3.77,130.72,10.93
28,2012-08-03,1376520.10,0,88.16,3.76,130.74,10.93
28,2012-08-10,1269113.41,0,95.91,3.81,130.76,10.93
28,2012-08-17,1184198.41,0,94.87,4.00,130.79,10.93
28,2012-08-24,1199309.59,0,85.32,4.06,130.84,10.93
28,2012-08-31,1227118.75,0,89.78,4.09,130.89,10.93
28,2012-09-07,1469693.99,1,88.52,4.12,130.93,10.93
28,2012-09-14,1124660.77,0,83.64,4.13,130.98,10.93
28,2012-09-21,1135340.19,0,82.97,4.13,131.01,10.93
28,2012-09-28,1129508.61,0,81.22,3.97,131.04,10.93
28,2012-10-05,1462941.03,0,81.61,3.97,131.08,10.20
28,2012-10-12,1205536.71,0,71.74,4.47,131.11,10.20
28,2012-10-19,1143724.48,0,68.66,4.45,131.15,10.20
28,2012-10-26,1213860.61,0,65.95,4.30,131.19,10.20
29,2010-02-05,538634.46,0,24.36,2.79,131.53,10.06
29,2010-02-12,529672.95,1,28.14,2.77,131.59,10.06
29,2010-02-19,542399.07,0,31.96,2.75,131.64,10.06
29,2010-02-26,488417.61,0,35.98,2.75,131.69,10.06
29,2010-03-05,535087.91,0,36.82,2.77,131.74,10.06
29,2010-03-12,519042.49,0,43.43,2.81,131.78,10.06
29,2010-03-19,496851.60,0,46.03,2.83,131.82,10.06
29,2010-03-26,552985.34,0,48.56,2.83,131.86,10.06
29,2010-04-02,599629.25,0,44.96,2.83,131.90,10.16
29,2010-04-09,569937.23,0,57.06,2.85,131.94,10.16
29,2010-04-16,509100.84,0,51.14,2.89,131.98,10.16
29,2010-04-23,505329.66,0,51.04,2.90,132.02,10.16
29,2010-04-30,501013.47,0,50.96,2.94,132.06,10.16
29,2010-05-07,568497.35,0,63.81,2.98,132.11,10.16
29,2010-05-14,518940.88,0,50.99,2.98,132.15,10.16
29,2010-05-21,502021.82,0,59.99,2.96,132.22,10.16
29,2010-05-28,577627.66,0,65.64,2.91,132.29,10.16
29,2010-06-04,588017.66,0,69.49,2.86,132.36,10.16
29,2010-06-11,540716.58,0,65.01,2.83,132.44,10.16
29,2010-06-18,558731.74,0,67.13,2.81,132.47,10.16
29,2010-06-25,585548.79,0,74.37,2.81,132.50,10.16
29,2010-07-02,581473.55,0,72.88,2.82,132.52,10.41
29,2010-07-09,563449.43,0,79.22,2.81,132.55,10.41
29,2010-07-16,512292.01,0,76.30,2.80,132.57,10.41
29,2010-07-23,506502.09,0,76.91,2.78,132.58,10.41
29,2010-07-30,509872.77,0,76.35,2.79,132.60,10.41
29,2010-08-06,519787.93,0,74.37,2.79,132.61,10.41
29,2010-08-13,495269.00,0,74.75,2.81,132.63,10.41
29,2010-08-20,531640.19,0,73.21,2.80,132.66,10.41
29,2010-08-27,545766.13,0,68.99,2.77,132.69,10.41
29,2010-09-03,579272.38,0,75.85,2.74,132.72,10.41
29,2010-09-10,491290.37,1,68.60,2.72,132.76,10.41
29,2010-09-17,463752.89,0,62.49,2.72,132.77,10.41
29,2010-09-24,465338.41,0,65.14,2.72,132.76,10.41
29,2010-10-01,474698.01,0,69.31,2.72,132.76,10.52
29,2010-10-08,530059.06,0,56.32,2.78,132.75,10.52
29,2010-10-15,483011.69,0,55.23,2.88,132.76,10.52
29,2010-10-22,505221.17,0,50.24,2.92,132.82,10.52
29,2010-10-29,527058.59,0,57.73,2.94,132.87,10.52
29,2010-11-05,521002.97,0,44.34,2.94,132.92,10.52
29,2010-11-12,524450.70,0,44.42,2.96,132.98,10.52
29,2010-11-19,508174.55,0,48.62,3.03,132.92,10.52
29,2010-11-26,975268.91,1,44.61,3.07,132.84,10.52
29,2010-12-03,642678.53,0,39.42,3.07,132.76,10.52
29,2010-12-10,713834.74,0,28.43,3.13,132.68,10.52
29,2010-12-17,850538.25,0,30.46,3.14,132.68,10.52
29,2010-12-24,1130926.79,0,29.76,3.15,132.75,10.52
29,2010-12-31,465992.02,1,28.49,3.18,132.82,10.52
29,2011-01-07,455952.18,0,32.56,3.19,132.88,10.26
29,2011-01-14,426905.26,0,24.76,3.22,132.95,10.26
29,2011-01-21,445134.15,0,26.80,3.23,133.03,10.26
29,2011-01-28,410426.97,0,20.61,3.24,133.11,10.26
29,2011-02-04,504126.89,0,26.39,3.24,133.18,10.26
29,2011-02-11,550387.78,1,28.89,3.26,133.26,10.26
29,2011-02-18,542529.21,0,35.34,3.26,133.37,10.26
29,2011-02-25,483660.15,0,30.23,3.28,133.49,10.26
29,2011-03-04,536031.67,0,33.52,3.44,133.61,10.26
29,2011-03-11,493430.45,0,41.42,3.60,133.74,10.26
29,2011-03-18,493653.43,0,43.38,3.63,133.85,10.26
29,2011-03-25,478773.05,0,38.77,3.62,133.96,10.26
29,2011-04-01,475615.26,0,36.04,3.64,134.07,9.97
29,2011-04-08,505304.33,0,44.42,3.72,134.18,9.97
29,2011-04-15,518245.97,0,48.88,3.82,134.28,9.97
29,2011-04-22,589252.69,0,47.76,3.92,134.36,9.97
29,2011-04-29,493078.64,0,57.20,3.99,134.44,9.97
29,2011-05-06,534372.53,0,53.63,4.08,134.51,9.97
29,2011-05-13,549551.02,0,57.71,4.10,134.59,9.97
29,2011-05-20,492932.51,0,58.56,4.10,134.68,9.97
29,2011-05-27,550735.64,0,62.59,4.03,134.77,9.97
29,2011-06-03,598251.57,0,70.09,3.97,134.86,9.97
29,2011-06-10,558431.44,0,69.53,3.92,134.94,9.97
29,2011-06-17,536914.17,0,63.97,3.87,135.08,9.97
29,2011-06-24,545368.17,0,68.53,3.85,135.27,9.97
29,2011-07-01,567114.60,0,70.80,3.82,135.45,9.86
29,2011-07-08,547586.07,0,74.22,3.78,135.63,9.86
29,2011-07-15,505246.15,0,75.20,3.83,135.78,9.86
29,2011-07-22,507335.75,0,77.79,3.88,135.87,9.86
29,2011-07-29,474653.06,0,75.32,3.90,135.96,9.86
29,2011-08-05,503486.37,0,75.33,3.90,136.05,9.86
29,2011-08-12,471311.50,0,74.69,3.88,136.14,9.86
29,2011-08-19,498056.00,0,71.30,3.82,136.18,9.86
29,2011-08-26,608294.98,0,72.22,3.80,136.21,9.86
29,2011-09-02,497085.91,0,69.16,3.78,136.24,9.86
29,2011-09-09,505406.72,1,69.14,3.81,136.27,9.86
29,2011-09-16,474129.35,0,68.08,3.81,136.31,9.86
29,2011-09-23,475696.37,0,62.36,3.76,136.37,9.86
29,2011-09-30,446516.26,0,69.78,3.68,136.42,9.86
29,2011-10-07,514993.00,0,56.44,3.63,136.47,9.36
29,2011-10-14,475776.45,0,62.63,3.58,136.52,9.36
29,2011-10-21,505068.22,0,59.30,3.62,136.50,9.36
29,2011-10-28,515119.64,0,49.31,3.60,136.49,9.36
29,2011-11-04,620735.72,0,42.81,3.59,136.48,9.36
29,2011-11-11,531600.62,0,47.80,3.57,136.46,9.36
29,2011-11-18,504601.29,0,50.62,3.57,136.47,9.36
29,2011-11-25,913165.19,1,46.28,3.54,136.48,9.36
29,2011-12-02,579874.22,0,49.11,3.50,136.49,9.36
29,2011-12-09,633240.53,0,45.35,3.47,136.50,9.36
29,2011-12-16,736805.66,0,39.11,3.45,136.53,9.36
29,2011-12-23,1016637.39,0,39.83,3.41,136.59,9.36
29,2011-12-30,551743.05,1,36.28,3.40,136.64,9.36
29,2012-01-06,469773.85,0,34.61,3.44,136.70,8.99
29,2012-01-13,444756.37,0,39.00,3.52,136.75,8.99
29,2012-01-20,446863.31,0,29.16,3.54,136.86,8.99
29,2012-01-27,395987.24,0,35.68,3.57,136.96,8.99
29,2012-02-03,493159.35,0,40.58,3.63,137.06,8.99
29,2012-02-10,545840.05,1,35.68,3.66,137.17,8.99
29,2012-02-17,559606.91,0,36.25,3.70,137.26,8.99
29,2012-02-24,488782.63,0,39.00,3.75,137.34,8.99
29,2012-03-02,500801.72,0,37.47,3.83,137.42,8.99
29,2012-03-09,504750.35,0,41.72,3.88,137.51,8.99
29,2012-03-16,489293.72,0,46.06,3.87,137.58,8.99
29,2012-03-23,517408.48,0,54.68,3.89,137.66,8.99
29,2012-03-30,504566.28,0,46.40,3.92,137.73,8.99
29,2012-04-06,633826.55,0,46.38,3.96,137.80,9.14
29,2012-04-13,520493.83,0,49.89,4.03,137.87,9.14
29,2012-04-20,525200.59,0,58.81,4.05,137.92,9.14
29,2012-04-27,497250.22,0,51.42,4.02,137.98,9.14
29,2012-05-04,504963.84,0,50.75,3.99,138.03,9.14
29,2012-05-11,529707.87,0,56.72,3.95,138.09,9.14
29,2012-05-18,543706.04,0,61.90,3.90,138.11,9.14
29,2012-05-25,549665.67,0,62.39,3.85,138.11,9.14
29,2012-06-01,576252.35,0,70.01,3.80,138.11,9.14
29,2012-06-08,554093.15,0,61.71,3.75,138.12,9.14
29,2012-06-15,552338.76,0,66.56,3.68,138.13,9.14
29,2012-06-22,581854.50,0,70.61,3.63,138.16,9.14
29,2012-06-29,555954.13,0,70.99,3.58,138.20,9.14
29,2012-07-06,578832.41,0,77.41,3.54,138.23,9.42
29,2012-07-13,514709.76,0,75.81,3.56,138.26,9.42
29,2012-07-20,506705.36,0,76.57,3.61,138.23,9.42
29,2012-07-27,475158.24,0,73.52,3.70,138.20,9.42
29,2012-08-03,504754.74,0,72.99,3.70,138.17,9.42
29,2012-08-10,518628.42,0,76.74,3.77,138.14,9.42
29,2012-08-17,416881.66,0,74.92,3.84,138.19,9.42
29,2012-08-24,615026.15,0,70.42,3.87,138.28,9.42
29,2012-08-31,545844.91,0,71.93,3.88,138.38,9.42
29,2012-09-07,540811.85,1,73.30,3.92,138.47,9.42
29,2012-09-14,475127.18,0,66.42,3.99,138.57,9.42
29,2012-09-21,489079.23,0,63.38,4.06,138.65,9.42
29,2012-09-28,489674.23,0,62.17,4.02,138.74,9.42
29,2012-10-05,520632.80,0,62.09,4.03,138.83,9.15
29,2012-10-12,513737.00,0,54.18,4.03,138.91,9.15
29,2012-10-19,516909.24,0,55.28,4.00,138.83,9.15
29,2012-10-26,534970.68,0,57.58,3.92,138.73,9.15
30,2010-02-05,465108.52,0,39.05,2.57,210.75,8.32
30,2010-02-12,497374.57,1,37.77,2.55,210.90,8.32
30,2010-02-19,463513.26,0,39.75,2.51,210.95,8.32
30,2010-02-26,472330.71,0,45.31,2.56,210.98,8.32
30,2010-03-05,472591.07,0,48.61,2.63,211.01,8.32
30,2010-03-12,468189.93,0,57.10,2.67,211.04,8.32
30,2010-03-19,445736.36,0,54.68,2.72,210.87,8.32
30,2010-03-26,442457.35,0,51.66,2.73,210.68,8.32
30,2010-04-02,457884.06,0,64.12,2.72,210.48,8.20
30,2010-04-09,454800.96,0,65.74,2.77,210.28,8.20
30,2010-04-16,471054.16,0,67.87,2.81,210.15,8.20
30,2010-04-23,462454.39,0,64.21,2.80,210.10,8.20
30,2010-04-30,456140.34,0,66.93,2.78,210.05,8.20
30,2010-05-07,457883.94,0,70.87,2.84,210.00,8.20
30,2010-05-14,461868.09,0,73.08,2.85,210.00,8.20
30,2010-05-21,455751.84,0,74.24,2.83,210.28,8.20
30,2010-05-28,462474.16,0,80.94,2.76,210.56,8.20
30,2010-06-04,458343.70,0,82.68,2.71,210.83,8.20
30,2010-06-11,445530.16,0,83.51,2.67,211.11,8.20
30,2010-06-18,447727.52,0,86.18,2.64,211.11,8.20
30,2010-06-25,453210.24,0,87.01,2.65,211.00,8.20
30,2010-07-02,450337.47,0,82.29,2.67,210.88,8.10
30,2010-07-09,436293.40,0,81.67,2.64,210.77,8.10
30,2010-07-16,438068.71,0,85.61,2.62,210.76,8.10
30,2010-07-23,440491.33,0,87.17,2.61,210.89,8.10
30,2010-07-30,437893.76,0,83.59,2.64,211.03,8.10
30,2010-08-06,441407.06,0,90.30,2.63,211.16,8.10
30,2010-08-13,444160.07,0,89.65,2.69,211.30,8.10
30,2010-08-20,447139.80,0,89.58,2.66,211.26,8.10
30,2010-08-27,443810.78,0,86.20,2.62,211.22,8.10
30,2010-09-03,461548.98,0,82.57,2.58,211.19,8.10
30,2010-09-10,455162.92,1,79.30,2.57,211.15,8.10
30,2010-09-17,462058.19,0,83.03,2.58,211.18,8.10
30,2010-09-24,448392.17,0,80.79,2.62,211.26,8.10
30,2010-10-01,445475.30,0,70.28,2.60,211.33,8.16
30,2010-10-08,462080.47,0,65.76,2.63,211.40,8.16
30,2010-10-15,453943.89,0,68.61,2.72,211.47,8.16
30,2010-10-22,459631.74,0,70.72,2.73,211.52,8.16
30,2010-10-29,438334.39,0,67.51,2.72,211.57,8.16
30,2010-11-05,484661.87,0,58.71,2.69,211.61,8.16
30,2010-11-12,431266.64,0,60.95,2.73,211.66,8.16
30,2010-11-19,423707.69,0,51.71,2.77,211.55,8.16
30,2010-11-26,462732.36,1,62.96,2.74,211.41,8.16
30,2010-12-03,407112.22,0,50.43,2.71,211.27,8.16
30,2010-12-10,428631.91,0,46.35,2.84,211.12,8.16
30,2010-12-17,445332.28,0,48.63,2.87,211.06,8.16
30,2010-12-24,519354.88,0,51.29,2.89,211.06,8.16
30,2010-12-31,397631.02,1,47.19,2.94,211.06,8.16
30,2011-01-07,451077.21,0,44.24,2.98,211.06,8.03
30,2011-01-14,465408.72,0,34.14,2.98,211.12,8.03
30,2011-01-21,439132.62,0,42.72,3.02,211.49,8.03
30,2011-01-28,425989.04,0,44.04,3.01,211.86,8.03
30,2011-02-04,490970.95,0,36.33,2.99,212.22,8.03
30,2011-02-11,470921.24,1,34.61,3.02,212.59,8.03
30,2011-02-18,417070.51,0,59.87,3.05,212.90,8.03
30,2011-02-25,432687.97,0,61.27,3.07,213.19,8.03
30,2011-03-04,443334.71,0,59.52,3.29,213.48,8.03
30,2011-03-11,438529.81,0,54.69,3.46,213.76,8.03
30,2011-03-18,425470.84,0,63.26,3.49,214.02,8.03
30,2011-03-25,431754.01,0,70.33,3.47,214.25,8.03
30,2011-04-01,437926.79,0,56.36,3.52,214.49,7.93
30,2011-04-08,443889.50,0,68.62,3.62,214.73,7.93
30,2011-04-15,426666.92,0,71.01,3.74,214.94,7.93
30,2011-04-22,445358.73,0,70.79,3.81,215.11,7.93
30,2011-04-29,423687.20,0,70.19,3.81,215.28,7.93
30,2011-05-06,438789.52,0,61.87,3.91,215.44,7.93
30,2011-05-13,424614.59,0,75.04,3.90,215.61,7.93
30,2011-05-20,435102.20,0,68.36,3.91,215.38,7.93
30,2011-05-27,429305.82,0,76.86,3.79,215.15,7.93
30,2011-06-03,432808.48,0,83.82,3.70,214.93,7.93
30,2011-06-10,424697.05,0,84.71,3.65,214.70,7.93
30,2011-06-17,435481.03,0,87.54,3.64,214.65,7.93
30,2011-06-24,422715.74,0,85.72,3.59,214.74,7.93
30,2011-07-01,428782.38,0,87.57,3.52,214.84,7.85
30,2011-07-08,419764.37,0,89.16,3.48,214.93,7.85
30,2011-07-15,420515.63,0,91.05,3.58,215.01,7.85
30,2011-07-22,423441.76,0,90.27,3.65,215.07,7.85
30,2011-07-29,414245.96,0,91.56,3.68,215.14,7.85
30,2011-08-05,431798.64,0,94.22,3.68,215.20,7.85
30,2011-08-12,412224.67,0,92.32,3.64,215.26,7.85
30,2011-08-19,414450.61,0,90.11,3.55,215.32,7.85
30,2011-08-26,387944.83,0,92.07,3.52,215.39,7.85
30,2011-09-02,369722.32,0,91.94,3.53,215.45,7.85
30,2011-09-09,370897.82,1,78.87,3.55,215.51,7.85
30,2011-09-16,382914.66,0,80.62,3.53,215.69,7.85
30,2011-09-23,391837.56,0,75.68,3.47,216.03,7.85
30,2011-09-30,387001.13,0,78.91,3.36,216.36,7.85
30,2011-10-07,417528.26,0,71.64,3.29,216.70,7.44
30,2011-10-14,410711.99,0,69.79,3.27,217.00,7.44
30,2011-10-21,428958.53,0,65.16,3.35,217.17,7.44
30,2011-10-28,426151.88,0,65.46,3.37,217.33,7.44
30,2011-11-04,432359.04,0,56.01,3.33,217.49,7.44
30,2011-11-11,409686.63,0,59.80,3.30,217.65,7.44
30,2011-11-18,436462.63,0,61.90,3.31,217.87,7.44
30,2011-11-25,452163.93,1,56.43,3.24,218.11,7.44
30,2011-12-02,412385.75,0,48.72,3.17,218.36,7.44
30,2011-12-09,436741.02,0,41.44,3.16,218.61,7.44
30,2011-12-16,441265.08,0,50.56,3.16,218.82,7.44
30,2011-12-23,492022.68,0,46.54,3.11,219.00,7.44
30,2011-12-30,376777.45,1,45.16,3.13,219.18,7.44
30,2012-01-06,457030.86,0,48.10,3.16,219.36,7.06
30,2012-01-13,447023.91,0,45.00,3.26,219.53,7.06
30,2012-01-20,438760.62,0,52.21,3.27,219.63,7.06
30,2012-01-27,433037.66,0,50.79,3.29,219.72,7.06
30,2012-02-03,434080.74,0,55.83,3.36,219.81,7.06
30,2012-02-10,451365.99,1,46.52,3.41,219.90,7.06
30,2012-02-17,435109.11,0,45.03,3.51,220.07,7.06
30,2012-02-24,425215.71,0,54.81,3.56,220.28,7.06
30,2012-03-02,438640.61,0,59.30,3.63,220.49,7.06
30,2012-03-09,446617.89,0,57.16,3.67,220.70,7.06
30,2012-03-16,413617.45,0,63.39,3.73,220.85,7.06
30,2012-03-23,430222.97,0,62.96,3.79,220.92,7.06
30,2012-03-30,449603.91,0,67.87,3.85,221.00,7.06
30,2012-04-06,461511.92,0,69.02,3.89,221.07,6.89
30,2012-04-13,428784.70,0,69.03,3.89,221.15,6.89
30,2012-04-20,462909.41,0,66.97,3.88,221.20,6.89
30,2012-04-27,433744.83,0,69.21,3.81,221.26,6.89
30,2012-05-04,454477.54,0,77.53,3.75,221.31,6.89
30,2012-05-11,436070.45,0,74.14,3.69,221.36,6.89
30,2012-05-18,460945.14,0,72.42,3.63,221.38,6.89
30,2012-05-25,449355.91,0,79.49,3.56,221.38,6.89
30,2012-06-01,427021.18,0,79.24,3.50,221.39,6.89
30,2012-06-08,437222.94,0,79.47,3.45,221.39,6.89
30,2012-06-15,438523.24,0,81.51,3.39,221.40,6.89
30,2012-06-22,428554.63,0,81.78,3.35,221.44,6.89
30,2012-06-29,423192.40,0,88.05,3.29,221.48,6.89
30,2012-07-06,440553.42,0,85.26,3.23,221.52,6.57
30,2012-07-13,417640.34,0,82.51,3.26,221.56,6.57
30,2012-07-20,427491.04,0,84.25,3.31,221.57,6.57
30,2012-07-27,424581.17,0,88.09,3.41,221.58,6.57
30,2012-08-03,425136.55,0,91.57,3.42,221.59,6.57
30,2012-08-10,430878.28,0,89.57,3.49,221.60,6.57
30,2012-08-17,423351.15,0,85.55,3.57,221.68,6.57
30,2012-08-24,425296.65,0,77.72,3.62,221.81,6.57
30,2012-08-31,439132.50,0,83.58,3.64,221.94,6.57
30,2012-09-07,433565.77,1,88.40,3.73,222.07,6.57
30,2012-09-14,437773.31,0,76.10,3.72,222.22,6.57
30,2012-09-21,443891.64,0,71.54,3.72,222.42,6.57
30,2012-09-28,425410.04,0,80.38,3.67,222.62,6.57
30,2012-10-05,446751.45,0,70.28,3.62,222.82,6.17
30,2012-10-12,434593.26,0,61.53,3.60,223.02,6.17
30,2012-10-19,437537.29,0,68.52,3.59,223.06,6.17
30,2012-10-26,439424.50,0,70.50,3.51,223.08,6.17
31,2010-02-05,1469252.05,0,39.05,2.57,210.75,8.32
31,2010-02-12,1543947.23,1,37.77,2.55,210.90,8.32
31,2010-02-19,1473386.75,0,39.75,2.51,210.95,8.32
31,2010-02-26,1344354.41,0,45.31,2.56,210.98,8.32
31,2010-03-05,1384870.51,0,48.61,2.63,211.01,8.32
31,2010-03-12,1366193.35,0,57.10,2.67,211.04,8.32
31,2010-03-19,1332261.01,0,54.68,2.72,210.87,8.32
31,2010-03-26,1229635.70,0,51.66,2.73,210.68,8.32
31,2010-04-02,1357600.68,0,64.12,2.72,210.48,8.20
31,2010-04-09,1395710.09,0,65.74,2.77,210.28,8.20
31,2010-04-16,1367448.28,0,67.87,2.81,210.15,8.20
31,2010-04-23,1280465.80,0,64.21,2.80,210.10,8.20
31,2010-04-30,1243200.24,0,66.93,2.78,210.05,8.20
31,2010-05-07,1381796.80,0,70.87,2.84,210.00,8.20
31,2010-05-14,1287288.59,0,73.08,2.85,210.00,8.20
31,2010-05-21,1337405.60,0,74.24,2.83,210.28,8.20
31,2010-05-28,1309437.17,0,80.94,2.76,210.56,8.20
31,2010-06-04,1427624.50,0,82.68,2.71,210.83,8.20
31,2010-06-11,1377092.33,0,83.51,2.67,211.11,8.20
31,2010-06-18,1368090.08,0,86.18,2.64,211.11,8.20
31,2010-06-25,1303523.73,0,87.01,2.65,211.00,8.20
31,2010-07-02,1311704.92,0,82.29,2.67,210.88,8.10
31,2010-07-09,1315118.40,0,81.67,2.64,210.77,8.10
31,2010-07-16,1335433.72,0,85.61,2.62,210.76,8.10
31,2010-07-23,1276031.84,0,87.17,2.61,210.89,8.10
31,2010-07-30,1231993.14,0,83.59,2.64,211.03,8.10
31,2010-08-06,1352401.08,0,90.30,2.63,211.16,8.10
31,2010-08-13,1327719.34,0,89.65,2.69,211.30,8.10
31,2010-08-20,1376571.21,0,89.58,2.66,211.26,8.10
31,2010-08-27,1326621.98,0,86.20,2.62,211.22,8.10
31,2010-09-03,1302047.48,0,82.57,2.58,211.19,8.10
31,2010-09-10,1308179.02,1,79.30,2.57,211.15,8.10
31,2010-09-17,1294105.01,0,83.03,2.58,211.18,8.10
31,2010-09-24,1230250.25,0,80.79,2.62,211.26,8.10
31,2010-10-01,1213981.64,0,70.28,2.60,211.33,8.16
31,2010-10-08,1300131.68,0,65.76,2.63,211.40,8.16
31,2010-10-15,1265852.43,0,68.61,2.72,211.47,8.16
31,2010-10-22,1262289.29,0,70.72,2.73,211.52,8.16
31,2010-10-29,1257921.28,0,67.51,2.72,211.57,8.16
31,2010-11-05,1324455.72,0,58.71,2.69,211.61,8.16
31,2010-11-12,1352780.76,0,60.95,2.73,211.66,8.16
31,2010-11-19,1359158.57,0,51.71,2.77,211.55,8.16
31,2010-11-26,1858856.06,1,62.96,2.74,211.41,8.16
31,2010-12-03,1338716.37,0,50.43,2.71,211.27,8.16
31,2010-12-10,1475685.10,0,46.35,2.84,211.12,8.16
31,2010-12-17,1714667.00,0,48.63,2.87,211.06,8.16
31,2010-12-24,2068942.97,0,51.29,2.89,211.06,8.16
31,2010-12-31,1198071.60,1,47.19,2.94,211.06,8.16
31,2011-01-07,1311986.87,0,44.24,2.98,211.06,8.03
31,2011-01-14,1350730.31,0,34.14,2.98,211.12,8.03
31,2011-01-21,1344167.13,0,42.72,3.02,211.49,8.03
31,2011-01-28,1254955.68,0,44.04,3.01,211.86,8.03
31,2011-02-04,1443206.46,0,36.33,2.99,212.22,8.03
31,2011-02-11,1539230.32,1,34.61,3.02,212.59,8.03
31,2011-02-18,1539063.91,0,59.87,3.05,212.90,8.03
31,2011-02-25,1365678.22,0,61.27,3.07,213.19,8.03
31,2011-03-04,1412721.18,0,59.52,3.29,213.48,8.03
31,2011-03-11,1405572.93,0,54.69,3.46,213.76,8.03
31,2011-03-18,1425559.02,0,63.26,3.49,214.02,8.03
31,2011-03-25,1357036.10,0,70.33,3.47,214.25,8.03
31,2011-04-01,1344890.73,0,56.36,3.52,214.49,7.93
31,2011-04-08,1416790.17,0,68.62,3.62,214.73,7.93
31,2011-04-15,1408464.08,0,71.01,3.74,214.94,7.93
31,2011-04-22,1461393.91,0,70.79,3.81,215.11,7.93
31,2011-04-29,1331137.96,0,70.19,3.81,215.28,7.93
31,2011-05-06,1388755.61,0,61.87,3.91,215.44,7.93
31,2011-05-13,1408118.22,0,75.04,3.90,215.61,7.93
31,2011-05-20,1387365.19,0,68.36,3.91,215.38,7.93
31,2011-05-27,1342273.64,0,76.86,3.79,215.15,7.93
31,2011-06-03,1430348.10,0,83.82,3.70,214.93,7.93
31,2011-06-10,1425299.37,0,84.71,3.65,214.70,7.93
31,2011-06-17,1491039.14,0,87.54,3.64,214.65,7.93
31,2011-06-24,1375962.46,0,85.72,3.59,214.74,7.93
31,2011-07-01,1371889.27,0,87.57,3.52,214.84,7.85
31,2011-07-08,1423144.47,0,89.16,3.48,214.93,7.85
31,2011-07-15,1415473.91,0,91.05,3.58,215.01,7.85
31,2011-07-22,1401944.80,0,90.27,3.65,215.07,7.85
31,2011-07-29,1308122.15,0,91.56,3.68,215.14,7.85
31,2011-08-05,1428993.33,0,94.22,3.68,215.20,7.85
31,2011-08-12,1443311.49,0,92.32,3.64,215.26,7.85
31,2011-08-19,1487542.53,0,90.11,3.55,215.32,7.85
31,2011-08-26,1417267.07,0,92.07,3.52,215.39,7.85
31,2011-09-02,1385769.03,0,91.94,3.53,215.45,7.85
31,2011-09-09,1376670.27,1,78.87,3.55,215.51,7.85
31,2011-09-16,1363460.86,0,80.62,3.53,215.69,7.85
31,2011-09-23,1347607.74,0,75.68,3.47,216.03,7.85
31,2011-09-30,1285534.74,0,78.91,3.36,216.36,7.85
31,2011-10-07,1427383.24,0,71.64,3.29,216.70,7.44
31,2011-10-14,1378340.18,0,69.79,3.27,217.00,7.44
31,2011-10-21,1409310.40,0,65.16,3.35,217.17,7.44
31,2011-10-28,1346862.72,0,65.46,3.37,217.33,7.44
31,2011-11-04,1426405.46,0,56.01,3.33,217.49,7.44
31,2011-11-11,1444783.64,0,59.80,3.30,217.65,7.44
31,2011-11-18,1445174.79,0,61.90,3.31,217.87,7.44
31,2011-11-25,1934099.65,1,56.43,3.24,218.11,7.44
31,2011-12-02,1388809.43,0,48.72,3.17,218.36,7.44
31,2011-12-09,1556798.94,0,41.44,3.16,218.61,7.44
31,2011-12-16,1611196.61,0,50.56,3.16,218.82,7.44
31,2011-12-23,2026176.14,0,46.54,3.11,219.00,7.44
31,2011-12-30,1355405.95,1,45.16,3.13,219.18,7.44
31,2012-01-06,1401232.52,0,48.10,3.16,219.36,7.06
31,2012-01-13,1377485.12,0,45.00,3.26,219.53,7.06
31,2012-01-20,1372504.90,0,52.21,3.27,219.63,7.06
31,2012-01-27,1259941.48,0,50.79,3.29,219.72,7.06
31,2012-02-03,1391479.91,0,55.83,3.36,219.81,7.06
31,2012-02-10,1527688.58,1,46.52,3.41,219.90,7.06
31,2012-02-17,1570813.52,0,45.03,3.51,220.07,7.06
31,2012-02-24,1392543.37,0,54.81,3.56,220.28,7.06
31,2012-03-02,1427881.22,0,59.30,3.63,220.49,7.06
31,2012-03-09,1439034.86,0,57.16,3.67,220.70,7.06
31,2012-03-16,1481728.13,0,63.39,3.73,220.85,7.06
31,2012-03-23,1365824.97,0,62.96,3.79,220.92,7.06
31,2012-03-30,1318854.22,0,67.87,3.85,221.00,7.06
31,2012-04-06,1496169.81,0,69.02,3.89,221.07,6.89
31,2012-04-13,1407842.91,0,69.03,3.89,221.15,6.89
31,2012-04-20,1407036.59,0,66.97,3.88,221.20,6.89
31,2012-04-27,1311352.25,0,69.21,3.81,221.26,6.89
31,2012-05-04,1391257.28,0,77.53,3.75,221.31,6.89
31,2012-05-11,1392938.06,0,74.14,3.69,221.36,6.89
31,2012-05-18,1441473.82,0,72.42,3.63,221.38,6.89
31,2012-05-25,1397094.26,0,79.49,3.56,221.38,6.89
31,2012-06-01,1404516.29,0,79.24,3.50,221.39,6.89
31,2012-06-08,1443285.79,0,79.47,3.45,221.39,6.89
31,2012-06-15,1431003.43,0,81.51,3.39,221.40,6.89
31,2012-06-22,1394065.76,0,81.78,3.35,221.44,6.89
31,2012-06-29,1349202.25,0,88.05,3.29,221.48,6.89
31,2012-07-06,1458059.42,0,85.26,3.23,221.52,6.57
31,2012-07-13,1374301.34,0,82.51,3.26,221.56,6.57
31,2012-07-20,1392395.20,0,84.25,3.31,221.57,6.57
31,2012-07-27,1303732.36,0,88.09,3.41,221.58,6.57
31,2012-08-03,1390174.63,0,91.57,3.42,221.59,6.57
31,2012-08-10,1386472.59,0,89.57,3.49,221.60,6.57
31,2012-08-17,1410181.70,0,85.55,3.57,221.68,6.57
31,2012-08-24,1379783.21,0,77.72,3.62,221.81,6.57
31,2012-08-31,1373651.49,0,83.58,3.64,221.94,6.57
31,2012-09-07,1358111.62,1,88.40,3.73,222.07,6.57
31,2012-09-14,1327705.44,0,76.10,3.72,222.22,6.57
31,2012-09-21,1373064.87,0,71.54,3.72,222.42,6.57
31,2012-09-28,1279080.58,0,80.38,3.67,222.62,6.57
31,2012-10-05,1363365.05,0,70.28,3.62,222.82,6.17
31,2012-10-12,1401113.42,0,61.53,3.60,223.02,6.17
31,2012-10-19,1378730.45,0,68.52,3.59,223.06,6.17
31,2012-10-26,1340232.55,0,70.50,3.51,223.08,6.17
32,2010-02-05,1087616.19,0,34.43,2.58,189.38,9.01
32,2010-02-12,1123566.12,1,28.09,2.57,189.46,9.01
32,2010-02-19,1082559.06,0,29.16,2.55,189.53,9.01
32,2010-02-26,1053247.10,0,26.64,2.59,189.60,9.01
32,2010-03-05,1066566.74,0,37.72,2.62,189.67,9.01
32,2010-03-12,1093319.37,0,39.88,2.68,189.74,9.01
32,2010-03-19,1059781.78,0,42.43,2.69,189.73,9.01
32,2010-03-26,1076021.58,0,36.59,2.72,189.72,9.01
32,2010-04-02,1131732.94,0,48.28,2.73,189.70,8.96
32,2010-04-09,1095889.22,0,44.88,2.75,189.69,8.96
32,2010-04-16,1082763.27,0,53.49,2.77,189.66,8.96
32,2010-04-23,1072474.80,0,50.06,2.78,189.62,8.96
32,2010-04-30,1066792.63,0,47.51,2.77,189.58,8.96
32,2010-05-07,1133657.58,0,48.94,2.77,189.53,8.96
32,2010-05-14,1079314.52,0,46.42,2.79,189.49,8.96
32,2010-05-21,1143819.35,0,55.89,2.78,189.47,8.96
32,2010-05-28,1205662.85,0,64.69,2.74,189.45,8.96
32,2010-06-04,1149234.96,0,66.69,2.70,189.42,8.96
32,2010-06-11,1192074.09,0,70.86,2.68,189.40,8.96
32,2010-06-18,1150191.72,0,60.94,2.67,189.42,8.96
32,2010-06-25,1124763.74,0,72.42,2.72,189.45,8.96
32,2010-07-02,1187988.64,0,74.74,2.73,189.49,9.02
32,2010-07-09,1077253.67,0,67.55,2.71,189.52,9.02
32,2010-07-16,1120172.24,0,76.20,2.70,189.61,9.02
32,2010-07-23,1109574.11,0,75.69,2.69,189.77,9.02
32,2010-07-30,1065350.56,0,75.62,2.69,189.94,9.02
32,2010-08-06,1144552.09,0,72.95,2.69,190.10,9.02
32,2010-08-13,1157975.68,0,74.97,2.72,190.26,9.02
32,2010-08-20,1189887.86,0,71.46,2.73,190.29,9.02
32,2010-08-27,1140501.03,0,74.95,2.73,190.33,9.02
32,2010-09-03,1095932.51,0,70.20,2.77,190.36,9.02
32,2010-09-10,1028635.39,1,68.44,2.78,190.40,9.02
32,2010-09-17,1043962.36,0,67.17,2.80,190.47,9.02
32,2010-09-24,1067432.10,0,64.19,2.79,190.57,9.02
32,2010-10-01,1061089.56,0,66.14,2.76,190.67,9.14
32,2010-10-08,1085483.44,0,61.81,2.75,190.78,9.14
32,2010-10-15,1096692.88,0,52.96,2.76,190.86,9.14
32,2010-10-22,1102185.00,0,52.30,2.76,190.91,9.14
32,2010-10-29,1115138.51,0,45.45,2.75,190.95,9.14
32,2010-11-05,1063056.21,0,49.20,2.73,191.00,9.14
32,2010-11-12,1141019.11,0,42.30,2.74,191.04,9.14
32,2010-11-19,1150729.89,0,36.24,2.76,191.03,9.14
32,2010-11-26,1634635.86,1,29.97,2.74,191.01,9.14
32,2010-12-03,1200892.56,0,35.18,2.71,190.99,9.14
32,2010-12-10,1377322.73,0,36.62,2.73,190.97,9.14
32,2010-12-17,1557776.10,0,36.07,2.78,191.03,9.14
32,2010-12-24,1949183.14,0,30.72,2.78,191.14,9.14
32,2010-12-31,955463.84,1,27.70,2.83,191.26,9.14
32,2011-01-07,1046416.17,0,23.78,2.88,191.37,8.82
32,2011-01-14,1028206.51,0,21.69,2.91,191.48,8.82
32,2011-01-21,1078348.91,0,34.54,2.97,191.57,8.82
32,2011-01-28,1006814.85,0,34.86,3.01,191.67,8.82
32,2011-02-04,1070457.80,0,15.47,3.01,191.76,8.82
32,2011-02-11,1124357.20,1,18.51,3.04,191.86,8.82
32,2011-02-18,1183528.58,0,42.09,3.05,191.92,8.82
32,2011-02-25,1054754.67,0,33.00,3.10,191.96,8.82
32,2011-03-04,1106847.62,0,39.17,3.23,192.01,8.82
32,2011-03-11,1101458.21,0,36.51,3.37,192.06,8.82
32,2011-03-18,1100765.50,0,45.25,3.41,192.12,8.82
32,2011-03-25,1068719.22,0,46.70,3.41,192.20,8.82
32,2011-04-01,1051121.02,0,44.83,3.46,192.27,8.60
32,2011-04-08,1102975.59,0,48.81,3.53,192.34,8.60
32,2011-04-15,1120508.14,0,45.97,3.61,192.42,8.60
32,2011-04-22,1210602.91,0,48.69,3.64,192.52,8.60
32,2011-04-29,1107494.55,0,44.86,3.66,192.62,8.60
32,2011-05-06,1181793.55,0,46.65,3.74,192.73,8.60
32,2011-05-13,1138162.76,0,56.09,3.77,192.83,8.60
32,2011-05-20,1145084.76,0,45.71,3.83,192.83,8.60
32,2011-05-27,1175447.49,0,55.13,3.80,192.84,8.60
32,2011-06-03,1167757.00,0,61.25,3.76,192.84,8.60
32,2011-06-10,1239741.34,0,65.49,3.74,192.85,8.60
32,2011-06-17,1192031.38,0,67.38,3.70,192.90,8.60
32,2011-06-24,1163869.52,0,65.06,3.66,193.00,8.60
32,2011-07-01,1199845.29,0,72.86,3.60,193.09,8.62
32,2011-07-08,1110244.52,0,72.56,3.54,193.19,8.62
32,2011-07-15,1144254.26,0,70.55,3.53,193.31,8.62
32,2011-07-22,1185674.48,0,76.00,3.55,193.51,8.62
32,2011-07-29,1169988.62,0,75.91,3.55,193.71,8.62
32,2011-08-05,1201694.14,0,74.83,3.55,193.91,8.62
32,2011-08-12,1206795.74,0,74.20,3.54,194.11,8.62
32,2011-08-19,1221318.17,0,73.72,3.50,194.25,8.62
32,2011-08-26,1183740.91,0,75.64,3.49,194.38,8.62
32,2011-09-02,1152117.50,0,74.60,3.51,194.51,8.62
32,2011-09-09,1128237.30,1,61.24,3.57,194.64,8.62
32,2011-09-16,1142499.25,0,60.88,3.60,194.74,8.62
32,2011-09-23,1116140.29,0,58.66,3.58,194.81,8.62
32,2011-09-30,1088943.98,0,65.04,3.54,194.88,8.62
32,2011-10-07,1149448.02,0,62.62,3.50,194.95,8.51
32,2011-10-14,1175420.26,0,50.15,3.49,195.03,8.51
32,2011-10-21,1151258.74,0,48.87,3.55,195.18,8.51
32,2011-10-28,1185391.96,0,42.76,3.55,195.33,8.51
32,2011-11-04,1204628.28,0,37.95,3.53,195.48,8.51
32,2011-11-11,1182733.00,0,38.10,3.51,195.64,8.51
32,2011-11-18,1181651.55,0,42.61,3.48,195.72,8.51
32,2011-11-25,1684468.66,1,40.22,3.42,195.77,8.51
32,2011-12-02,1179773.88,0,33.80,3.38,195.82,8.51
32,2011-12-09,1415746.91,0,17.94,3.33,195.87,8.51
32,2011-12-16,1556017.91,0,26.23,3.27,195.98,8.51
32,2011-12-23,1959526.96,0,25.97,3.17,196.17,8.51
32,2011-12-30,1102367.65,1,32.99,3.12,196.36,8.51
32,2012-01-06,1099937.25,0,36.75,3.10,196.55,8.26
32,2012-01-13,1071598.36,0,28.99,3.08,196.73,8.26
32,2012-01-20,1080012.04,0,36.86,3.06,196.78,8.26
32,2012-01-27,1051864.60,0,36.67,3.04,196.83,8.26
32,2012-02-03,1156826.31,0,35.89,3.03,196.87,8.26
32,2012-02-10,1129422.86,1,23.34,3.10,196.92,8.26
32,2012-02-17,1243812.59,0,24.26,3.11,196.94,8.26
32,2012-02-24,1091822.72,0,33.41,3.13,196.95,8.26
32,2012-03-02,1153332.89,0,33.40,3.19,196.96,8.26
32,2012-03-09,1124537.97,0,39.90,3.29,196.96,8.26
32,2012-03-16,1138101.18,0,51.51,3.49,197.05,8.26
32,2012-03-23,1146632.46,0,47.64,3.66,197.23,8.26
32,2012-03-30,1108686.87,0,56.09,3.75,197.41,8.26
32,2012-04-06,1270577.01,0,51.49,3.85,197.60,8.09
32,2012-04-13,1171834.47,0,52.10,3.90,197.78,8.09
32,2012-04-20,1121405.91,0,49.15,3.94,197.72,8.09
32,2012-04-27,1126962.44,0,61.76,3.93,197.66,8.09
32,2012-05-04,1187384.53,0,58.29,3.90,197.61,8.09
32,2012-05-11,1187051.07,0,55.40,3.87,197.55,8.09
32,2012-05-18,1177539.71,0,57.46,3.84,197.56,8.09
32,2012-05-25,1232784.22,0,59.74,3.80,197.59,8.09
32,2012-06-01,1157557.79,0,62.84,3.76,197.62,8.09
32,2012-06-08,1246322.44,0,71.14,3.74,197.66,8.09
32,2012-06-15,1234759.54,0,70.91,3.72,197.69,8.09
32,2012-06-22,1196880.11,0,74.85,3.74,197.74,8.09
32,2012-06-29,1178211.81,0,81.95,3.69,197.79,8.09
32,2012-07-06,1214183.97,0,78.68,3.65,197.83,7.87
32,2012-07-13,1141184.66,0,71.57,3.61,197.88,7.87
32,2012-07-20,1167829.33,0,77.76,3.59,197.93,7.87
32,2012-07-27,1144901.52,0,77.56,3.57,197.98,7.87
32,2012-08-03,1183571.35,0,75.09,3.53,198.03,7.87
32,2012-08-10,1227469.20,0,75.93,3.51,198.08,7.87
32,2012-08-17,1261306.37,0,70.75,3.55,198.10,7.87
32,2012-08-24,1272809.11,0,70.12,3.56,198.10,7.87
32,2012-08-31,1183979.27,0,76.12,3.56,198.10,7.87
32,2012-09-07,1126685.95,1,72.56,3.60,198.10,7.87
32,2012-09-14,1156377.47,0,64.05,3.66,198.13,7.87
32,2012-09-21,1159119.60,0,63.49,3.77,198.36,7.87
32,2012-09-28,1157111.15,0,60.62,3.79,198.59,7.87
32,2012-10-05,1202775.24,0,55.34,3.78,198.82,7.56
32,2012-10-12,1176681.31,0,43.49,3.76,199.05,7.56
32,2012-10-19,1199292.06,0,53.57,3.75,199.15,7.56
32,2012-10-26,1219979.29,0,47.22,3.69,199.22,7.56
33,2010-02-05,274593.43,0,58.40,2.96,126.44,10.12
33,2010-02-12,294882.83,1,55.47,2.83,126.50,10.12
33,2010-02-19,296850.83,0,62.16,2.92,126.53,10.12
33,2010-02-26,284052.77,0,56.50,2.83,126.55,10.12
33,2010-03-05,291484.89,0,59.17,2.88,126.58,10.12
33,2010-03-12,312161.00,0,55.61,3.03,126.60,10.12
33,2010-03-19,282235.73,0,64.60,3.05,126.61,10.12
33,2010-03-26,262893.76,0,64.09,2.98,126.61,10.12
33,2010-04-02,274634.52,0,66.79,3.09,126.60,9.85
33,2010-04-09,325201.05,0,68.43,3.00,126.60,9.85
33,2010-04-16,307779.64,0,72.44,3.11,126.56,9.85
33,2010-04-23,263263.02,0,71.59,3.05,126.47,9.85
33,2010-04-30,275883.23,0,73.29,3.11,126.38,9.85
33,2010-05-07,326870.13,0,75.40,3.13,126.29,9.85
33,2010-05-14,331173.51,0,76.80,3.15,126.21,9.85
33,2010-05-21,294264.20,0,82.80,3.12,126.18,9.85
33,2010-05-28,279246.33,0,78.47,3.06,126.16,9.85
33,2010-06-04,285100.00,0,86.06,2.94,126.14,9.85
33,2010-06-11,310800.79,0,93.52,3.06,126.11,9.85
33,2010-06-18,272399.08,0,87.69,2.94,126.11,9.85
33,2010-06-25,259419.91,0,93.66,3.08,126.13,9.85
33,2010-07-02,267495.76,0,97.66,2.98,126.14,9.50
33,2010-07-09,302423.93,0,95.88,3.10,126.15,9.50
33,2010-07-16,280937.84,0,100.14,2.97,126.15,9.50
33,2010-07-23,252734.31,0,97.04,3.11,126.13,9.50
33,2010-07-30,242047.03,0,92.71,3.02,126.11,9.50
33,2010-08-06,262789.95,0,92.51,3.12,126.09,9.50
33,2010-08-13,265367.51,0,95.57,3.05,126.06,9.50
33,2010-08-20,230519.49,0,96.46,3.04,126.08,9.50
33,2010-08-27,224031.19,0,94.00,3.02,126.09,9.50
33,2010-09-03,237405.82,0,90.82,3.09,126.10,9.50
33,2010-09-10,272834.88,1,91.77,2.96,126.11,9.50
33,2010-09-17,246277.18,0,89.43,3.03,126.15,9.50
33,2010-09-24,231976.84,0,91.18,2.94,126.19,9.50
33,2010-10-01,224294.39,0,91.45,3.00,126.23,9.27
33,2010-10-08,266484.19,0,79.02,2.92,126.28,9.27
33,2010-10-15,251732.92,0,80.49,3.08,126.33,9.27
33,2010-10-22,234175.92,0,74.20,3.01,126.38,9.27
33,2010-10-29,213538.32,0,71.34,3.13,126.44,9.27
33,2010-11-05,246124.61,0,74.23,3.01,126.49,9.27
33,2010-11-12,272803.94,0,65.21,3.13,126.55,9.27
33,2010-11-19,224639.76,0,61.95,3.05,126.61,9.27
33,2010-11-26,240044.57,1,56.87,3.16,126.67,9.27
33,2010-12-03,209986.25,0,52.82,3.04,126.73,9.27
33,2010-12-10,253050.10,0,60.72,3.09,126.79,9.27
33,2010-12-17,238875.26,0,61.12,3.13,126.88,9.27
33,2010-12-24,249246.80,0,60.43,3.24,126.98,9.27
33,2010-12-31,219804.85,1,52.91,3.15,127.09,9.27
33,2011-01-07,243948.82,0,46.25,3.29,127.19,8.95
33,2011-01-14,259527.75,0,53.63,3.31,127.30,8.95
33,2011-01-21,244856.44,0,59.46,3.34,127.44,8.95
33,2011-01-28,231155.90,0,56.62,3.23,127.58,8.95
33,2011-02-04,234218.03,0,49.26,3.35,127.72,8.95
33,2011-02-11,276198.74,1,53.35,3.38,127.86,8.95
33,2011-02-18,252349.60,0,62.03,3.43,128.00,8.95
33,2011-02-25,242901.21,0,54.89,3.40,128.13,8.95
33,2011-03-04,245435.80,0,59.51,3.67,128.26,8.95
33,2011-03-11,270921.44,0,66.51,3.63,128.40,8.95
33,2011-03-18,247234.47,0,72.72,3.89,128.51,8.95
33,2011-03-25,238084.08,0,63.34,3.72,128.62,8.95
33,2011-04-01,232769.09,0,71.41,3.77,128.72,8.69
33,2011-04-08,271924.73,0,75.11,3.82,128.82,8.69
33,2011-04-15,275749.56,0,64.64,4.09,128.91,8.69
33,2011-04-22,248603.30,0,79.46,3.92,128.96,8.69
33,2011-04-29,248561.86,0,77.44,4.15,129.00,8.69
33,2011-05-06,257031.19,0,77.92,4.19,129.04,8.69
33,2011-05-13,279466.87,0,78.24,4.20,129.09,8.69
33,2011-05-20,239206.26,0,76.07,3.99,129.08,8.69
33,2011-05-27,239431.85,0,82.32,3.93,129.06,8.69
33,2011-06-03,243477.03,0,82.93,3.89,129.05,8.69
33,2011-06-10,258427.39,0,87.02,3.98,129.04,8.69
33,2011-06-17,238172.66,0,91.11,3.94,129.04,8.69
33,2011-06-24,238433.53,0,94.11,3.81,129.07,8.69
33,2011-07-01,226702.36,0,98.43,3.84,129.09,8.44
33,2011-07-08,262717.71,0,96.44,3.79,129.11,8.44
33,2011-07-15,265003.47,0,92.83,3.78,129.13,8.44
33,2011-07-22,238915.05,0,97.17,3.70,129.15,8.44
33,2011-07-29,224806.96,0,95.28,3.69,129.17,8.44
33,2011-08-05,242456.39,0,96.93,3.80,129.18,8.44
33,2011-08-12,274721.85,0,96.00,3.79,129.20,8.44
33,2011-08-19,242771.37,0,95.89,3.74,129.24,8.44
33,2011-08-26,237095.82,0,99.66,3.66,129.28,8.44
33,2011-09-02,239198.36,0,99.20,3.80,129.33,8.44
33,2011-09-09,281842.28,1,96.22,3.77,129.37,8.44
33,2011-09-16,262407.57,0,85.79,3.78,129.43,8.44
33,2011-09-23,234793.12,0,88.93,3.79,129.52,8.44
33,2011-09-30,229731.98,0,89.10,3.88,129.61,8.44
33,2011-10-07,262159.13,0,81.16,3.83,129.69,8.01
33,2011-10-14,272487.33,0,76.49,3.70,129.77,8.01
33,2011-10-21,233543.08,0,81.74,3.84,129.78,8.01
33,2011-10-28,231319.96,0,76.73,3.84,129.79,8.01
33,2011-11-04,236157.12,0,71.91,3.83,129.81,8.01
33,2011-11-11,271961.04,0,58.75,3.68,129.82,8.01
33,2011-11-18,251294.50,0,63.35,3.67,129.83,8.01
33,2011-11-25,255996.47,1,62.35,3.76,129.84,8.01
33,2011-12-02,220060.35,0,59.12,3.70,129.85,8.01
33,2011-12-09,270373.05,0,47.70,3.64,129.86,8.01
33,2011-12-16,259638.35,0,53.18,3.49,129.90,8.01
33,2011-12-23,256235.19,0,53.39,3.54,129.98,8.01
33,2011-12-30,215359.21,1,51.60,3.43,130.07,8.01
33,2012-01-06,267058.08,0,60.92,3.44,130.16,7.60
33,2012-01-13,279447.22,0,54.61,3.48,130.24,7.60
33,2012-01-20,244899.20,0,55.99,3.66,130.28,7.60
33,2012-01-27,236920.49,0,56.33,3.68,130.31,7.60
33,2012-02-03,256091.32,0,59.53,3.54,130.35,7.60
33,2012-02-10,282552.58,1,59.94,3.72,130.38,7.60
33,2012-02-17,266300.98,0,57.80,3.78,130.45,7.60
33,2012-02-24,242526.70,0,59.41,3.95,130.55,7.60
33,2012-03-02,248051.53,0,60.91,3.88,130.65,7.60
33,2012-03-09,287346.29,0,62.20,3.96,130.74,7.60
33,2012-03-16,278067.73,0,65.99,4.27,130.83,7.60
33,2012-03-23,246970.97,0,60.82,4.29,130.90,7.60
33,2012-03-30,251327.67,0,71.34,4.29,130.97,7.60
33,2012-04-06,275911.97,0,70.75,4.28,131.04,7.40
33,2012-04-13,312698.67,0,73.17,4.25,131.11,7.40
33,2012-04-20,261837.20,0,72.94,4.11,131.12,7.40
33,2012-04-27,249798.75,0,83.07,4.09,131.13,7.40
33,2012-05-04,270497.51,0,82.43,4.06,131.14,7.40
33,2012-05-11,295841.84,0,81.02,4.19,131.15,7.40
33,2012-05-18,276899.95,0,89.81,4.31,131.10,7.40
33,2012-05-25,261851.74,0,88.89,4.13,131.03,7.40
33,2012-06-01,261131.09,0,83.57,4.28,130.96,7.40
33,2012-06-08,286082.76,0,90.94,4.10,130.89,7.40
33,2012-06-15,290444.31,0,92.44,4.14,130.83,7.40
33,2012-06-22,261666.29,0,95.75,4.01,130.79,7.40
33,2012-06-29,244338.31,0,98.15,3.88,130.76,7.40
33,2012-07-06,273690.37,0,93.21,3.67,130.72,7.15
33,2012-07-13,287033.64,0,97.60,3.72,130.68,7.15
33,2012-07-20,253205.89,0,91.49,3.59,130.70,7.15
33,2012-07-27,249134.32,0,93.95,3.77,130.72,7.15
33,2012-08-03,258533.12,0,92.13,3.60,130.74,7.15
33,2012-08-10,297753.49,0,100.07,3.81,130.76,7.15
33,2012-08-17,270097.76,0,96.79,4.00,130.79,7.15
33,2012-08-24,247672.56,0,89.62,4.06,130.84,7.15
33,2012-08-31,237129.81,0,94.55,3.89,130.89,7.15
33,2012-09-07,286428.78,1,92.02,4.12,130.93,7.15
33,2012-09-14,277417.53,0,83.40,3.97,130.98,7.15
33,2012-09-21,252709.58,0,86.53,4.13,131.01,7.15
33,2012-09-28,242813.51,0,86.42,3.97,131.04,7.15
33,2012-10-05,265444.90,0,85.18,4.13,131.08,6.90
33,2012-10-12,291781.15,0,79.64,4.47,131.11,6.90
33,2012-10-19,254412.34,0,75.55,4.45,131.15,6.90
33,2012-10-26,253731.13,0,73.70,4.30,131.19,6.90
34,2010-02-05,956228.96,0,35.44,2.60,126.44,9.52
34,2010-02-12,994610.99,1,36.13,2.57,126.50,9.52
34,2010-02-19,983963.07,0,38.36,2.54,126.53,9.52
34,2010-02-26,905756.13,0,37.28,2.59,126.55,9.52
34,2010-03-05,918295.79,0,42.65,2.65,126.58,9.52
34,2010-03-12,921247.88,0,42.26,2.70,126.60,9.52
34,2010-03-19,892070.82,0,45.86,2.74,126.61,9.52
34,2010-03-26,880742.35,0,42.91,2.75,126.61,9.52
34,2010-04-02,979428.66,0,50.07,2.74,126.60,9.59
34,2010-04-09,950684.20,0,51.26,2.77,126.60,9.59
34,2010-04-16,923344.54,0,59.18,2.81,126.56,9.59
34,2010-04-23,910240.68,0,55.04,2.81,126.47,9.59
34,2010-04-30,859922.19,0,56.58,2.79,126.38,9.59
34,2010-05-07,953495.48,0,57.39,2.84,126.29,9.59
34,2010-05-14,933924.44,0,60.74,2.85,126.21,9.59
34,2010-05-21,913616.32,0,63.99,2.82,126.18,9.59
34,2010-05-28,942868.38,0,68.68,2.76,126.16,9.59
34,2010-06-04,966187.51,0,72.17,2.70,126.14,9.59
34,2010-06-11,954681.56,0,80.84,2.67,126.11,9.59
34,2010-06-18,941612.04,0,73.48,2.64,126.11,9.59
34,2010-06-25,895800.07,0,78.47,2.65,126.13,9.59
34,2010-07-02,919229.36,0,73.66,2.67,126.14,9.82
34,2010-07-09,911210.81,0,75.00,2.64,126.15,9.82
34,2010-07-16,930269.79,0,78.53,2.62,126.15,9.82
34,2010-07-23,902050.95,0,79.58,2.61,126.13,9.82
34,2010-07-30,875976.83,0,72.26,2.65,126.11,9.82
34,2010-08-06,987435.35,0,73.80,2.64,126.09,9.82
34,2010-08-13,951208.65,0,76.72,2.70,126.06,9.82
34,2010-08-20,985152.94,0,76.45,2.67,126.08,9.82
34,2010-08-27,855421.39,0,72.87,2.62,126.09,9.82
34,2010-09-03,964356.74,0,72.59,2.58,126.10,9.82
34,2010-09-10,932240.96,1,72.61,2.57,126.11,9.82
34,2010-09-17,885445.47,0,70.71,2.59,126.15,9.82
34,2010-09-24,867539.07,0,69.78,2.64,126.19,9.82
34,2010-10-01,865709.11,0,70.13,2.62,126.23,10.21
34,2010-10-08,931710.67,0,65.21,2.65,126.28,10.21
34,2010-10-15,888703.62,0,59.57,2.73,126.33,10.21
34,2010-10-22,936293.60,0,58.11,2.74,126.38,10.21
34,2010-10-29,926294.02,0,50.78,2.72,126.44,10.21
34,2010-11-05,972292.31,0,52.43,2.70,126.49,10.21
34,2010-11-12,979730.78,0,47.20,2.74,126.55,10.21
34,2010-11-19,955766.33,0,40.93,2.78,126.61,10.21
34,2010-11-26,1309476.68,1,41.13,2.75,126.67,10.21
34,2010-12-03,1001512.21,0,34.70,2.73,126.73,10.21
34,2010-12-10,1086661.02,0,41.93,2.86,126.79,10.21
34,2010-12-17,1227148.13,0,42.64,2.88,126.88,10.21
34,2010-12-24,1620748.25,0,42.74,2.89,126.98,10.21
34,2010-12-31,902109.69,1,34.11,2.96,127.09,10.21
34,2011-01-07,900646.94,0,24.50,2.98,127.19,10.40
34,2011-01-14,898610.33,0,30.75,2.99,127.30,10.40
34,2011-01-21,891025.39,0,39.57,3.02,127.44,10.40
34,2011-01-28,836717.75,0,34.68,3.02,127.58,10.40
34,2011-02-04,971932.87,0,23.82,3.00,127.72,10.40
34,2011-02-11,1015654.60,1,28.66,3.03,127.86,10.40
34,2011-02-18,1062629.30,0,45.12,3.06,128.00,10.40
34,2011-02-25,953331.45,0,44.57,3.09,128.13,10.40
34,2011-03-04,963910.81,0,46.21,3.31,128.26,10.40
34,2011-03-11,943951.67,0,45.87,3.46,128.40,10.40
34,2011-03-18,1014218.80,0,55.58,3.50,128.51,10.40
34,2011-03-25,922898.38,0,53.11,3.48,128.62,10.40
34,2011-04-01,884233.67,0,55.46,3.52,128.72,10.58
34,2011-04-08,975479.83,0,58.59,3.61,128.82,10.58
34,2011-04-15,941829.00,0,53.30,3.72,128.91,10.58
34,2011-04-22,1051518.45,0,63.83,3.78,128.96,10.58
34,2011-04-29,895973.02,0,57.73,3.78,129.00,10.58
34,2011-05-06,965853.58,0,54.40,3.87,129.04,10.58
34,2011-05-13,966232.69,0,63.05,3.87,129.09,10.58
34,2011-05-20,945018.83,0,61.47,3.88,129.08,10.58
34,2011-05-27,941311.83,0,65.99,3.77,129.06,10.58
34,2011-06-03,947229.24,0,74.64,3.68,129.05,10.58
34,2011-06-10,943912.77,0,74.57,3.64,129.04,10.58
34,2011-06-17,968258.09,0,76.58,3.62,129.04,10.58
34,2011-06-24,923795.04,0,77.16,3.57,129.07,10.58
34,2011-07-01,911106.22,0,81.96,3.50,129.09,10.64
34,2011-07-08,926934.57,0,80.84,3.47,129.11,10.64
34,2011-07-15,903882.96,0,78.09,3.56,129.13,10.64
34,2011-07-22,913236.62,0,80.75,3.63,129.15,10.64
34,2011-07-29,851461.90,0,78.04,3.66,129.17,10.64
34,2011-08-05,942236.45,0,76.71,3.66,129.18,10.64
34,2011-08-12,956251.18,0,80.23,3.62,129.20,10.64
34,2011-08-19,960418.54,0,77.08,3.55,129.24,10.64
34,2011-08-26,871404.60,0,77.27,3.52,129.28,10.64
34,2011-09-02,926455.64,0,78.24,3.53,129.33,10.64
34,2011-09-09,930506.14,1,70.05,3.55,129.37,10.64
34,2011-09-16,927249.61,0,64.94,3.53,129.43,10.64
34,2011-09-23,902852.73,0,66.23,3.47,129.52,10.64
34,2011-09-30,871847.85,0,69.44,3.37,129.61,10.64
34,2011-10-07,954069.45,0,60.42,3.30,129.69,10.15
34,2011-10-14,911788.79,0,54.72,3.28,129.77,10.15
34,2011-10-21,953693.23,0,58.93,3.36,129.78,10.15
34,2011-10-28,958063.87,0,54.56,3.36,129.79,10.15
34,2011-11-04,992621.93,0,48.04,3.32,129.81,10.15
34,2011-11-11,991570.02,0,41.04,3.29,129.82,10.15
34,2011-11-18,947552.44,0,46.00,3.29,129.83,10.15
34,2011-11-25,1345595.82,1,45.99,3.23,129.84,10.15
34,2011-12-02,988742.08,0,39.75,3.18,129.85,10.15
34,2011-12-09,1084243.91,0,24.69,3.15,129.86,10.15
34,2011-12-16,1151052.86,0,32.31,3.15,129.90,10.15
34,2011-12-23,1593655.96,0,32.45,3.10,129.98,10.15
34,2011-12-30,965512.36,1,28.84,3.12,130.07,10.15
34,2012-01-06,953844.85,0,36.39,3.16,130.16,9.65
34,2012-01-13,913755.12,0,33.99,3.26,130.24,9.65
34,2012-01-20,910899.05,0,39.28,3.27,130.28,9.65
34,2012-01-27,872450.37,0,39.81,3.29,130.31,9.65
34,2012-02-03,939367.14,0,38.64,3.35,130.35,9.65
34,2012-02-10,1047658.09,1,36.70,3.41,130.38,9.65
34,2012-02-17,1123446.51,0,37.25,3.49,130.45,9.65
34,2012-02-24,950154.24,0,39.89,3.54,130.55,9.65
34,2012-03-02,990263.70,0,42.74,3.62,130.65,9.65
34,2012-03-09,976393.43,0,42.70,3.67,130.74,9.65
34,2012-03-16,999298.43,0,48.09,3.71,130.83,9.65
34,2012-03-23,945143.33,0,47.93,3.76,130.90,9.65
34,2012-03-30,938861.77,0,59.29,3.82,130.97,9.65
34,2012-04-06,1091020.37,0,54.42,3.86,131.04,9.58
34,2012-04-13,987353.65,0,59.12,3.88,131.11,9.58
34,2012-04-20,977628.78,0,55.34,3.86,131.12,9.58
34,2012-04-27,940299.87,0,66.49,3.81,131.13,9.58
34,2012-05-04,991104.40,0,65.04,3.75,131.14,9.58
34,2012-05-11,949625.52,0,61.92,3.69,131.15,9.58
34,2012-05-18,998672.85,0,64.97,3.62,131.10,9.58
34,2012-05-25,1015737.61,0,72.42,3.55,131.03,9.58
34,2012-06-01,977062.44,0,70.41,3.48,130.96,9.58
34,2012-06-08,999511.29,0,75.35,3.43,130.89,9.58
34,2012-06-15,982345.51,0,76.48,3.37,130.83,9.58
34,2012-06-22,1000285.10,0,78.85,3.33,130.79,9.58
34,2012-06-29,942970.63,0,81.91,3.26,130.76,9.58
34,2012-07-06,1007867.68,0,77.95,3.19,130.72,9.29
34,2012-07-13,954677.75,0,74.02,3.22,130.68,9.29
34,2012-07-20,950929.59,0,77.70,3.26,130.70,9.29
34,2012-07-27,917883.79,0,77.30,3.36,130.72,9.29
34,2012-08-03,973250.41,0,78.93,3.37,130.74,9.29
34,2012-08-10,1004523.59,0,78.26,3.48,130.76,9.29
34,2012-08-17,1013820.86,0,77.78,3.55,130.79,9.29
34,2012-08-24,926250.21,0,72.44,3.61,130.84,9.29
34,2012-08-31,933487.71,0,75.89,3.65,130.89,9.29
34,2012-09-07,976415.56,1,78.26,3.71,130.93,9.29
34,2012-09-14,955211.70,0,64.28,3.71,130.98,9.29
34,2012-09-21,943047.78,0,66.08,3.72,131.01,9.29
34,2012-09-28,928629.31,0,67.06,3.67,131.04,9.29
34,2012-10-05,968896.68,0,65.41,3.62,131.08,8.84
34,2012-10-12,948613.39,0,59.94,3.60,131.11,8.84
34,2012-10-19,963516.28,0,58.47,3.61,131.15,8.84
34,2012-10-26,956987.81,0,57.95,3.51,131.19,8.84
35,2010-02-05,1230613.50,0,27.19,2.78,135.35,9.26
35,2010-02-12,1168815.31,1,29.81,2.77,135.41,9.26
35,2010-02-19,1270658.64,0,32.44,2.75,135.47,9.26
35,2010-02-26,1020651.74,0,36.00,2.75,135.52,9.26
35,2010-03-05,1162610.27,0,38.07,2.78,135.57,9.26
35,2010-03-12,1150344.39,0,45.98,2.82,135.63,9.26
35,2010-03-19,1117536.09,0,49.04,2.84,135.67,9.26
35,2010-03-26,1078900.44,0,52.34,2.85,135.71,9.26
35,2010-04-02,1189556.47,0,46.90,2.85,135.75,9.05
35,2010-04-09,1198014.97,0,62.62,2.87,135.79,9.05
35,2010-04-16,1084487.55,0,54.95,2.90,135.83,9.05
35,2010-04-23,1110827.48,0,53.91,2.90,135.87,9.05
35,2010-04-30,1096930.65,0,53.55,2.92,135.92,9.05
35,2010-05-07,1182099.88,0,69.02,2.97,135.96,9.05
35,2010-05-14,1104277.57,0,53.82,2.98,136.01,9.05
35,2010-05-21,1078182.18,0,63.31,2.96,136.08,9.05
35,2010-05-28,1223777.48,0,67.88,2.90,136.15,9.05
35,2010-06-04,1282378.71,0,74.29,2.85,136.22,9.05
35,2010-06-11,1160412.71,0,68.90,2.81,136.29,9.05
35,2010-06-18,1198025.76,0,70.00,2.78,136.32,9.05
35,2010-06-25,1230245.74,0,78.02,2.81,136.35,9.05
35,2010-07-02,1245827.08,0,76.25,2.82,136.37,8.86
35,2010-07-09,1268766.76,0,82.69,2.79,136.40,8.86
35,2010-07-16,1124414.87,0,78.26,2.78,136.42,8.86
35,2010-07-23,1121756.43,0,81.56,2.77,136.44,8.86
35,2010-07-30,1139131.78,0,79.78,2.78,136.46,8.86
35,2010-08-06,1180183.39,0,77.45,2.78,136.47,8.86
35,2010-08-13,1090587.50,0,77.36,2.81,136.49,8.86
35,2010-08-20,1033719.50,0,75.16,2.78,136.52,8.86
35,2010-08-27,917693.06,0,70.31,2.76,136.56,8.86
35,2010-09-03,948660.79,0,78.52,2.72,136.59,8.86
35,2010-09-10,961685.98,1,70.38,2.70,136.62,8.86
35,2010-09-17,831443.61,0,64.50,2.71,136.63,8.86
35,2010-09-24,758069.78,0,67.08,2.71,136.63,8.86
35,2010-10-01,771065.21,0,70.19,2.71,136.63,8.76
35,2010-10-08,874615.32,0,57.78,2.76,136.63,8.76
35,2010-10-15,798376.99,0,58.38,2.87,136.64,8.76
35,2010-10-22,827705.82,0,52.82,2.92,136.69,8.76
35,2010-10-29,857797.33,0,61.02,2.92,136.74,8.76
35,2010-11-05,843755.12,0,45.91,2.92,136.79,8.76
35,2010-11-12,870914.69,0,45.90,2.93,136.83,8.76
35,2010-11-19,846850.35,0,50.81,3.00,136.77,8.76
35,2010-11-26,1781866.98,1,46.67,3.04,136.69,8.76
35,2010-12-03,982598.88,0,41.81,3.05,136.61,8.76
35,2010-12-10,1108580.19,0,30.83,3.11,136.53,8.76
35,2010-12-17,1314987.40,0,31.62,3.14,136.53,8.76
35,2010-12-24,1779236.54,0,31.34,3.14,136.60,8.76
35,2010-12-31,576332.05,1,29.59,3.18,136.67,8.76
35,2011-01-07,649289.75,0,34.42,3.19,136.73,8.55
35,2011-01-14,687670.78,0,25.70,3.21,136.80,8.55
35,2011-01-21,659902.07,0,30.13,3.23,136.89,8.55
35,2011-01-28,633289.78,0,23.64,3.24,136.97,8.55
35,2011-02-04,747577.05,0,28.70,3.23,137.05,8.55
35,2011-02-11,859258.17,1,30.45,3.24,137.14,8.55
35,2011-02-18,865305.88,0,39.32,3.25,137.25,8.55
35,2011-02-25,841129.26,0,33.05,3.27,137.38,8.55
35,2011-03-04,850448.54,0,36.99,3.43,137.50,8.55
35,2011-03-11,830601.39,0,43.64,3.58,137.63,8.55
35,2011-03-18,800662.82,0,46.65,3.63,137.74,8.55
35,2011-03-25,762184.10,0,40.11,3.63,137.85,8.55
35,2011-04-01,762620.94,0,37.27,3.64,137.96,8.51
35,2011-04-08,813352.41,0,46.87,3.72,138.06,8.51
35,2011-04-15,795157.20,0,52.24,3.82,138.16,8.51
35,2011-04-22,841778.34,0,50.02,3.89,138.25,8.51
35,2011-04-29,811824.06,0,61.71,3.96,138.33,8.51
35,2011-05-06,835181.18,0,56.48,4.05,138.41,8.51
35,2011-05-13,826155.95,0,60.07,4.07,138.50,8.51
35,2011-05-20,776838.56,0,60.22,4.06,138.59,8.51
35,2011-05-27,850708.60,0,66.43,3.99,138.68,8.51
35,2011-06-03,955466.84,0,74.17,3.92,138.77,8.51
35,2011-06-10,855130.21,0,73.26,3.88,138.86,8.51
35,2011-06-17,828594.86,0,67.03,3.84,139.00,8.51
35,2011-06-24,849397.57,0,72.02,3.80,139.18,8.51
35,2011-07-01,874453.88,0,73.76,3.75,139.36,8.68
35,2011-07-08,827717.85,0,76.87,3.71,139.54,8.68
35,2011-07-15,813845.50,0,77.83,3.76,139.70,8.68
35,2011-07-22,820188.42,0,82.28,3.81,139.80,8.68
35,2011-07-29,770820.27,0,79.41,3.83,139.89,8.68
35,2011-08-05,826820.71,0,78.14,3.84,139.99,8.68
35,2011-08-12,819911.89,0,76.67,3.81,140.09,8.68
35,2011-08-19,820288.35,0,72.97,3.75,140.13,8.68
35,2011-08-26,897037.25,0,72.88,3.70,140.16,8.68
35,2011-09-02,813486.55,0,71.44,3.70,140.20,8.68
35,2011-09-09,922440.64,1,70.93,3.74,140.23,8.68
35,2011-09-16,738792.11,0,69.65,3.74,140.27,8.68
35,2011-09-23,705802.45,0,63.61,3.71,140.33,8.68
35,2011-09-30,749676.95,0,70.92,3.65,140.38,8.68
35,2011-10-07,791637.53,0,56.91,3.58,140.43,8.75
35,2011-10-14,772859.25,0,64.78,3.54,140.48,8.75
35,2011-10-21,811328.40,0,59.62,3.57,140.46,8.75
35,2011-10-28,808821.50,0,51.81,3.57,140.44,8.75
35,2011-11-04,653468.75,0,44.46,3.55,140.43,8.75
35,2011-11-11,880576.33,0,49.69,3.53,140.41,8.75
35,2011-11-18,820964.10,0,51.42,3.53,140.41,8.75
35,2011-11-25,1733822.40,1,47.88,3.49,140.42,8.75
35,2011-12-02,903606.03,0,50.55,3.45,140.43,8.75
35,2011-12-09,948964.99,0,46.28,3.42,140.44,8.75
35,2011-12-16,1115255.65,0,40.68,3.41,140.47,8.75
35,2011-12-23,1550214.02,0,41.59,3.39,140.53,8.75
35,2011-12-30,904650.55,1,37.85,3.39,140.59,8.75
35,2012-01-06,671708.09,0,35.80,3.42,140.65,8.74
35,2012-01-13,625135.11,0,41.30,3.51,140.70,8.74
35,2012-01-20,669850.04,0,30.35,3.53,140.81,8.74
35,2012-01-27,588722.99,0,36.96,3.57,140.91,8.74
35,2012-02-03,746901.03,0,42.52,3.62,141.02,8.74
35,2012-02-10,849779.14,1,37.86,3.64,141.12,8.74
35,2012-02-17,824568.39,0,37.24,3.70,141.21,8.74
35,2012-02-24,805028.74,0,41.74,3.74,141.30,8.74
35,2012-03-02,766571.10,0,40.07,3.82,141.39,8.74
35,2012-03-09,796351.35,0,44.32,3.85,141.47,8.74
35,2012-03-16,793045.82,0,49.60,3.86,141.55,8.74
35,2012-03-23,760671.10,0,57.30,3.90,141.63,8.74
35,2012-03-30,744525.69,0,49.40,3.95,141.70,8.74
35,2012-04-06,860293.46,0,48.73,4.00,141.77,8.88
35,2012-04-13,788633.42,0,52.22,4.04,141.84,8.88
35,2012-04-20,794660.24,0,62.62,4.03,141.90,8.88
35,2012-04-27,721212.45,0,52.33,4.00,141.96,8.88
35,2012-05-04,772036.60,0,53.68,3.95,142.02,8.88
35,2012-05-11,802383.63,0,58.97,3.89,142.08,8.88
35,2012-05-18,819196.68,0,65.15,3.85,142.10,8.88
35,2012-05-25,822167.17,0,64.77,3.80,142.10,8.88
35,2012-06-01,932195.52,0,73.40,3.74,142.11,8.88
35,2012-06-08,873415.01,0,64.05,3.69,142.12,8.88
35,2012-06-15,848289.41,0,69.52,3.62,142.13,8.88
35,2012-06-22,911696.00,0,73.23,3.56,142.16,8.88
35,2012-06-29,892133.41,0,73.94,3.51,142.19,8.88
35,2012-07-06,985479.64,0,82.08,3.48,142.22,8.84
35,2012-07-13,825763.48,0,78.95,3.52,142.25,8.84
35,2012-07-20,841224.74,0,78.64,3.57,142.23,8.84
35,2012-07-27,808030.15,0,76.01,3.65,142.21,8.84
35,2012-08-03,866216.36,0,75.22,3.65,142.19,8.84
35,2012-08-10,888368.80,0,78.44,3.72,142.17,8.84
35,2012-08-17,887979.47,0,76.51,3.81,142.22,8.84
35,2012-08-24,895274.72,0,72.93,3.83,142.31,8.84
35,2012-08-31,931278.97,0,75.00,3.87,142.41,8.84
35,2012-09-07,984833.35,1,76.00,3.91,142.50,8.84
35,2012-09-14,821568.64,0,68.72,3.95,142.59,8.84
35,2012-09-21,772302.94,0,66.10,4.04,142.68,8.84
35,2012-09-28,814099.86,0,64.92,4.00,142.77,8.84
35,2012-10-05,866064.40,0,64.50,3.99,142.85,8.67
35,2012-10-12,873643.14,0,55.40,4.00,142.94,8.67
35,2012-10-19,829284.67,0,56.53,3.97,142.86,8.67
35,2012-10-26,865137.60,0,58.99,3.88,142.76,8.67
36,2010-02-05,467546.74,0,45.97,2.55,209.85,8.55
36,2010-02-12,469563.70,1,46.11,2.54,210.00,8.55
36,2010-02-19,470281.03,0,45.66,2.47,210.05,8.55
36,2010-02-26,447519.44,0,50.87,2.52,210.08,8.55
36,2010-03-05,480203.43,0,51.33,2.57,210.11,8.55
36,2010-03-12,441434.20,0,61.96,2.62,210.14,8.55
36,2010-03-19,428851.99,0,59.56,2.70,209.98,8.55
36,2010-03-26,404438.51,0,55.76,2.71,209.79,8.55
36,2010-04-02,435972.82,0,63.43,2.71,209.59,8.46
36,2010-04-09,453016.91,0,68.54,2.74,209.40,8.46
36,2010-04-16,483699.56,0,66.74,2.77,209.27,8.46
36,2010-04-23,434116.80,0,68.03,2.76,209.22,8.46
36,2010-04-30,457899.64,0,70.90,2.73,209.17,8.46
36,2010-05-07,489372.02,0,75.56,2.79,209.12,8.46
36,2010-05-14,476733.74,0,77.53,2.81,209.12,8.46
36,2010-05-21,474917.98,0,77.34,2.77,209.39,8.46
36,2010-05-28,447050.42,0,80.87,2.72,209.67,8.46
36,2010-06-04,471088.88,0,79.93,2.66,209.94,8.46
36,2010-06-11,467711.18,0,82.30,2.62,210.21,8.46
36,2010-06-18,485694.72,0,84.37,2.57,210.21,8.46
36,2010-06-25,434879.87,0,84.14,2.60,210.10,8.46
36,2010-07-02,434252.15,0,81.85,2.61,209.98,8.36
36,2010-07-09,471713.59,0,81.74,2.60,209.87,8.36
36,2010-07-16,466962.04,0,84.43,2.56,209.86,8.36
36,2010-07-23,452021.20,0,82.60,2.54,210.00,8.36
36,2010-07-30,432451.91,0,81.88,2.60,210.13,8.36
36,2010-08-06,467442.94,0,85.49,2.57,210.26,8.36
36,2010-08-13,470436.80,0,86.06,2.64,210.39,8.36
36,2010-08-20,437949.90,0,85.54,2.60,210.36,8.36
36,2010-08-27,412050.73,0,84.62,2.56,210.33,8.36
36,2010-09-03,431294.45,0,82.29,2.53,210.30,8.36
36,2010-09-10,434471.38,1,80.58,2.51,210.26,8.36
36,2010-09-17,454694.21,0,82.10,2.55,210.29,8.36
36,2010-09-24,419348.59,0,79.17,2.58,210.37,8.36
36,2010-10-01,422169.47,0,74.66,2.57,210.44,8.48
36,2010-10-08,444351.61,0,66.34,2.60,210.51,8.48
36,2010-10-15,453308.15,0,71.57,2.71,210.58,8.48
36,2010-10-22,424956.30,0,72.24,2.70,210.63,8.48
36,2010-10-29,392654.26,0,76.22,2.68,210.67,8.48
36,2010-11-05,405860.37,0,62.72,2.66,210.72,8.48
36,2010-11-12,425804.80,0,61.97,2.71,210.77,8.48
36,2010-11-19,411615.71,0,56.73,2.74,210.65,8.48
36,2010-11-26,408891.49,1,67.73,2.73,210.52,8.48
36,2010-12-03,360266.09,0,54.44,2.69,210.38,8.48
36,2010-12-10,404545.03,0,51.83,2.81,210.24,8.48
36,2010-12-17,410214.70,0,56.73,2.85,210.18,8.48
36,2010-12-24,422093.59,0,59.10,2.86,210.18,8.48
36,2010-12-31,359310.65,1,52.88,2.95,210.18,8.48
36,2011-01-07,384659.85,0,54.11,2.94,210.18,8.40
36,2011-01-14,410497.73,0,42.87,2.97,210.24,8.40
36,2011-01-21,399191.05,0,51.18,2.98,210.60,8.40
36,2011-01-28,372174.12,0,48.74,3.00,210.97,8.40
36,2011-02-04,417521.70,0,46.68,2.98,211.33,8.40
36,2011-02-11,401501.20,1,41.16,3.01,211.70,8.40
36,2011-02-18,427175.03,0,57.48,3.02,212.01,8.40
36,2011-02-25,380279.44,0,67.73,3.05,212.29,8.40
36,2011-03-04,402579.84,0,64.55,3.28,212.58,8.40
36,2011-03-11,407506.78,0,59.15,3.45,212.86,8.40
36,2011-03-18,431412.22,0,64.90,3.49,213.11,8.40
36,2011-03-25,390732.02,0,71.07,3.49,213.34,8.40
36,2011-04-01,385672.11,0,67.31,3.53,213.58,8.30
36,2011-04-08,428727.61,0,69.39,3.65,213.81,8.30
36,2011-04-15,414986.54,0,73.25,3.76,214.03,8.30
36,2011-04-22,374574.72,0,74.57,3.81,214.19,8.30
36,2011-04-29,340708.78,0,76.10,3.84,214.36,8.30
36,2011-05-06,393401.40,0,69.56,3.92,214.52,8.30
36,2011-05-13,395316.65,0,76.73,3.92,214.69,8.30
36,2011-05-20,376183.44,0,73.02,3.93,214.47,8.30
36,2011-05-27,348655.20,0,81.28,3.79,214.24,8.30
36,2011-06-03,373703.95,0,82.96,3.69,214.02,8.30
36,2011-06-10,374182.04,0,82.41,3.63,213.79,8.30
36,2011-06-17,394645.25,0,84.43,3.60,213.75,8.30
36,2011-06-24,360009.94,0,83.95,3.57,213.84,8.30
36,2011-07-01,354270.77,0,85.33,3.50,213.93,8.18
36,2011-07-08,377464.62,0,84.71,3.44,214.02,8.18
36,2011-07-15,385631.48,0,85.63,3.55,214.11,8.18
36,2011-07-22,361311.41,0,83.31,3.64,214.17,8.18
36,2011-07-29,354361.08,0,84.99,3.66,214.23,8.18
36,2011-08-05,381017.75,0,86.71,3.65,214.30,8.18
36,2011-08-12,380188.69,0,87.64,3.61,214.36,8.18
36,2011-08-19,373267.58,0,87.24,3.53,214.42,8.18
36,2011-08-26,344964.20,0,86.02,3.50,214.49,8.18
36,2011-09-02,350276.29,0,87.50,3.48,214.55,8.18
36,2011-09-09,352960.64,1,77.94,3.50,214.62,8.18
36,2011-09-16,343108.12,0,82.06,3.47,214.79,8.18
36,2011-09-23,322405.13,0,78.35,3.44,215.12,8.18
36,2011-09-30,314910.37,0,81.52,3.33,215.45,8.18
36,2011-10-07,346137.87,0,71.20,3.26,215.78,7.72
36,2011-10-14,342076.99,0,74.16,3.23,216.09,7.72
36,2011-10-21,328633.34,0,67.89,3.31,216.25,7.72
36,2011-10-28,306193.81,0,71.31,3.31,216.41,7.72
36,2011-11-04,313387.11,0,58.97,3.29,216.56,7.72
36,2011-11-11,328498.92,0,63.50,3.25,216.72,7.72
36,2011-11-18,332901.94,0,66.28,3.26,216.94,7.72
36,2011-11-25,332811.55,1,66.41,3.18,217.18,7.72
36,2011-12-02,293350.51,0,53.57,3.16,217.42,7.72
36,2011-12-09,312298.37,0,50.64,3.15,217.66,7.72
36,2011-12-16,341503.92,0,58.31,3.13,217.88,7.72
36,2011-12-23,325262.46,0,55.41,3.10,218.05,7.72
36,2011-12-30,287425.22,1,48.26,3.13,218.23,7.72
36,2012-01-06,329467.82,0,57.18,3.13,218.41,7.24
36,2012-01-13,325976.34,0,56.28,3.25,218.58,7.24
36,2012-01-20,330927.21,0,58.90,3.28,218.68,7.24
36,2012-01-27,301444.94,0,62.73,3.31,218.77,7.24
36,2012-02-03,310982.87,0,61.33,3.42,218.86,7.24
36,2012-02-10,335741.90,1,54.49,3.46,218.96,7.24
36,2012-02-17,326316.73,0,54.38,3.50,219.11,7.24
36,2012-02-24,313270.45,0,62.21,3.55,219.32,7.24
36,2012-03-02,315396.72,0,64.54,3.62,219.53,7.24
36,2012-03-09,318674.93,0,63.19,3.65,219.74,7.24
36,2012-03-16,335345.82,0,67.48,3.78,219.90,7.24
36,2012-03-23,317872.51,0,69.18,3.85,219.97,7.24
36,2012-03-30,304144.90,0,70.48,3.89,220.05,7.24
36,2012-04-06,331026.11,0,73.95,3.93,220.12,6.99
36,2012-04-13,339407.94,0,72.54,3.92,220.20,6.99
36,2012-04-20,323915.32,0,70.87,3.92,220.25,6.99
36,2012-04-27,308389.82,0,70.06,3.89,220.30,6.99
36,2012-05-04,312467.52,0,77.17,3.84,220.35,6.99
36,2012-05-11,330518.34,0,76.55,3.76,220.41,6.99
36,2012-05-18,324801.13,0,73.70,3.71,220.43,6.99
36,2012-05-25,306098.17,0,78.94,3.64,220.43,6.99
36,2012-06-01,306005.53,0,80.74,3.57,220.43,6.99
36,2012-06-08,338273.38,0,81.50,3.51,220.44,6.99
36,2012-06-15,333146.88,0,82.15,3.41,220.45,6.99
36,2012-06-22,306411.01,0,80.40,3.36,220.49,6.99
36,2012-06-29,291530.43,0,86.68,3.27,220.53,6.99
36,2012-07-06,306578.89,0,81.52,3.23,220.57,6.62
36,2012-07-13,298337.41,0,78.15,3.25,220.61,6.62
36,2012-07-20,303289.55,0,81.76,3.30,220.61,6.62
36,2012-07-27,279643.43,0,84.00,3.39,220.62,6.62
36,2012-08-03,304989.97,0,85.56,3.40,220.63,6.62
36,2012-08-10,298947.51,0,84.41,3.49,220.64,6.62
36,2012-08-17,314607.22,0,85.89,3.57,220.72,6.62
36,2012-08-24,282545.55,0,81.26,3.57,220.85,6.62
36,2012-08-31,282647.48,0,84.79,3.61,220.99,6.62
36,2012-09-07,293728.57,1,84.19,3.70,221.12,6.62
36,2012-09-14,301893.63,0,78.16,3.69,221.26,6.62
36,2012-09-21,293804.45,0,75.98,3.71,221.46,6.62
36,2012-09-28,270677.98,0,79.49,3.66,221.66,6.62
36,2012-10-05,277137.86,0,73.57,3.61,221.85,6.23
36,2012-10-12,300236.85,0,71.28,3.58,222.05,6.23
36,2012-10-19,287360.05,0,74.06,3.57,222.10,6.23
36,2012-10-26,272489.41,0,74.39,3.49,222.11,6.23
37,2010-02-05,536006.73,0,45.97,2.57,209.85,8.55
37,2010-02-12,529852.70,1,46.11,2.55,210.00,8.55
37,2010-02-19,510382.50,0,45.66,2.51,210.05,8.55
37,2010-02-26,513615.82,0,50.87,2.56,210.08,8.55
37,2010-03-05,519255.68,0,51.33,2.63,210.11,8.55
37,2010-03-12,513015.35,0,61.96,2.67,210.14,8.55
37,2010-03-19,460020.74,0,59.56,2.72,209.98,8.55
37,2010-03-26,515777.97,0,55.76,2.73,209.79,8.55
37,2010-04-02,540189.70,0,63.43,2.72,209.59,8.46
37,2010-04-09,513327.55,0,68.54,2.77,209.40,8.46
37,2010-04-16,524544.83,0,66.74,2.81,209.27,8.46
37,2010-04-23,527019.78,0,68.03,2.80,209.22,8.46
37,2010-04-30,517850.83,0,70.90,2.78,209.17,8.46
37,2010-05-07,543234.77,0,75.56,2.84,209.12,8.46
37,2010-05-14,505196.08,0,77.53,2.85,209.12,8.46
37,2010-05-21,510494.70,0,77.34,2.83,209.39,8.46
37,2010-05-28,532241.22,0,80.87,2.76,209.67,8.46
37,2010-06-04,479195.02,0,79.93,2.71,209.94,8.46
37,2010-06-11,481915.11,0,82.30,2.67,210.21,8.46
37,2010-06-18,505761.62,0,84.37,2.64,210.21,8.46
37,2010-06-25,485419.39,0,84.14,2.65,210.10,8.46
37,2010-07-02,498292.53,0,81.85,2.67,209.98,8.36
37,2010-07-09,502456.04,0,81.74,2.64,209.87,8.36
37,2010-07-16,485150.01,0,84.43,2.62,209.86,8.36
37,2010-07-23,491998.12,0,82.60,2.61,210.00,8.36
37,2010-07-30,487912.95,0,81.88,2.64,210.13,8.36
37,2010-08-06,508576.62,0,85.49,2.63,210.26,8.36
37,2010-08-13,491815.83,0,86.06,2.69,210.39,8.36
37,2010-08-20,486930.72,0,85.54,2.66,210.36,8.36
37,2010-08-27,512157.25,0,84.62,2.62,210.33,8.36
37,2010-09-03,510427.53,0,82.29,2.58,210.30,8.36
37,2010-09-10,510296.07,1,80.58,2.57,210.26,8.36
37,2010-09-17,501251.40,0,82.10,2.58,210.29,8.36
37,2010-09-24,494265.48,0,79.17,2.62,210.37,8.36
37,2010-10-01,529877.93,0,74.66,2.60,210.44,8.48
37,2010-10-08,524483.65,0,66.34,2.63,210.51,8.48
37,2010-10-15,498925.86,0,71.57,2.72,210.58,8.48
37,2010-10-22,510425.40,0,72.24,2.73,210.63,8.48
37,2010-10-29,514485.90,0,76.22,2.72,210.67,8.48
37,2010-11-05,539683.42,0,62.72,2.69,210.72,8.48
37,2010-11-12,517546.69,0,61.97,2.73,210.77,8.48
37,2010-11-19,518124.16,0,56.73,2.77,210.65,8.48
37,2010-11-26,518220.72,1,67.73,2.74,210.52,8.48
37,2010-12-03,508213.14,0,54.44,2.71,210.38,8.48
37,2010-12-10,511207.52,0,51.83,2.84,210.24,8.48
37,2010-12-17,534285.21,0,56.73,2.87,210.18,8.48
37,2010-12-24,576809.92,0,59.10,2.89,210.18,8.48
37,2010-12-31,460331.70,1,52.88,2.94,210.18,8.48
37,2011-01-07,542464.02,0,54.11,2.98,210.18,8.40
37,2011-01-14,525616.90,0,42.87,2.98,210.24,8.40
37,2011-01-21,526486.82,0,51.18,3.02,210.60,8.40
37,2011-01-28,513672.36,0,48.74,3.01,210.97,8.40
37,2011-02-04,583835.18,0,46.68,2.99,211.33,8.40
37,2011-02-11,522514.32,1,41.16,3.02,211.70,8.40
37,2011-02-18,536840.69,0,57.48,3.05,212.01,8.40
37,2011-02-25,514758.19,0,67.73,3.07,212.29,8.40
37,2011-03-04,527572.25,0,64.55,3.29,212.58,8.40
37,2011-03-11,505610.40,0,59.15,3.46,212.86,8.40
37,2011-03-18,478503.06,0,64.90,3.49,213.11,8.40
37,2011-03-25,522105.93,0,71.07,3.47,213.34,8.40
37,2011-04-01,534578.78,0,67.31,3.52,213.58,8.30
37,2011-04-08,543703.16,0,69.39,3.62,213.81,8.30
37,2011-04-15,543775.87,0,73.25,3.74,214.03,8.30
37,2011-04-22,526434.37,0,74.57,3.81,214.19,8.30
37,2011-04-29,502918.18,0,76.10,3.81,214.36,8.30
37,2011-05-06,547513.30,0,69.56,3.91,214.52,8.30
37,2011-05-13,511871.63,0,76.73,3.90,214.69,8.30
37,2011-05-20,533564.42,0,73.02,3.91,214.47,8.30
37,2011-05-27,507086.75,0,81.28,3.79,214.24,8.30
37,2011-06-03,500381.23,0,82.96,3.70,214.02,8.30
37,2011-06-10,509647.25,0,82.41,3.65,213.79,8.30
37,2011-06-17,525132.36,0,84.43,3.64,213.75,8.30
37,2011-06-24,509276.22,0,83.95,3.59,213.84,8.30
37,2011-07-01,517021.30,0,85.33,3.52,213.93,8.18
37,2011-07-08,489059.93,0,84.71,3.48,214.02,8.18
37,2011-07-15,498749.62,0,85.63,3.58,214.11,8.18
37,2011-07-22,505543.53,0,83.31,3.65,214.17,8.18
37,2011-07-29,504974.95,0,84.99,3.68,214.23,8.18
37,2011-08-05,510787.46,0,86.71,3.68,214.30,8.18
37,2011-08-12,502504.39,0,87.64,3.64,214.36,8.18
37,2011-08-19,506897.98,0,87.24,3.55,214.42,8.18
37,2011-08-26,527947.21,0,86.02,3.52,214.49,8.18
37,2011-09-02,530367.83,0,87.50,3.53,214.55,8.18
37,2011-09-09,506273.74,1,77.94,3.55,214.62,8.18
37,2011-09-16,513341.94,0,82.06,3.53,214.79,8.18
37,2011-09-23,516556.94,0,78.35,3.47,215.12,8.18
37,2011-09-30,516402.10,0,81.52,3.36,215.45,8.18
37,2011-10-07,522816.85,0,71.20,3.29,215.78,7.72
37,2011-10-14,513636.01,0,74.16,3.27,216.09,7.72
37,2011-10-21,522784.33,0,67.89,3.35,216.25,7.72
37,2011-10-28,517355.44,0,71.31,3.37,216.41,7.72
37,2011-11-04,555925.60,0,58.97,3.33,216.56,7.72
37,2011-11-11,501268.78,0,63.50,3.30,216.72,7.72
37,2011-11-18,527495.09,0,66.28,3.31,216.94,7.72
37,2011-11-25,522554.04,1,66.41,3.24,217.18,7.72
37,2011-12-02,527117.81,0,53.57,3.17,217.42,7.72
37,2011-12-09,537224.52,0,50.64,3.16,217.66,7.72
37,2011-12-16,533905.67,0,58.31,3.16,217.88,7.72
37,2011-12-23,605791.46,0,55.41,3.11,218.05,7.72
37,2011-12-30,451327.61,1,48.26,3.13,218.23,7.72
37,2012-01-06,558343.57,0,57.18,3.16,218.41,7.24
37,2012-01-13,546221.40,0,56.28,3.26,218.58,7.24
37,2012-01-20,543894.07,0,58.90,3.27,218.68,7.24
37,2012-01-27,514116.58,0,62.73,3.29,218.77,7.24
37,2012-02-03,555424.24,0,61.33,3.36,218.86,7.24
37,2012-02-10,527041.46,1,54.49,3.41,218.96,7.24
37,2012-02-17,541071.29,0,54.38,3.51,219.11,7.24
37,2012-02-24,518696.89,0,62.21,3.56,219.32,7.24
37,2012-03-02,525559.17,0,64.54,3.63,219.53,7.24
37,2012-03-09,535937.25,0,63.19,3.67,219.74,7.24
37,2012-03-16,484588.34,0,67.48,3.73,219.90,7.24
37,2012-03-23,520887.23,0,69.18,3.79,219.97,7.24
37,2012-03-30,533734.94,0,70.48,3.85,220.05,7.24
37,2012-04-06,564848.78,0,73.95,3.89,220.12,6.99
37,2012-04-13,506973.17,0,72.54,3.89,220.20,6.99
37,2012-04-20,523483.19,0,70.87,3.88,220.25,6.99
37,2012-04-27,528807.45,0,70.06,3.81,220.30,6.99
37,2012-05-04,535311.64,0,77.17,3.75,220.35,6.99
37,2012-05-11,527983.04,0,76.55,3.69,220.41,6.99
37,2012-05-18,534847.96,0,73.70,3.63,220.43,6.99
37,2012-05-25,540625.79,0,78.94,3.56,220.43,6.99
37,2012-06-01,531811.85,0,80.74,3.50,220.43,6.99
37,2012-06-08,528940.78,0,81.50,3.45,220.44,6.99
37,2012-06-15,508573.16,0,82.15,3.39,220.45,6.99
37,2012-06-22,484032.75,0,80.40,3.35,220.49,6.99
37,2012-06-29,508309.81,0,86.68,3.29,220.53,6.99
37,2012-07-06,519498.32,0,81.52,3.23,220.57,6.62
37,2012-07-13,506005.47,0,78.15,3.26,220.61,6.62
37,2012-07-20,503744.56,0,81.76,3.31,220.61,6.62
37,2012-07-27,514489.17,0,84.00,3.41,220.62,6.62
37,2012-08-03,521959.28,0,85.56,3.42,220.63,6.62
37,2012-08-10,500964.59,0,84.41,3.49,220.64,6.62
37,2012-08-17,509633.71,0,85.89,3.57,220.72,6.62
37,2012-08-24,522665.04,0,81.26,3.62,220.85,6.62
37,2012-08-31,538344.10,0,84.79,3.64,220.99,6.62
37,2012-09-07,526838.14,1,84.19,3.73,221.12,6.62
37,2012-09-14,514651.74,0,78.16,3.72,221.26,6.62
37,2012-09-21,521320.98,0,75.98,3.72,221.46,6.62
37,2012-09-28,527953.14,0,79.49,3.67,221.66,6.62
37,2012-10-05,546122.37,0,73.57,3.62,221.85,6.23
37,2012-10-12,521810.75,0,71.28,3.60,222.05,6.23
37,2012-10-19,551969.10,0,74.06,3.59,222.10,6.23
37,2012-10-26,534738.43,0,74.39,3.51,222.11,6.23
38,2010-02-05,358496.14,0,49.47,2.96,126.44,13.98
38,2010-02-12,342214.90,1,47.87,2.95,126.50,13.98
38,2010-02-19,327237.92,0,54.83,2.92,126.53,13.98
38,2010-02-26,334222.73,0,50.23,2.83,126.55,13.98
38,2010-03-05,372239.89,0,53.77,2.99,126.58,13.98
38,2010-03-12,342023.92,0,50.11,2.93,126.60,13.98
38,2010-03-19,333025.47,0,59.57,3.05,126.61,13.98
38,2010-03-26,335858.11,0,60.06,3.08,126.61,13.98
38,2010-04-02,368929.55,0,59.84,3.09,126.60,14.10
38,2010-04-09,341630.46,0,59.25,3.09,126.60,14.10
38,2010-04-16,337723.49,0,64.95,3.11,126.56,14.10
38,2010-04-23,335121.82,0,64.55,3.05,126.47,14.10
38,2010-04-30,337979.65,0,67.38,3.11,126.38,14.10
38,2010-05-07,383657.44,0,70.15,3.13,126.29,14.10
38,2010-05-14,346174.30,0,68.44,3.15,126.21,14.10
38,2010-05-21,340497.08,0,76.20,3.12,126.18,14.10
38,2010-05-28,326469.43,0,67.84,3.06,126.16,14.10
38,2010-06-04,376184.88,0,81.39,2.94,126.14,14.10
38,2010-06-11,354828.65,0,90.84,2.95,126.11,14.10
38,2010-06-18,335691.85,0,81.06,3.04,126.11,14.10
38,2010-06-25,322046.76,0,87.27,3.08,126.13,14.10
38,2010-07-02,361181.48,0,91.98,3.11,126.14,14.18
38,2010-07-09,343850.34,0,90.37,3.10,126.15,14.18
38,2010-07-16,338277.71,0,97.18,3.09,126.15,14.18
38,2010-07-23,328336.85,0,99.22,3.11,126.13,14.18
38,2010-07-30,336378.38,0,96.31,3.02,126.11,14.18
38,2010-08-06,378574.44,0,92.95,3.12,126.09,14.18
38,2010-08-13,341400.72,0,87.01,3.16,126.06,14.18
38,2010-08-20,329139.73,0,92.81,3.04,126.08,14.18
38,2010-08-27,322868.56,0,93.19,3.13,126.09,14.18
38,2010-09-03,377096.55,0,83.12,3.09,126.10,14.18
38,2010-09-10,336227.69,1,83.63,3.04,126.11,14.18
38,2010-09-17,336253.19,0,82.45,3.03,126.15,14.18
38,2010-09-24,330604.90,0,81.77,2.94,126.19,14.18
38,2010-10-01,360256.58,0,85.20,3.00,126.23,14.31
38,2010-10-08,351271.36,0,71.82,3.01,126.28,14.31
38,2010-10-15,337743.26,0,75.00,2.98,126.33,14.31
38,2010-10-22,339042.18,0,68.85,3.01,126.38,14.31
38,2010-10-29,341219.63,0,61.09,3.02,126.44,14.31
38,2010-11-05,380870.09,0,65.49,3.13,126.49,14.31
38,2010-11-12,340147.20,0,57.79,3.13,126.55,14.31
38,2010-11-19,348593.99,0,58.18,3.16,126.61,14.31
38,2010-11-26,360857.98,1,47.66,3.16,126.67,14.31
38,2010-12-03,351925.36,0,43.33,3.04,126.73,14.31
38,2010-12-10,355965.23,0,50.01,3.20,126.79,14.31
38,2010-12-17,334441.15,0,52.77,3.24,126.88,14.31
38,2010-12-24,369106.72,0,52.02,3.24,126.98,14.31
38,2010-12-31,303908.81,1,45.64,3.15,127.09,14.31
38,2011-01-07,386344.54,0,37.64,3.29,127.19,14.02
38,2011-01-14,356138.79,0,43.15,3.31,127.30,14.02
38,2011-01-21,341098.08,0,53.53,3.22,127.44,14.02
38,2011-01-28,357557.16,0,50.74,3.34,127.58,14.02
38,2011-02-04,402341.76,0,45.14,3.35,127.72,14.02
38,2011-02-11,377672.46,1,51.30,3.38,127.86,14.02
38,2011-02-18,364606.70,0,53.35,3.43,128.00,14.02
38,2011-02-25,354232.34,0,48.45,3.53,128.13,14.02
38,2011-03-04,405429.43,0,51.72,3.67,128.26,14.02
38,2011-03-11,357897.18,0,57.75,3.82,128.40,14.02
38,2011-03-18,349459.95,0,64.21,3.69,128.51,14.02
38,2011-03-25,351541.62,0,54.40,3.91,128.62,14.02
38,2011-04-01,382098.13,0,63.63,3.77,128.72,13.74
38,2011-04-08,392152.30,0,64.47,4.00,128.82,13.74
38,2011-04-15,362758.94,0,57.63,3.87,128.91,13.74
38,2011-04-22,362952.34,0,72.12,4.13,128.96,13.74
38,2011-04-29,344225.99,0,68.27,4.15,129.00,13.74
38,2011-05-06,422186.65,0,68.40,4.19,129.04,13.74
38,2011-05-13,366977.79,0,70.93,4.20,129.09,13.74
38,2011-05-20,365730.76,0,66.59,4.17,129.08,13.74
38,2011-05-27,356886.10,0,76.67,4.09,129.06,13.74
38,2011-06-03,396826.06,0,71.81,4.03,129.05,13.74
38,2011-06-10,381763.02,0,78.72,3.98,129.04,13.74
38,2011-06-17,356797.00,0,86.84,3.94,129.04,13.74
38,2011-06-24,354078.95,0,88.95,3.90,129.07,13.74
38,2011-07-01,387334.04,0,89.85,3.84,129.09,13.50
38,2011-07-08,399699.17,0,89.90,3.71,129.11,13.50
38,2011-07-15,367181.71,0,88.10,3.69,129.13,13.50
38,2011-07-22,365562.67,0,91.17,3.79,129.15,13.50
38,2011-07-29,355131.33,0,93.29,3.81,129.17,13.50
38,2011-08-05,437631.44,0,90.61,3.80,129.18,13.50
38,2011-08-12,387844.05,0,91.04,3.70,129.20,13.50
38,2011-08-19,362224.70,0,91.74,3.74,129.24,13.50
38,2011-08-26,365672.55,0,94.61,3.74,129.28,13.50
38,2011-09-02,416953.51,0,93.66,3.80,129.33,13.50
38,2011-09-09,397771.68,1,88.00,3.91,129.37,13.50
38,2011-09-16,408188.88,0,76.36,3.92,129.43,13.50
38,2011-09-23,394665.28,0,82.95,3.79,129.52,13.50
38,2011-09-30,366819.84,0,83.26,3.88,129.61,13.50
38,2011-10-07,449516.29,0,70.44,3.83,129.69,12.89
38,2011-10-14,400430.78,0,67.31,3.81,129.77,12.89
38,2011-10-21,402709.17,0,73.05,3.84,129.78,12.89
38,2011-10-28,378539.17,0,67.41,3.73,129.79,12.89
38,2011-11-04,436970.10,0,59.77,3.83,129.81,12.89
38,2011-11-11,411116.95,0,48.76,3.82,129.82,12.89
38,2011-11-18,392003.13,0,54.20,3.81,129.83,12.89
38,2011-11-25,393715.71,1,53.25,3.62,129.84,12.89
38,2011-12-02,411252.02,0,52.50,3.70,129.85,12.89
38,2011-12-09,435401.64,0,42.17,3.64,129.86,12.89
38,2011-12-16,404283.84,0,43.29,3.60,129.90,12.89
38,2011-12-23,419717.41,0,45.40,3.54,129.98,12.89
38,2011-12-30,342667.35,1,44.64,3.43,130.07,12.89
38,2012-01-06,478483.20,0,50.43,3.60,130.16,12.19
38,2012-01-13,423260.82,0,48.07,3.66,130.24,12.19
38,2012-01-20,405215.91,0,46.20,3.66,130.28,12.19
38,2012-01-27,412882.31,0,50.43,3.68,130.31,12.19
38,2012-02-03,457711.68,0,50.58,3.70,130.35,12.19
38,2012-02-10,469787.38,1,52.27,3.72,130.38,12.19
38,2012-02-17,415513.97,0,51.80,3.78,130.45,12.19
38,2012-02-24,409411.61,0,53.13,3.95,130.55,12.19
38,2012-03-02,471115.38,0,52.27,4.18,130.65,12.19
38,2012-03-09,452792.53,0,54.54,4.25,130.74,12.19
38,2012-03-16,428465.11,0,64.44,4.27,130.83,12.19
38,2012-03-23,412456.48,0,56.26,4.04,130.90,12.19
38,2012-03-30,408679.36,0,64.36,4.29,130.97,12.19
38,2012-04-06,499267.66,0,64.05,4.12,131.04,11.63
38,2012-04-13,435790.74,0,64.28,4.25,131.11,11.63
38,2012-04-20,401615.80,0,66.73,4.22,131.12,11.63
38,2012-04-27,419964.77,0,77.99,4.19,131.13,11.63
38,2012-05-04,491755.69,0,76.03,4.17,131.14,11.63
38,2012-05-11,429914.60,0,77.27,4.19,131.15,11.63
38,2012-05-18,412314.71,0,84.51,4.11,131.10,11.63
38,2012-05-25,422810.12,0,83.84,4.29,131.03,11.63
38,2012-06-01,435579.70,0,78.11,4.28,130.96,11.63
38,2012-06-08,448110.25,0,84.83,4.10,130.89,11.63
38,2012-06-15,430222.07,0,85.94,4.14,130.83,11.63
38,2012-06-22,405938.35,0,91.61,4.01,130.79,11.63
38,2012-06-29,404634.36,0,90.47,3.88,130.76,11.63
38,2012-07-06,471086.22,0,89.13,3.77,130.72,10.93
38,2012-07-13,416036.75,0,95.61,3.72,130.68,10.93
38,2012-07-20,441683.74,0,85.53,3.73,130.70,10.93
38,2012-07-27,407186.47,0,93.47,3.77,130.72,10.93
38,2012-08-03,469311.17,0,88.16,3.76,130.74,10.93
38,2012-08-10,436690.13,0,95.91,3.81,130.76,10.93
38,2012-08-17,411866.46,0,94.87,4.00,130.79,10.93
38,2012-08-24,397428.22,0,85.32,4.06,130.84,10.93
38,2012-08-31,424904.95,0,89.78,4.09,130.89,10.93
38,2012-09-07,490274.82,1,88.52,4.12,130.93,10.93
38,2012-09-14,430944.39,0,83.64,4.13,130.98,10.93
38,2012-09-21,409600.98,0,82.97,4.13,131.01,10.93
38,2012-09-28,398468.08,0,81.22,3.97,131.04,10.93
38,2012-10-05,458479.01,0,81.61,3.97,131.08,10.20
38,2012-10-12,437320.66,0,71.74,4.47,131.11,10.20
38,2012-10-19,428806.46,0,68.66,4.45,131.15,10.20
38,2012-10-26,417290.38,0,65.95,4.30,131.19,10.20
39,2010-02-05,1230596.80,0,44.30,2.57,209.85,8.55
39,2010-02-12,1266229.07,1,44.58,2.55,210.00,8.55
39,2010-02-19,1230591.97,0,43.96,2.51,210.05,8.55
39,2010-02-26,1168582.02,0,49.79,2.56,210.08,8.55
39,2010-03-05,1266254.21,0,50.93,2.63,210.11,8.55
39,2010-03-12,1244391.83,0,61.88,2.67,210.14,8.55
39,2010-03-19,1301590.13,0,58.62,2.72,209.98,8.55
39,2010-03-26,1235094.66,0,54.83,2.73,209.79,8.55
39,2010-04-02,1463942.62,0,63.31,2.72,209.59,8.46
39,2010-04-09,1327035.27,0,68.15,2.77,209.40,8.46
39,2010-04-16,1242874.98,0,66.33,2.81,209.27,8.46
39,2010-04-23,1280231.85,0,67.64,2.80,209.22,8.46
39,2010-04-30,1263836.59,0,70.03,2.78,209.17,8.46
39,2010-05-07,1355704.21,0,74.86,2.84,209.12,8.46
39,2010-05-14,1226997.70,0,77.49,2.85,209.12,8.46
39,2010-05-21,1350673.98,0,76.67,2.83,209.39,8.46
39,2010-05-28,1365541.59,0,80.22,2.76,209.67,8.46
39,2010-06-04,1512207.95,0,79.83,2.71,209.94,8.46
39,2010-06-11,1371405.33,0,81.78,2.67,210.21,8.46
39,2010-06-18,1368312.45,0,83.96,2.64,210.21,8.46
39,2010-06-25,1280414.80,0,83.24,2.65,210.10,8.46
39,2010-07-02,1352547.70,0,81.35,2.67,209.98,8.36
39,2010-07-09,1330473.47,0,81.10,2.64,209.87,8.36
39,2010-07-16,1339811.68,0,83.86,2.62,209.86,8.36
39,2010-07-23,1314651.83,0,82.20,2.61,210.00,8.36
39,2010-07-30,1308222.24,0,80.99,2.64,210.13,8.36
39,2010-08-06,1409989.67,0,84.92,2.63,210.26,8.36
39,2010-08-13,1371465.66,0,85.66,2.69,210.39,8.36
39,2010-08-20,1471816.52,0,85.73,2.66,210.36,8.36
39,2010-08-27,1417515.93,0,84.31,2.62,210.33,8.36
39,2010-09-03,1345167.61,0,82.13,2.58,210.30,8.36
39,2010-09-10,1279666.47,1,79.94,2.57,210.26,8.36
39,2010-09-17,1252915.43,0,81.83,2.58,210.29,8.36
39,2010-09-24,1199449.54,0,78.50,2.62,210.37,8.36
39,2010-10-01,1219583.91,0,72.74,2.60,210.44,8.48
39,2010-10-08,1286598.59,0,64.80,2.63,210.51,8.48
39,2010-10-15,1238742.00,0,69.96,2.72,210.58,8.48
39,2010-10-22,1261109.01,0,71.73,2.73,210.63,8.48
39,2010-10-29,1294769.08,0,75.14,2.72,210.67,8.48
39,2010-11-05,1293707.19,0,61.62,2.69,210.72,8.48
39,2010-11-12,1291398.71,0,62.21,2.73,210.77,8.48
39,2010-11-19,1370659.54,0,55.50,2.77,210.65,8.48
39,2010-11-26,2149355.20,1,67.75,2.74,210.52,8.48
39,2010-12-03,1431910.98,0,53.55,2.71,210.38,8.48
39,2010-12-10,1630564.48,0,50.81,2.84,210.24,8.48
39,2010-12-17,1842172.46,0,55.31,2.87,210.18,8.48
39,2010-12-24,2495489.25,0,58.86,2.89,210.18,8.48
39,2010-12-31,1230012.16,1,52.45,2.94,210.18,8.48
39,2011-01-07,1224475.12,0,52.74,2.98,210.18,8.40
39,2011-01-14,1193199.39,0,41.74,2.98,210.24,8.40
39,2011-01-21,1243370.74,0,50.25,3.02,210.60,8.40
39,2011-01-28,1158698.44,0,47.94,3.01,210.97,8.40
39,2011-02-04,1343773.94,0,45.96,2.99,211.33,8.40
39,2011-02-11,1227893.89,1,40.34,3.02,211.70,8.40
39,2011-02-18,1335233.74,0,58.20,3.05,212.01,8.40
39,2011-02-25,1240921.19,0,67.77,3.07,212.29,8.40
39,2011-03-04,1316385.43,0,63.56,3.29,212.58,8.40
39,2011-03-11,1283716.81,0,58.35,3.46,212.86,8.40
39,2011-03-18,1348410.05,0,65.28,3.49,213.11,8.40
39,2011-03-25,1284334.79,0,71.17,3.47,213.34,8.40
39,2011-04-01,1316849.36,0,66.57,3.52,213.58,8.30
39,2011-04-08,1350646.16,0,69.45,3.62,213.81,8.30
39,2011-04-15,1348031.55,0,73.19,3.74,214.03,8.30
39,2011-04-22,1563140.85,0,74.98,3.81,214.19,8.30
39,2011-04-29,1379651.87,0,76.47,3.81,214.36,8.30
39,2011-05-06,1370920.87,0,68.75,3.91,214.52,8.30
39,2011-05-13,1325022.77,0,77.39,3.90,214.69,8.30
39,2011-05-20,1373907.21,0,73.31,3.91,214.47,8.30
39,2011-05-27,1406124.14,0,82.10,3.79,214.24,8.30
39,2011-06-03,1541745.59,0,83.59,3.70,214.02,8.30
39,2011-06-10,1442092.08,0,82.75,3.65,213.79,8.30
39,2011-06-17,1451392.67,0,85.21,3.64,213.75,8.30
39,2011-06-24,1363167.95,0,84.06,3.59,213.84,8.30
39,2011-07-01,1429829.36,0,84.93,3.52,213.93,8.18
39,2011-07-08,1414564.53,0,84.33,3.48,214.02,8.18
39,2011-07-15,1380257.12,0,85.96,3.58,214.11,8.18
39,2011-07-22,1416005.59,0,84.60,3.65,214.17,8.18
39,2011-07-29,1426418.53,0,86.24,3.68,214.23,8.18
39,2011-08-05,1518790.89,0,87.73,3.68,214.30,8.18
39,2011-08-12,1514055.97,0,88.27,3.64,214.36,8.18
39,2011-08-19,1629066.90,0,87.93,3.55,214.42,8.18
39,2011-08-26,1573898.63,0,86.49,3.52,214.49,8.18
39,2011-09-02,1465089.85,0,88.65,3.53,214.55,8.18
39,2011-09-09,1429345.86,1,79.15,3.55,214.62,8.18
39,2011-09-16,1372500.63,0,83.11,3.53,214.79,8.18
39,2011-09-23,1338657.95,0,78.75,3.47,215.12,8.18
39,2011-09-30,1311775.83,0,81.51,3.36,215.45,8.18
39,2011-10-07,1443884.39,0,71.68,3.29,215.78,7.72
39,2011-10-14,1384721.84,0,73.79,3.27,216.09,7.72
39,2011-10-21,1465283.29,0,67.65,3.35,216.25,7.72
39,2011-10-28,1472663.10,0,71.05,3.37,216.41,7.72
39,2011-11-04,1553629.59,0,58.04,3.33,216.56,7.72
39,2011-11-11,1456957.38,0,63.11,3.30,216.72,7.72
39,2011-11-18,1510397.27,0,66.09,3.31,216.94,7.72
39,2011-11-25,2338832.40,1,66.36,3.24,217.18,7.72
39,2011-12-02,1632894.58,0,53.14,3.17,217.42,7.72
39,2011-12-09,1781528.77,0,49.36,3.16,217.66,7.72
39,2011-12-16,1991824.05,0,58.58,3.16,217.88,7.72
39,2011-12-23,2554482.84,0,54.62,3.11,218.05,7.72
39,2011-12-30,1537139.56,1,47.60,3.13,218.23,7.72
39,2012-01-06,1478537.93,0,55.83,3.16,218.41,7.24
39,2012-01-13,1369125.37,0,54.66,3.26,218.58,7.24
39,2012-01-20,1394841.03,0,58.04,3.27,218.68,7.24
39,2012-01-27,1320301.61,0,60.65,3.29,218.77,7.24
39,2012-02-03,1396150.15,0,60.69,3.36,218.86,7.24
39,2012-02-10,1442988.44,1,52.89,3.41,218.96,7.24
39,2012-02-17,1511041.69,0,52.75,3.51,219.11,7.24
39,2012-02-24,1412065.04,0,61.10,3.56,219.32,7.24
39,2012-03-02,1453047.02,0,64.05,3.63,219.53,7.24
39,2012-03-09,1470764.35,0,61.64,3.67,219.74,7.24
39,2012-03-16,1522421.07,0,65.81,3.73,219.90,7.24
39,2012-03-23,1469593.37,0,67.91,3.79,219.97,7.24
39,2012-03-30,1499727.02,0,69.11,3.85,220.05,7.24
39,2012-04-06,1764847.94,0,73.49,3.89,220.12,6.99
39,2012-04-13,1580732.73,0,71.59,3.89,220.20,6.99
39,2012-04-20,1433391.04,0,70.04,3.88,220.25,6.99
39,2012-04-27,1456997.20,0,69.11,3.81,220.30,6.99
39,2012-05-04,1512227.34,0,77.15,3.75,220.35,6.99
39,2012-05-11,1470792.41,0,75.52,3.69,220.41,6.99
39,2012-05-18,1522978.54,0,72.36,3.63,220.43,6.99
39,2012-05-25,1596036.66,0,78.31,3.56,220.43,6.99
39,2012-06-01,1640476.77,0,80.33,3.50,220.43,6.99
39,2012-06-08,1623442.24,0,81.12,3.45,220.44,6.99
39,2012-06-15,1587499.82,0,81.33,3.39,220.45,6.99
39,2012-06-22,1532316.79,0,79.84,3.35,220.49,6.99
39,2012-06-29,1492388.98,0,85.72,3.29,220.53,6.99
39,2012-07-06,1659221.99,0,81.05,3.23,220.57,6.62
39,2012-07-13,1471261.76,0,78.16,3.26,220.61,6.62
39,2012-07-20,1582168.27,0,80.32,3.31,220.61,6.62
39,2012-07-27,1487797.54,0,82.89,3.41,220.62,6.62
39,2012-08-03,1608277.74,0,84.05,3.42,220.63,6.62
39,2012-08-10,1641867.92,0,83.47,3.49,220.64,6.62
39,2012-08-17,1720221.91,0,84.72,3.57,220.72,6.62
39,2012-08-24,1724669.75,0,80.49,3.62,220.85,6.62
39,2012-08-31,1710923.94,0,83.72,3.64,220.99,6.62
39,2012-09-07,1609811.75,1,83.71,3.73,221.12,6.62
39,2012-09-14,1447614.08,0,76.71,3.72,221.26,6.62
39,2012-09-21,1555672.51,0,73.58,3.72,221.46,6.62
39,2012-09-28,1495607.07,0,78.04,3.67,221.66,6.62
39,2012-10-05,1574408.67,0,72.05,3.62,221.85,6.23
39,2012-10-12,1494417.07,0,69.88,3.60,222.05,6.23
39,2012-10-19,1577486.33,0,71.45,3.59,222.10,6.23
39,2012-10-26,1569502.00,0,72.90,3.51,222.11,6.23
40,2010-02-05,1001943.80,0,14.48,2.79,131.53,5.89
40,2010-02-12,955338.29,1,20.84,2.77,131.59,5.89
40,2010-02-19,916289.20,0,27.84,2.75,131.64,5.89
40,2010-02-26,863917.41,0,33.32,2.75,131.69,5.89
40,2010-03-05,990152.28,0,34.78,2.77,131.74,5.89
40,2010-03-12,899352.40,0,35.10,2.81,131.78,5.89
40,2010-03-19,894865.30,0,40.54,2.83,131.82,5.89
40,2010-03-26,873354.58,0,39.51,2.83,131.86,5.89
40,2010-04-02,1041202.13,0,41.39,2.83,131.90,5.44
40,2010-04-09,919839.19,0,54.31,2.85,131.94,5.44
40,2010-04-16,882636.96,0,43.30,2.89,131.98,5.44
40,2010-04-23,844958.49,0,45.85,2.90,132.02,5.44
40,2010-04-30,816838.31,0,46.50,2.94,132.06,5.44
40,2010-05-07,1009797.06,0,60.05,2.98,132.11,5.44
40,2010-05-14,907262.47,0,45.50,2.98,132.15,5.44
40,2010-05-21,885613.91,0,56.75,2.96,132.22,5.44
40,2010-05-28,1008483.07,0,67.88,2.91,132.29,5.44
40,2010-06-04,1052429.03,0,65.70,2.86,132.36,5.44
40,2010-06-11,1007574.67,0,59.42,2.83,132.44,5.44
40,2010-06-18,973105.30,0,60.97,2.81,132.47,5.44
40,2010-06-25,940405.03,0,69.72,2.81,132.50,5.44
40,2010-07-02,1087578.78,0,65.47,2.82,132.52,5.33
40,2010-07-09,1058250.91,0,76.67,2.81,132.55,5.33
40,2010-07-16,959229.09,0,74.25,2.80,132.57,5.33
40,2010-07-23,922341.82,0,71.79,2.78,132.58,5.33
40,2010-07-30,953393.02,0,71.35,2.79,132.60,5.33
40,2010-08-06,1057295.87,0,69.16,2.79,132.61,5.33
40,2010-08-13,924011.76,0,67.47,2.81,132.63,5.33
40,2010-08-20,932397.00,0,67.05,2.80,132.66,5.33
40,2010-08-27,922328.02,0,62.57,2.77,132.69,5.33
40,2010-09-03,976453.34,0,70.66,2.74,132.72,5.33
40,2010-09-10,967310.82,1,62.75,2.72,132.76,5.33
40,2010-09-17,855046.95,0,55.34,2.72,132.77,5.33
40,2010-09-24,844373.31,0,55.63,2.72,132.76,5.33
40,2010-10-01,891152.33,0,62.01,2.72,132.76,5.29
40,2010-10-08,972405.38,0,52.02,2.78,132.75,5.29
40,2010-10-15,917883.17,0,44.56,2.88,132.76,5.29
40,2010-10-22,882180.91,0,41.25,2.92,132.82,5.29
40,2010-10-29,875038.84,0,47.10,2.94,132.87,5.29
40,2010-11-05,968270.66,0,36.45,2.94,132.92,5.29
40,2010-11-12,935481.32,0,38.50,2.96,132.98,5.29
40,2010-11-19,852452.93,0,40.52,3.03,132.92,5.29
40,2010-11-26,1166142.85,1,32.94,3.07,132.84,5.29
40,2010-12-03,1000582.06,0,33.60,3.07,132.76,5.29
40,2010-12-10,1111215.72,0,21.64,3.13,132.68,5.29
40,2010-12-17,1179036.30,0,23.01,3.14,132.68,5.29
40,2010-12-24,1648829.18,0,24.18,3.15,132.75,5.29
40,2010-12-31,811318.30,1,19.29,3.18,132.82,5.29
40,2011-01-07,894280.19,0,24.05,3.19,132.88,5.11
40,2011-01-14,771315.62,0,18.55,3.22,132.95,5.11
40,2011-01-21,764014.75,0,14.64,3.23,133.03,5.11
40,2011-01-28,775910.43,0,9.51,3.24,133.11,5.11
40,2011-02-04,904261.65,0,13.29,3.24,133.18,5.11
40,2011-02-11,931939.52,1,16.87,3.26,133.26,5.11
40,2011-02-18,968694.45,0,21.82,3.26,133.37,5.11
40,2011-02-25,888869.27,0,16.50,3.28,133.49,5.11
40,2011-03-04,977070.62,0,18.49,3.44,133.61,5.11
40,2011-03-11,860255.58,0,30.53,3.60,133.74,5.11
40,2011-03-18,871024.26,0,35.76,3.63,133.85,5.11
40,2011-03-25,834621.39,0,28.89,3.62,133.96,5.11
40,2011-04-01,841889.08,0,28.60,3.64,134.07,4.78
40,2011-04-08,947753.32,0,34.77,3.72,134.18,4.78
40,2011-04-15,874446.32,0,43.69,3.82,134.28,4.78
40,2011-04-22,965056.40,0,39.32,3.92,134.36,4.78
40,2011-04-29,847246.50,0,52.68,3.99,134.44,4.78
40,2011-05-06,1016752.55,0,50.81,4.08,134.51,4.78
40,2011-05-13,903864.02,0,54.09,4.10,134.59,4.78
40,2011-05-20,907110.83,0,56.38,4.10,134.68,4.78
40,2011-05-27,972373.81,0,63.11,4.03,134.77,4.78
40,2011-06-03,1075687.74,0,66.16,3.97,134.86,4.78
40,2011-06-10,984336.04,0,64.19,3.92,134.94,4.78
40,2011-06-17,971422.67,0,59.16,3.87,135.08,4.78
40,2011-06-24,977103.64,0,62.59,3.85,135.27,4.78
40,2011-07-01,1048866.30,0,65.25,3.82,135.45,4.58
40,2011-07-08,1107366.06,0,67.86,3.78,135.63,4.58
40,2011-07-15,953252.14,0,68.90,3.83,135.78,4.58
40,2011-07-22,980642.10,0,73.34,3.88,135.87,4.58
40,2011-07-29,929096.90,0,67.45,3.90,135.96,4.58
40,2011-08-05,1063818.20,0,68.10,3.90,136.05,4.58
40,2011-08-12,955506.95,0,68.30,3.88,136.14,4.58
40,2011-08-19,943237.12,0,64.05,3.82,136.18,4.58
40,2011-08-26,969611.30,0,65.01,3.80,136.21,4.58
40,2011-09-02,957298.26,0,63.79,3.78,136.24,4.58
40,2011-09-09,1021391.99,1,64.83,3.81,136.27,4.58
40,2011-09-16,890661.79,0,58.28,3.81,136.31,4.58
40,2011-09-23,876583.98,0,54.09,3.76,136.37,4.58
40,2011-09-30,912857.10,0,63.45,3.68,136.42,4.58
40,2011-10-07,1070389.98,0,50.21,3.63,136.47,4.42
40,2011-10-14,936751.68,0,53.90,3.58,136.52,4.42
40,2011-10-21,942319.65,0,51.61,3.62,136.50,4.42
40,2011-10-28,941675.95,0,42.09,3.60,136.49,4.42
40,2011-11-04,1011321.18,0,35.40,3.59,136.48,4.42
40,2011-11-11,1037687.07,0,40.75,3.57,136.46,4.42
40,2011-11-18,905399.99,0,41.85,3.57,136.47,4.42
40,2011-11-25,1230011.95,1,32.76,3.54,136.48,4.42
40,2011-12-02,1059676.62,0,38.51,3.50,136.49,4.42
40,2011-12-09,1158708.98,0,34.48,3.47,136.50,4.42
40,2011-12-16,1198670.19,0,29.53,3.45,136.53,4.42
40,2011-12-23,1601585.70,0,24.46,3.41,136.59,4.42
40,2011-12-30,908853.15,1,18.75,3.40,136.64,4.42
40,2012-01-06,954576.86,0,23.29,3.44,136.70,4.26
40,2012-01-13,780607.52,0,25.90,3.52,136.75,4.26
40,2012-01-20,811365.42,0,14.02,3.54,136.86,4.26
40,2012-01-27,770157.29,0,22.91,3.57,136.96,4.26
40,2012-02-03,979552.34,0,27.86,3.63,137.06,4.26
40,2012-02-10,999785.48,1,23.92,3.66,137.17,4.26
40,2012-02-17,975500.87,0,25.56,3.70,137.26,4.26
40,2012-02-24,919301.81,0,29.88,3.75,137.34,4.26
40,2012-03-02,927732.02,0,23.79,3.83,137.42,4.26
40,2012-03-09,954233.87,0,30.58,3.88,137.51,4.26
40,2012-03-16,891154.18,0,37.13,3.87,137.58,4.26
40,2012-03-23,844490.86,0,52.27,3.89,137.66,4.26
40,2012-03-30,871945.64,0,36.25,3.92,137.73,4.26
40,2012-04-06,1132064.23,0,36.54,3.96,137.80,4.13
40,2012-04-13,857811.17,0,40.65,4.03,137.87,4.13
40,2012-04-20,896979.93,0,55.30,4.05,137.92,4.13
40,2012-04-27,875372.91,0,47.51,4.02,137.98,4.13
40,2012-05-04,993311.59,0,44.47,3.99,138.03,4.13
40,2012-05-11,967729.35,0,52.06,3.95,138.09,4.13
40,2012-05-18,896295.41,0,57.59,3.90,138.11,4.13
40,2012-05-25,991054.49,0,65.25,3.85,138.11,4.13
40,2012-06-01,1037464.27,0,64.75,3.80,138.11,4.13
40,2012-06-08,1079386.88,0,55.78,3.75,138.12,4.13
40,2012-06-15,977950.28,0,63.39,3.68,138.13,4.13
40,2012-06-22,1033552.18,0,69.32,3.63,138.16,4.13
40,2012-06-29,988764.84,0,64.42,3.58,138.20,4.13
40,2012-07-06,1182901.56,0,69.08,3.54,138.23,4.16
40,2012-07-13,979848.71,0,67.48,3.56,138.26,4.16
40,2012-07-20,968502.38,0,70.45,3.61,138.23,4.16
40,2012-07-27,954396.85,0,67.88,3.70,138.20,4.16
40,2012-08-03,1068346.76,0,70.15,3.70,138.17,4.16
40,2012-08-10,1007906.43,0,70.09,3.77,138.14,4.16
40,2012-08-17,969387.48,0,69.41,3.84,138.19,4.16
40,2012-08-24,945318.47,0,63.91,3.87,138.28,4.16
40,2012-08-31,987264.67,0,66.11,3.88,138.38,4.16
40,2012-09-07,1088248.40,1,65.06,3.92,138.47,4.16
40,2012-09-14,901709.82,0,59.38,3.99,138.57,4.16
40,2012-09-21,899768.40,0,54.12,4.06,138.65,4.16
40,2012-09-28,919595.44,0,50.98,4.02,138.74,4.16
40,2012-10-05,1069112.00,0,57.21,4.03,138.83,4.15
40,2012-10-12,982523.26,0,47.35,4.03,138.91,4.15
40,2012-10-19,918170.50,0,46.33,4.00,138.83,4.15
40,2012-10-26,921264.52,0,49.65,3.92,138.73,4.15
41,2010-02-05,1086533.18,0,30.27,2.58,189.38,7.54
41,2010-02-12,1075656.34,1,23.04,2.57,189.46,7.54
41,2010-02-19,1052034.74,0,24.13,2.55,189.53,7.54
41,2010-02-26,991941.73,0,21.84,2.59,189.60,7.54
41,2010-03-05,1063557.49,0,32.49,2.62,189.67,7.54
41,2010-03-12,1023997.71,0,33.40,2.68,189.74,7.54
41,2010-03-19,1006597.69,0,36.70,2.69,189.73,7.54
41,2010-03-26,1015196.46,0,32.30,2.72,189.72,7.54
41,2010-04-02,1168826.39,0,41.31,2.73,189.70,7.36
41,2010-04-09,1082158.21,0,37.30,2.75,189.69,7.36
41,2010-04-16,1043388.79,0,46.79,2.77,189.66,7.36
41,2010-04-23,1067340.74,0,45.29,2.78,189.62,7.36
41,2010-04-30,1063960.11,0,40.20,2.77,189.58,7.36
41,2010-05-07,1175738.22,0,41.50,2.77,189.53,7.36
41,2010-05-14,1116439.02,0,40.23,2.79,189.49,7.36
41,2010-05-21,1163234.33,0,50.59,2.78,189.47,7.36
41,2010-05-28,1246654.24,0,56.97,2.74,189.45,7.36
41,2010-06-04,1305068.10,0,60.13,2.70,189.42,7.36
41,2010-06-11,1217199.39,0,63.36,2.68,189.40,7.36
41,2010-06-18,1202963.06,0,54.90,2.67,189.42,7.36
41,2010-06-25,1174209.52,0,66.00,2.72,189.45,7.36
41,2010-07-02,1273279.79,0,69.39,2.73,189.49,7.34
41,2010-07-09,1176079.59,0,60.93,2.71,189.52,7.34
41,2010-07-16,1179788.38,0,69.06,2.70,189.61,7.34
41,2010-07-23,1192213.87,0,70.77,2.69,189.77,7.34
41,2010-07-30,1211136.63,0,70.07,2.69,189.94,7.34
41,2010-08-06,1338132.72,0,69.21,2.69,190.10,7.34
41,2010-08-13,1285976.53,0,70.24,2.72,190.26,7.34
41,2010-08-20,1353838.39,0,66.19,2.73,190.29,7.34
41,2010-08-27,1173131.63,0,70.59,2.73,190.33,7.34
41,2010-09-03,1223355.50,0,64.13,2.77,190.36,7.34
41,2010-09-10,1172672.27,1,63.30,2.78,190.40,7.34
41,2010-09-17,1111170.91,0,62.40,2.80,190.47,7.34
41,2010-09-24,1110941.78,0,60.11,2.79,190.57,7.34
41,2010-10-01,1109216.35,0,62.67,2.76,190.67,7.51
41,2010-10-08,1162042.24,0,57.10,2.75,190.78,7.51
41,2010-10-15,1133913.33,0,49.91,2.76,190.86,7.51
41,2010-10-22,1156003.70,0,48.09,2.76,190.91,7.51
41,2010-10-29,1144854.56,0,42.16,2.75,190.95,7.51
41,2010-11-05,1163878.49,0,46.74,2.73,191.00,7.51
41,2010-11-12,1175326.23,0,38.99,2.74,191.04,7.51
41,2010-11-19,1172155.28,0,31.34,2.76,191.03,7.51
41,2010-11-26,1866681.57,1,25.30,2.74,191.01,7.51
41,2010-12-03,1220115.75,0,33.00,2.71,190.99,7.51
41,2010-12-10,1434908.13,0,33.90,2.73,190.97,7.51
41,2010-12-17,1627904.68,0,31.51,2.78,191.03,7.51
41,2010-12-24,2225016.73,0,29.81,2.78,191.14,7.51
41,2010-12-31,1001790.16,1,25.19,2.83,191.26,7.51
41,2011-01-07,1153596.53,0,23.76,2.88,191.37,7.24
41,2011-01-14,1052609.16,0,22.44,2.91,191.48,7.24
41,2011-01-21,1088025.80,0,32.70,2.97,191.57,7.24
41,2011-01-28,1026439.93,0,32.23,3.01,191.67,7.24
41,2011-02-04,1179420.50,0,14.56,3.01,191.76,7.24
41,2011-02-11,1150003.36,1,16.81,3.04,191.86,7.24
41,2011-02-18,1203399.64,0,39.39,3.05,191.92,7.24
41,2011-02-25,1099714.93,0,26.10,3.10,191.96,7.24
41,2011-03-04,1229257.70,0,34.99,3.23,192.01,7.24
41,2011-03-11,1159089.60,0,31.60,3.37,192.06,7.24
41,2011-03-18,1115504.26,0,40.19,3.41,192.12,7.24
41,2011-03-25,1140578.16,0,41.11,3.41,192.20,7.24
41,2011-04-01,1179125.48,0,38.16,3.46,192.27,6.93
41,2011-04-08,1206252.12,0,42.87,3.53,192.34,6.93
41,2011-04-15,1192982.07,0,39.94,3.61,192.42,6.93
41,2011-04-22,1304481.75,0,42.86,3.64,192.52,6.93
41,2011-04-29,1178841.05,0,39.81,3.66,192.62,6.93
41,2011-05-06,1244956.91,0,41.20,3.74,192.73,6.93
41,2011-05-13,1270025.74,0,50.29,3.77,192.83,6.93
41,2011-05-20,1244542.33,0,41.11,3.83,192.83,6.93
41,2011-05-27,1278304.33,0,50.56,3.80,192.84,6.93
41,2011-06-03,1297584.95,0,54.81,3.76,192.84,6.93
41,2011-06-10,1311690.11,0,61.10,3.74,192.85,6.93
41,2011-06-17,1289151.84,0,62.30,3.70,192.90,6.93
41,2011-06-24,1244381.98,0,59.54,3.66,193.00,6.93
41,2011-07-01,1333347.78,0,67.01,3.60,193.09,6.90
41,2011-07-08,1338862.58,0,68.49,3.54,193.19,6.90
41,2011-07-15,1245772.70,0,68.18,3.53,193.31,6.90
41,2011-07-22,1292830.93,0,74.11,3.55,193.51,6.90
41,2011-07-29,1248330.10,0,71.30,3.55,193.71,6.90
41,2011-08-05,1402233.69,0,72.19,3.55,193.91,6.90
41,2011-08-12,1356689.88,0,67.65,3.54,194.11,6.90
41,2011-08-19,1412959.97,0,70.55,3.50,194.25,6.90
41,2011-08-26,1328740.71,0,71.61,3.49,194.38,6.90
41,2011-09-02,1283849.38,0,70.37,3.51,194.51,6.90
41,2011-09-09,1280958.97,1,58.31,3.57,194.64,6.90
41,2011-09-16,1197019.39,0,54.82,3.60,194.74,6.90
41,2011-09-23,1173059.79,0,55.06,3.58,194.81,6.90
41,2011-09-30,1160619.61,0,61.77,3.54,194.88,6.90
41,2011-10-07,1277882.77,0,58.74,3.50,194.95,6.76
41,2011-10-14,1247130.22,0,47.43,3.49,195.03,6.76
41,2011-10-21,1214944.29,0,45.62,3.55,195.18,6.76
41,2011-10-28,1274463.02,0,37.02,3.55,195.33,6.76
41,2011-11-04,1315684.86,0,35.04,3.53,195.48,6.76
41,2011-11-11,1302499.23,0,32.87,3.51,195.64,6.76
41,2011-11-18,1230118.02,0,36.64,3.48,195.72,6.76
41,2011-11-25,1906713.35,1,36.37,3.42,195.77,6.76
41,2011-12-02,1292436.23,0,34.53,3.38,195.82,6.76
41,2011-12-09,1548661.45,0,17.05,3.33,195.87,6.76
41,2011-12-16,1682368.32,0,25.01,3.27,195.98,6.76
41,2011-12-23,2263722.68,0,25.59,3.17,196.17,6.76
41,2011-12-30,1264014.16,1,34.12,3.12,196.36,6.76
41,2012-01-06,1208191.61,0,37.21,3.10,196.55,6.59
41,2012-01-13,1134767.28,0,27.49,3.08,196.73,6.59
41,2012-01-20,1116295.24,0,31.56,3.06,196.78,6.59
41,2012-01-27,1079398.81,0,33.15,3.04,196.83,6.59
41,2012-02-03,1208825.60,0,31.65,3.03,196.87,6.59
41,2012-02-10,1238844.56,1,22.00,3.10,196.92,6.59
41,2012-02-17,1330451.46,0,22.52,3.11,196.94,6.59
41,2012-02-24,1224915.66,0,27.89,3.13,196.95,6.59
41,2012-03-02,1239813.26,0,27.39,3.19,196.96,6.59
41,2012-03-09,1243814.77,0,35.30,3.29,196.96,6.59
41,2012-03-16,1201511.62,0,47.76,3.49,197.05,6.59
41,2012-03-23,1215354.38,0,44.04,3.66,197.23,6.59
41,2012-03-30,1239423.19,0,51.56,3.75,197.41,6.59
41,2012-04-06,1460234.31,0,48.48,3.85,197.60,6.55
41,2012-04-13,1323004.73,0,46.84,3.90,197.78,6.55
41,2012-04-20,1220815.33,0,43.57,3.94,197.72,6.55
41,2012-04-27,1248950.65,0,57.66,3.93,197.66,6.55
41,2012-05-04,1359770.73,0,52.86,3.90,197.61,6.55
41,2012-05-11,1353285.10,0,50.22,3.87,197.55,6.55
41,2012-05-18,1331514.44,0,55.24,3.84,197.56,6.55
41,2012-05-25,1424500.47,0,54.89,3.80,197.59,6.55
41,2012-06-01,1374891.36,0,57.29,3.76,197.62,6.55
41,2012-06-08,1436383.84,0,65.11,3.74,197.66,6.55
41,2012-06-15,1384584.59,0,64.92,3.72,197.69,6.55
41,2012-06-22,1386407.17,0,66.88,3.74,197.74,6.55
41,2012-06-29,1355600.01,0,76.54,3.69,197.79,6.55
41,2012-07-06,1456300.89,0,74.47,3.65,197.83,6.43
41,2012-07-13,1332594.07,0,67.24,3.61,197.88,6.43
41,2012-07-20,1347175.93,0,74.06,3.59,197.93,6.43
41,2012-07-27,1344723.97,0,73.31,3.57,197.98,6.43
41,2012-08-03,1439607.35,0,73.16,3.53,198.03,6.43
41,2012-08-10,1504545.94,0,71.73,3.51,198.08,6.43
41,2012-08-17,1560590.05,0,65.77,3.55,198.10,6.43
41,2012-08-24,1464462.85,0,69.07,3.56,198.10,6.43
41,2012-08-31,1360517.52,0,71.56,3.56,198.10,6.43
41,2012-09-07,1392143.82,1,67.41,3.60,198.10,6.43
41,2012-09-14,1306644.25,0,59.39,3.66,198.13,6.43
41,2012-09-21,1276609.36,0,59.81,3.77,198.36,6.43
41,2012-09-28,1307928.01,0,56.08,3.79,198.59,6.43
41,2012-10-05,1400160.95,0,50.14,3.78,198.82,6.20
41,2012-10-12,1409544.97,0,39.38,3.76,199.05,6.20
41,2012-10-19,1326197.24,0,49.56,3.75,199.15,6.20
41,2012-10-26,1316542.59,0,41.80,3.69,199.22,6.20
42,2010-02-05,543384.01,0,54.34,2.96,126.44,9.77
42,2010-02-12,575709.96,1,49.96,2.83,126.50,9.77
42,2010-02-19,508794.87,0,58.22,2.92,126.53,9.77
42,2010-02-26,491510.58,0,52.77,2.83,126.55,9.77
42,2010-03-05,554972.42,0,55.92,2.88,126.58,9.77
42,2010-03-12,588363.62,0,52.33,3.03,126.60,9.77
42,2010-03-19,519914.10,0,61.46,3.05,126.61,9.77
42,2010-03-26,478021.68,0,60.05,2.98,126.61,9.77
42,2010-04-02,505907.41,0,63.66,3.09,126.60,9.52
42,2010-04-09,582552.26,0,65.29,3.00,126.60,9.52
42,2010-04-16,549528.16,0,69.74,3.11,126.56,9.52
42,2010-04-23,492364.77,0,66.42,3.05,126.47,9.52
42,2010-04-30,477615.87,0,69.76,3.11,126.38,9.52
42,2010-05-07,582846.22,0,71.06,3.13,126.29,9.52
42,2010-05-14,564345.55,0,73.88,3.15,126.21,9.52
42,2010-05-21,504403.16,0,78.32,3.12,126.18,9.52
42,2010-05-28,484097.03,0,76.67,3.06,126.16,9.52
42,2010-06-04,556046.12,0,82.82,2.94,126.14,9.52
42,2010-06-11,607218.60,0,89.67,3.06,126.11,9.52
42,2010-06-18,529418.64,0,83.49,2.94,126.11,9.52
42,2010-06-25,484327.56,0,90.32,3.08,126.13,9.52
42,2010-07-02,507168.80,0,92.89,2.98,126.14,9.20
42,2010-07-09,570069.48,0,91.03,3.10,126.15,9.20
42,2010-07-16,558837.27,0,91.80,2.97,126.15,9.20
42,2010-07-23,491115.86,0,88.44,3.11,126.13,9.20
42,2010-07-30,469598.57,0,85.03,3.02,126.11,9.20
42,2010-08-06,579544.21,0,86.13,3.12,126.09,9.20
42,2010-08-13,583079.97,0,88.37,3.05,126.06,9.20
42,2010-08-20,500945.63,0,89.88,3.04,126.08,9.20
42,2010-08-27,465993.51,0,84.99,3.02,126.09,9.20
42,2010-09-03,524658.06,0,83.80,3.09,126.10,9.20
42,2010-09-10,589091.04,1,84.04,2.96,126.11,9.20
42,2010-09-17,536871.58,0,85.52,3.03,126.15,9.20
42,2010-09-24,492262.96,0,85.75,2.94,126.19,9.20
42,2010-10-01,481523.93,0,86.01,3.00,126.23,9.00
42,2010-10-08,599759.45,0,77.04,2.92,126.28,9.00
42,2010-10-15,559285.35,0,75.48,3.08,126.33,9.00
42,2010-10-22,522467.51,0,68.12,3.01,126.38,9.00
42,2010-10-29,476967.65,0,68.76,3.13,126.44,9.00
42,2010-11-05,565390.40,0,71.04,3.01,126.49,9.00
42,2010-11-12,588592.61,0,61.24,3.13,126.55,9.00
42,2010-11-19,524316.21,0,58.83,3.05,126.61,9.00
42,2010-11-26,522296.71,1,55.33,3.16,126.67,9.00
42,2010-12-03,500250.80,0,51.17,3.04,126.73,9.00
42,2010-12-10,585175.24,0,60.51,3.09,126.79,9.00
42,2010-12-17,537455.65,0,59.15,3.13,126.88,9.00
42,2010-12-24,555075.27,0,57.06,3.24,126.98,9.00
42,2010-12-31,428953.60,1,49.67,3.15,127.09,9.00
42,2011-01-07,592947.75,0,43.43,3.29,127.19,8.74
42,2011-01-14,613899.15,0,49.98,3.31,127.30,8.74
42,2011-01-21,533414.62,0,56.75,3.34,127.44,8.74
42,2011-01-28,499081.79,0,53.03,3.23,127.58,8.74
42,2011-02-04,586886.16,0,44.88,3.35,127.72,8.74
42,2011-02-11,628063.88,1,51.51,3.38,127.86,8.74
42,2011-02-18,556485.10,0,61.77,3.43,128.00,8.74
42,2011-02-25,526904.08,0,53.59,3.40,128.13,8.74
42,2011-03-04,570879.04,0,56.96,3.67,128.26,8.74
42,2011-03-11,607294.56,0,64.22,3.63,128.40,8.74
42,2011-03-18,558239.32,0,70.12,3.89,128.51,8.74
42,2011-03-25,522673.62,0,62.53,3.72,128.62,8.74
42,2011-04-01,508432.17,0,67.64,3.77,128.72,8.49
42,2011-04-08,620087.35,0,73.03,3.82,128.82,8.49
42,2011-04-15,597644.02,0,61.05,4.09,128.91,8.49
42,2011-04-22,534597.69,0,75.93,3.92,128.96,8.49
42,2011-04-29,496010.17,0,73.38,4.15,129.00,8.49
42,2011-05-06,612337.35,0,73.56,4.19,129.04,8.49
42,2011-05-13,603024.75,0,74.04,4.20,129.09,8.49
42,2011-05-20,524559.95,0,72.62,3.99,129.08,8.49
42,2011-05-27,503295.29,0,78.62,3.93,129.06,8.49
42,2011-06-03,545109.30,0,81.87,3.89,129.05,8.49
42,2011-06-10,616701.99,0,84.57,3.98,129.04,8.49
42,2011-06-17,546675.65,0,87.96,3.94,129.04,8.49
42,2011-06-24,501780.66,0,90.69,3.81,129.07,8.49
42,2011-07-01,506343.83,0,95.36,3.84,129.09,8.26
42,2011-07-08,593234.27,0,88.57,3.79,129.11,8.26
42,2011-07-15,591703.82,0,86.01,3.78,129.13,8.26
42,2011-07-22,511316.29,0,88.59,3.70,129.15,8.26
42,2011-07-29,479256.80,0,86.75,3.69,129.17,8.26
42,2011-08-05,572603.33,0,89.80,3.80,129.18,8.26
42,2011-08-12,603147.26,0,85.61,3.79,129.20,8.26
42,2011-08-19,526641.23,0,87.40,3.74,129.24,8.26
42,2011-08-26,503720.98,0,91.59,3.66,129.28,8.26
42,2011-09-02,537124.76,0,91.61,3.80,129.33,8.26
42,2011-09-09,608390.94,1,89.06,3.77,129.37,8.26
42,2011-09-16,576837.09,0,77.49,3.78,129.43,8.26
42,2011-09-23,528486.45,0,82.51,3.79,129.52,8.26
42,2011-09-30,510243.79,0,82.27,3.88,129.61,8.26
42,2011-10-07,649111.23,0,75.01,3.83,129.69,7.87
42,2011-10-14,613531.11,0,70.27,3.70,129.77,7.87
42,2011-10-21,537276.41,0,77.91,3.84,129.78,7.87
42,2011-10-28,515599.70,0,72.79,3.84,129.79,7.87
42,2011-11-04,597667.21,0,68.57,3.83,129.81,7.87
42,2011-11-11,643125.29,0,55.28,3.68,129.82,7.87
42,2011-11-18,567673.87,0,58.97,3.67,129.83,7.87
42,2011-11-25,577698.37,1,60.68,3.76,129.84,7.87
42,2011-12-02,511883.36,0,57.29,3.70,129.85,7.87
42,2011-12-09,619133.48,0,42.58,3.64,129.86,7.87
42,2011-12-16,598437.98,0,50.53,3.49,129.90,7.87
42,2011-12-23,575676.13,0,48.36,3.54,129.98,7.87
42,2011-12-30,454412.28,1,48.92,3.43,130.07,7.87
42,2012-01-06,636372.37,0,59.85,3.44,130.16,7.55
42,2012-01-13,664348.20,0,51.00,3.48,130.24,7.55
42,2012-01-20,579499.93,0,54.51,3.66,130.28,7.55
42,2012-01-27,538978.67,0,53.59,3.68,130.31,7.55
42,2012-02-03,588448.21,0,56.85,3.54,130.35,7.55
42,2012-02-10,674919.45,1,55.73,3.72,130.38,7.55
42,2012-02-17,606671.50,0,54.12,3.78,130.45,7.55
42,2012-02-24,564304.15,0,56.02,3.95,130.55,7.55
42,2012-03-02,585895.34,0,57.62,3.88,130.65,7.55
42,2012-03-09,659816.15,0,57.65,3.96,130.74,7.55
42,2012-03-16,618767.26,0,62.11,4.27,130.83,7.55
42,2012-03-23,561226.38,0,56.54,4.29,130.90,7.55
42,2012-03-30,544408.14,0,67.92,4.29,130.97,7.55
42,2012-04-06,652312.11,0,65.99,4.28,131.04,7.38
42,2012-04-13,639123.45,0,70.28,4.25,131.11,7.38
42,2012-04-20,552529.23,0,67.75,4.11,131.12,7.38
42,2012-04-27,526625.49,0,80.11,4.09,131.13,7.38
42,2012-05-04,609274.89,0,77.02,4.06,131.14,7.38
42,2012-05-11,643603.69,0,76.03,4.19,131.15,7.38
42,2012-05-18,590636.38,0,85.19,4.31,131.10,7.38
42,2012-05-25,535764.58,0,86.03,4.13,131.03,7.38
42,2012-06-01,521953.78,0,80.06,4.28,130.96,7.38
42,2012-06-08,642671.48,0,86.87,4.10,130.89,7.38
42,2012-06-15,606309.13,0,88.58,4.14,130.83,7.38
42,2012-06-22,540031.29,0,89.92,4.01,130.79,7.38
42,2012-06-29,507403.77,0,91.36,3.88,130.76,7.38
42,2012-07-06,618702.09,0,86.87,3.67,130.72,7.17
42,2012-07-13,628099.08,0,89.80,3.72,130.68,7.17
42,2012-07-20,530318.39,0,84.45,3.59,130.70,7.17
42,2012-07-27,516352.21,0,83.98,3.77,130.72,7.17
42,2012-08-03,573084.71,0,84.76,3.60,130.74,7.17
42,2012-08-10,576620.31,0,90.78,3.81,130.76,7.17
42,2012-08-17,575997.78,0,88.83,4.00,130.79,7.17
42,2012-08-24,535537.03,0,82.50,4.06,130.84,7.17
42,2012-08-31,504760.57,0,86.97,3.89,130.89,7.17
42,2012-09-07,617405.35,1,83.07,4.12,130.93,7.17
42,2012-09-14,586737.66,0,78.47,3.97,130.98,7.17
42,2012-09-21,527165.70,0,81.93,4.13,131.01,7.17
42,2012-09-28,505978.46,0,82.52,3.97,131.04,7.17
42,2012-10-05,593162.53,0,80.88,4.13,131.08,6.94
42,2012-10-12,612379.90,0,76.03,4.47,131.11,6.94
42,2012-10-19,541406.98,0,72.71,4.45,131.15,6.94
42,2012-10-26,514756.08,0,70.50,4.30,131.19,6.94
43,2010-02-05,647029.28,0,47.31,2.57,203.06,9.52
43,2010-02-12,682918.99,1,47.99,2.55,203.20,9.52
43,2010-02-19,658997.55,0,48.77,2.51,203.25,9.52
43,2010-02-26,618702.79,0,48.77,2.56,203.28,9.52
43,2010-03-05,658600.05,0,52.89,2.63,203.31,9.52
43,2010-03-12,645386.94,0,53.67,2.67,203.34,9.52
43,2010-03-19,668098.49,0,56.00,2.72,203.20,9.52
43,2010-03-26,623097.93,0,54.53,2.73,203.02,9.52
43,2010-04-02,650102.80,0,62.19,2.72,202.84,9.59
43,2010-04-09,693058.34,0,64.37,2.77,202.66,9.59
43,2010-04-16,675282.20,0,69.46,2.81,202.54,9.59
43,2010-04-23,638957.35,0,62.71,2.80,202.48,9.59
43,2010-04-30,630740.11,0,66.91,2.78,202.43,9.59
43,2010-05-07,691498.60,0,67.16,2.84,202.38,9.59
43,2010-05-14,690851.59,0,72.14,2.85,202.37,9.59
43,2010-05-21,672062.08,0,74.74,2.83,202.62,9.59
43,2010-05-28,630315.76,0,78.59,2.76,202.87,9.59
43,2010-06-04,682012.53,0,82.76,2.71,203.12,9.59
43,2010-06-11,684023.95,0,88.12,2.67,203.37,9.59
43,2010-06-18,700009.77,0,84.90,2.64,203.37,9.59
43,2010-06-25,625196.14,0,88.48,2.65,203.27,9.59
43,2010-07-02,667353.79,0,80.17,2.67,203.16,9.82
43,2010-07-09,718748.33,0,81.52,2.64,203.06,9.82
43,2010-07-16,696844.36,0,84.17,2.62,203.05,9.82
43,2010-07-23,649035.55,0,86.60,2.61,203.18,9.82
43,2010-07-30,622112.23,0,79.79,2.64,203.30,9.82
43,2010-08-06,698536.06,0,84.66,2.63,203.42,9.82
43,2010-08-13,713479.91,0,86.31,2.69,203.54,9.82
43,2010-08-20,712869.09,0,85.26,2.66,203.51,9.82
43,2010-08-27,655284.69,0,80.32,2.62,203.48,9.82
43,2010-09-03,689326.91,0,80.43,2.58,203.45,9.82
43,2010-09-10,722120.04,1,81.32,2.57,203.42,9.82
43,2010-09-17,725043.04,0,78.86,2.58,203.45,9.82
43,2010-09-24,650263.95,0,77.42,2.62,203.52,9.82
43,2010-10-01,657108.77,0,77.93,2.60,203.59,10.21
43,2010-10-08,713332.54,0,72.81,2.63,203.67,10.21
43,2010-10-15,699852.68,0,68.78,2.72,203.73,10.21
43,2010-10-22,680943.03,0,69.46,2.73,203.78,10.21
43,2010-10-29,610076.32,0,65.88,2.72,203.82,10.21
43,2010-11-05,605960.20,0,62.52,2.69,203.87,10.21
43,2010-11-12,595421.23,0,59.98,2.73,203.92,10.21
43,2010-11-19,589467.35,0,54.96,2.77,203.82,10.21
43,2010-11-26,633520.34,1,54.76,2.74,203.70,10.21
43,2010-12-03,557543.62,0,44.56,2.71,203.57,10.21
43,2010-12-10,598679.02,0,52.52,2.84,203.45,10.21
43,2010-12-17,615761.77,0,56.51,2.87,203.40,10.21
43,2010-12-24,656637.63,0,57.15,2.89,203.41,10.21
43,2010-12-31,534740.30,1,48.61,2.94,203.42,10.21
43,2011-01-07,611796.61,0,40.47,2.98,203.43,10.40
43,2011-01-14,614940.07,0,43.45,2.98,203.48,10.40
43,2011-01-21,601004.79,0,53.05,3.02,203.83,10.40
43,2011-01-28,562558.27,0,44.98,3.01,204.18,10.40
43,2011-02-04,651521.77,0,33.21,2.99,204.53,10.40
43,2011-02-11,635650.98,1,40.65,3.02,204.87,10.40
43,2011-02-18,626627.77,0,59.15,3.05,205.17,10.40
43,2011-02-25,592340.01,0,58.37,3.07,205.44,10.40
43,2011-03-04,616345.25,0,60.26,3.29,205.71,10.40
43,2011-03-11,629026.75,0,60.24,3.46,205.99,10.40
43,2011-03-18,635171.05,0,68.98,3.49,206.23,10.40
43,2011-03-25,585989.10,0,65.53,3.47,206.45,10.40
43,2011-04-01,611585.54,0,67.79,3.52,206.67,10.58
43,2011-04-08,650418.75,0,70.35,3.62,206.90,10.58
43,2011-04-15,635758.03,0,65.01,3.74,207.10,10.58
43,2011-04-22,638280.67,0,74.49,3.81,207.26,10.58
43,2011-04-29,611464.21,0,71.34,3.81,207.41,10.58
43,2011-05-06,649148.74,0,66.77,3.91,207.57,10.58
43,2011-05-13,684655.91,0,76.03,3.90,207.73,10.58
43,2011-05-20,648330.18,0,74.21,3.91,207.52,10.58
43,2011-05-27,578209.63,0,80.89,3.79,207.31,10.58
43,2011-06-03,630972.15,0,83.49,3.70,207.10,10.58
43,2011-06-10,643041.71,0,85.81,3.65,206.90,10.58
43,2011-06-17,665781.74,0,88.49,3.64,206.86,10.58
43,2011-06-24,604925.08,0,88.30,3.59,206.94,10.58
43,2011-07-01,586781.78,0,91.36,3.52,207.03,10.64
43,2011-07-08,651147.83,0,87.02,3.48,207.12,10.64
43,2011-07-15,631827.38,0,84.67,3.58,207.19,10.64
43,2011-07-22,597354.39,0,88.58,3.65,207.25,10.64
43,2011-07-29,533917.52,0,83.43,3.68,207.31,10.64
43,2011-08-05,605956.59,0,87.47,3.68,207.37,10.64
43,2011-08-12,595626.56,0,86.64,3.64,207.43,10.64
43,2011-08-19,663396.32,0,82.08,3.55,207.50,10.64
43,2011-08-26,561573.08,0,87.43,3.52,207.56,10.64
43,2011-09-02,594224.90,0,87.84,3.53,207.62,10.64
43,2011-09-09,649128.23,1,79.29,3.55,207.68,10.64
43,2011-09-16,618877.13,0,77.17,3.53,207.85,10.64
43,2011-09-23,586108.13,0,78.98,3.47,208.16,10.64
43,2011-09-30,555183.72,0,78.97,3.36,208.48,10.64
43,2011-10-07,642828.62,0,74.17,3.29,208.79,10.15
43,2011-10-14,590984.56,0,68.09,3.27,209.08,10.15
43,2011-10-21,594625.96,0,70.30,3.35,209.22,10.15
43,2011-10-28,572516.57,0,66.82,3.37,209.37,10.15
43,2011-11-04,641905.37,0,59.08,3.33,209.52,10.15
43,2011-11-11,615975.50,0,51.26,3.30,209.66,10.15
43,2011-11-18,628115.61,0,57.75,3.31,209.87,10.15
43,2011-11-25,669965.22,1,55.70,3.24,210.09,10.15
43,2011-12-02,585028.26,0,47.49,3.17,210.31,10.15
43,2011-12-09,617898.07,0,34.23,3.16,210.54,10.15
43,2011-12-16,665007.08,0,43.78,3.16,210.74,10.15
43,2011-12-23,676290.46,0,42.63,3.11,210.91,10.15
43,2011-12-30,505405.85,1,41.83,3.13,211.07,10.15
43,2012-01-06,670993.01,0,47.59,3.16,211.24,9.65
43,2012-01-13,663529.64,0,43.68,3.26,211.41,9.65
43,2012-01-20,619225.65,0,52.72,3.27,211.50,9.65
43,2012-01-27,587685.38,0,52.10,3.29,211.59,9.65
43,2012-02-03,629176.71,0,51.92,3.36,211.68,9.65
43,2012-02-10,662198.65,1,46.54,3.41,211.76,9.65
43,2012-02-17,660632.05,0,49.38,3.51,211.92,9.65
43,2012-02-24,613042.97,0,53.53,3.56,212.12,9.65
43,2012-03-02,693249.98,0,56.43,3.63,212.32,9.65
43,2012-03-09,636677.67,0,54.52,3.67,212.52,9.65
43,2012-03-16,661707.02,0,57.88,3.73,212.67,9.65
43,2012-03-23,610940.94,0,56.28,3.79,212.74,9.65
43,2012-03-30,623258.40,0,69.88,3.85,212.81,9.65
43,2012-04-06,658468.27,0,64.70,3.89,212.89,9.58
43,2012-04-13,665687.92,0,70.18,3.89,212.96,9.58
43,2012-04-20,638144.98,0,67.28,3.88,213.01,9.58
43,2012-04-27,593138.59,0,78.27,3.81,213.06,9.58
43,2012-05-04,637964.20,0,77.47,3.75,213.11,9.58
43,2012-05-11,640159.04,0,67.59,3.69,213.16,9.58
43,2012-05-18,648541.81,0,72.06,3.63,213.18,9.58
43,2012-05-25,597406.39,0,82.41,3.56,213.17,9.58
43,2012-06-01,605078.62,0,80.89,3.50,213.17,9.58
43,2012-06-08,643032.51,0,85.73,3.45,213.17,9.58
43,2012-06-15,634815.10,0,87.75,3.39,213.18,9.58
43,2012-06-22,613270.79,0,87.51,3.35,213.21,9.58
43,2012-06-29,593128.13,0,89.85,3.29,213.25,9.58
43,2012-07-06,645618.59,0,82.68,3.23,213.28,9.29
43,2012-07-13,627634.04,0,78.82,3.26,213.31,9.29
43,2012-07-20,596554.05,0,83.83,3.31,213.32,9.29
43,2012-07-27,572447.52,0,82.01,3.41,213.33,9.29
43,2012-08-03,614378.94,0,85.06,3.42,213.34,9.29
43,2012-08-10,643558.78,0,86.36,3.49,213.35,9.29
43,2012-08-17,640210.85,0,85.66,3.57,213.42,9.29
43,2012-08-24,598234.64,0,81.65,3.62,213.55,9.29
43,2012-08-31,593141.29,0,81.12,3.64,213.67,9.29
43,2012-09-07,663814.18,1,84.99,3.73,213.80,9.29
43,2012-09-14,625196.94,0,73.03,3.72,213.93,9.29
43,2012-09-21,601990.02,0,75.87,3.72,214.12,9.29
43,2012-09-28,577792.32,0,77.55,3.67,214.31,9.29
43,2012-10-05,642614.89,0,74.09,3.62,214.49,8.84
43,2012-10-12,619369.72,0,71.14,3.60,214.68,8.84
43,2012-10-19,623919.23,0,71.25,3.59,214.72,8.84
43,2012-10-26,587603.55,0,69.17,3.51,214.74,8.84
44,2010-02-05,281090.95,0,31.53,2.67,126.44,8.12
44,2010-02-12,286857.13,1,33.16,2.67,126.50,8.12
44,2010-02-19,267956.30,0,35.70,2.65,126.53,8.12
44,2010-02-26,273079.07,0,29.98,2.67,126.55,8.12
44,2010-03-05,284617.27,0,40.65,2.68,126.58,8.12
44,2010-03-12,272190.83,0,37.62,2.73,126.60,8.12
44,2010-03-19,269624.20,0,42.49,2.78,126.61,8.12
44,2010-03-26,276279.49,0,41.48,2.82,126.61,8.12
44,2010-04-02,286197.50,0,42.15,2.84,126.60,7.97
44,2010-04-09,257361.30,0,38.97,2.88,126.60,7.97
44,2010-04-16,280048.74,0,50.39,2.92,126.56,7.97
44,2010-04-23,278287.04,0,55.66,2.94,126.47,7.97
44,2010-04-30,272997.65,0,48.33,2.94,126.38,7.97
44,2010-05-07,285379.86,0,44.42,2.95,126.29,7.97
44,2010-05-14,286515.92,0,50.15,2.96,126.21,7.97
44,2010-05-21,267065.35,0,57.71,2.95,126.18,7.97
44,2010-05-28,291891.01,0,53.11,2.91,126.16,7.97
44,2010-06-04,282351.82,0,59.85,2.87,126.14,7.97
44,2010-06-11,296818.20,0,65.24,2.84,126.11,7.97
44,2010-06-18,293481.36,0,58.41,2.82,126.11,7.97
44,2010-06-25,288247.24,0,71.83,2.82,126.13,7.97
44,2010-07-02,300628.19,0,78.82,2.81,126.14,7.80
44,2010-07-09,280472.78,0,71.33,2.80,126.15,7.80
44,2010-07-16,297099.95,0,77.79,2.79,126.15,7.80
44,2010-07-23,292680.16,0,82.27,2.80,126.13,7.80
44,2010-07-30,275020.96,0,78.94,2.80,126.11,7.80
44,2010-08-06,296804.49,0,81.24,2.80,126.09,7.80
44,2010-08-13,291028.09,0,74.93,2.84,126.06,7.80
44,2010-08-20,284740.50,0,76.34,2.85,126.08,7.80
44,2010-08-27,293155.08,0,75.31,2.85,126.09,7.80
44,2010-09-03,295880.12,0,65.71,2.87,126.10,7.80
44,2010-09-10,283455.13,1,65.74,2.87,126.11,7.80
44,2010-09-17,279364.13,0,66.84,2.88,126.15,7.80
44,2010-09-24,281313.78,0,68.22,2.87,126.19,7.80
44,2010-10-01,300152.45,0,68.74,2.85,126.23,7.61
44,2010-10-08,279524.44,0,63.03,2.84,126.28,7.61
44,2010-10-15,268708.43,0,54.12,2.85,126.33,7.61
44,2010-10-22,270110.30,0,56.89,2.85,126.38,7.61
44,2010-10-29,286497.49,0,45.12,2.84,126.44,7.61
44,2010-11-05,270516.84,0,49.96,2.83,126.49,7.61
44,2010-11-12,281909.79,0,42.55,2.83,126.55,7.61
44,2010-11-19,284322.52,0,42.00,2.84,126.61,7.61
44,2010-11-26,307646.50,1,28.22,2.83,126.67,7.61
44,2010-12-03,264214.12,0,25.80,2.81,126.73,7.61
44,2010-12-10,278253.28,0,36.78,2.82,126.79,7.61
44,2010-12-17,278646.35,0,35.21,2.84,126.88,7.61
44,2010-12-24,365098.24,0,34.90,2.85,126.98,7.61
44,2010-12-31,241937.11,1,26.79,2.87,127.09,7.61
44,2011-01-07,288320.38,0,16.94,2.89,127.19,7.22
44,2011-01-14,292859.36,0,20.60,2.90,127.30,7.22
44,2011-01-21,276157.80,0,34.80,2.93,127.44,7.22
44,2011-01-28,276011.40,0,31.64,2.96,127.58,7.22
44,2011-02-04,293953.08,0,23.35,2.97,127.72,7.22
44,2011-02-11,307486.73,1,30.83,3.03,127.86,7.22
44,2011-02-18,280785.76,0,40.85,3.06,128.00,7.22
44,2011-02-25,279427.93,0,33.17,3.12,128.13,7.22
44,2011-03-04,293984.54,0,34.23,3.23,128.26,7.22
44,2011-03-11,284496.14,0,41.28,3.35,128.40,7.22
44,2011-03-18,281699.68,0,44.69,3.41,128.51,7.22
44,2011-03-25,285031.81,0,42.38,3.44,128.62,7.22
44,2011-04-01,281514.26,0,42.49,3.49,128.72,6.91
44,2011-04-08,292498.61,0,42.75,3.55,128.82,6.91
44,2011-04-15,289667.55,0,41.72,3.62,128.91,6.91
44,2011-04-22,280357.30,0,47.55,3.66,128.96,6.91
44,2011-04-29,281247.97,0,43.85,3.68,129.00,6.91
44,2011-05-06,299354.67,0,47.75,3.74,129.04,6.91
44,2011-05-13,307095.31,0,52.40,3.77,129.09,6.91
44,2011-05-20,303559.23,0,52.12,3.80,129.08,6.91
44,2011-05-27,308442.49,0,54.62,3.78,129.06,6.91
44,2011-06-03,308950.04,0,52.76,3.75,129.05,6.91
44,2011-06-10,308770.42,0,61.39,3.73,129.04,6.91
44,2011-06-17,300255.87,0,63.35,3.70,129.04,6.91
44,2011-06-24,296765.59,0,66.38,3.67,129.07,6.91
44,2011-07-01,315273.08,0,74.29,3.61,129.09,6.56
44,2011-07-08,295339.01,0,77.30,3.56,129.11,6.56
44,2011-07-15,289201.21,0,75.59,3.55,129.13,6.56
44,2011-07-22,303108.81,0,78.50,3.56,129.15,6.56
44,2011-07-29,279677.00,0,77.62,3.57,129.17,6.56
44,2011-08-05,298080.45,0,75.56,3.60,129.18,6.56
44,2011-08-12,290399.66,0,75.95,3.61,129.20,6.56
44,2011-08-19,290909.69,0,76.68,3.58,129.24,6.56
44,2011-08-26,324174.79,0,81.53,3.57,129.28,6.56
44,2011-09-02,309543.52,0,77.00,3.58,129.33,6.56
44,2011-09-09,295811.25,1,70.19,3.62,129.37,6.56
44,2011-09-16,303974.28,0,67.54,3.64,129.43,6.56
44,2011-09-23,307409.13,0,63.60,3.65,129.52,6.56
44,2011-09-30,299757.75,0,68.28,3.62,129.61,6.56
44,2011-10-07,312577.36,0,60.62,3.59,129.69,6.08
44,2011-10-14,293031.78,0,51.74,3.57,129.77,6.08
44,2011-10-21,305969.81,0,54.66,3.58,129.78,6.08
44,2011-10-28,306336.07,0,47.41,3.57,129.79,6.08
44,2011-11-04,307126.34,0,43.51,3.54,129.81,6.08
44,2011-11-11,312233.56,0,33.80,3.51,129.82,6.08
44,2011-11-18,310531.04,0,40.65,3.49,129.83,6.08
44,2011-11-25,309129.01,1,38.89,3.45,129.84,6.08
44,2011-12-02,284309.34,0,33.94,3.39,129.85,6.08
44,2011-12-09,304300.91,0,24.82,3.34,129.86,6.08
44,2011-12-16,311144.16,0,27.85,3.28,129.90,6.08
44,2011-12-23,376233.89,0,24.76,3.19,129.98,6.08
44,2011-12-30,263917.85,1,31.53,3.12,130.07,6.08
44,2012-01-06,325327.93,0,33.80,3.08,130.16,5.77
44,2012-01-13,312361.88,0,25.61,3.06,130.24,5.77
44,2012-01-20,316948.39,0,32.71,3.05,130.28,5.77
44,2012-01-27,308295.38,0,34.32,3.06,130.31,5.77
44,2012-02-03,325986.05,0,31.39,3.08,130.35,5.77
44,2012-02-10,325377.97,1,33.73,3.12,130.38,5.77
44,2012-02-17,320691.21,0,36.57,3.12,130.45,5.77
44,2012-02-24,315641.80,0,35.38,3.15,130.55,5.77
44,2012-03-02,316687.22,0,32.36,3.24,130.65,5.77
44,2012-03-09,303438.24,0,38.24,3.38,130.74,5.77
44,2012-03-16,331965.95,0,52.50,3.53,130.83,5.77
44,2012-03-23,296947.06,0,47.83,3.67,130.90,5.77
44,2012-03-30,310027.29,0,53.20,3.73,130.97,5.77
44,2012-04-06,320021.10,0,48.85,3.79,131.04,5.62
44,2012-04-13,311390.22,0,51.70,3.83,131.11,5.62
44,2012-04-20,323233.80,0,50.24,3.85,131.12,5.62
44,2012-04-27,330338.36,0,64.80,3.84,131.13,5.62
44,2012-05-04,326053.28,0,54.41,3.83,131.14,5.62
44,2012-05-11,341381.08,0,56.47,3.81,131.15,5.62
44,2012-05-18,334042.43,0,65.17,3.81,131.10,5.62
44,2012-05-25,343268.29,0,62.39,3.80,131.03,5.62
44,2012-06-01,323410.94,0,61.11,3.79,130.96,5.62
44,2012-06-08,340238.38,0,68.40,3.78,130.89,5.62
44,2012-06-15,338400.82,0,65.97,3.76,130.83,5.62
44,2012-06-22,336241.00,0,72.89,3.74,130.79,5.62
44,2012-06-29,338386.08,0,82.00,3.68,130.76,5.62
44,2012-07-06,358461.58,0,79.23,3.63,130.72,5.41
44,2012-07-13,336479.49,0,83.68,3.60,130.68,5.41
44,2012-07-20,337819.16,0,75.69,3.56,130.70,5.41
44,2012-07-27,319855.26,0,80.42,3.54,130.72,5.41
44,2012-08-03,342385.38,0,81.99,3.51,130.74,5.41
44,2012-08-10,333594.81,0,81.69,3.51,130.76,5.41
44,2012-08-17,327389.51,0,79.40,3.55,130.79,5.41
44,2012-08-24,337985.74,0,77.37,3.58,130.84,5.41
44,2012-08-31,339490.69,0,79.18,3.62,130.89,5.41
44,2012-09-07,338737.33,1,70.65,3.69,130.93,5.41
44,2012-09-14,347726.67,0,68.55,3.75,130.98,5.41
44,2012-09-21,336017.60,0,67.96,3.82,131.01,5.41
44,2012-09-28,355307.94,0,64.80,3.82,131.04,5.41
44,2012-10-05,337390.44,0,61.79,3.82,131.08,5.22
44,2012-10-12,337796.13,0,55.10,3.80,131.11,5.22
44,2012-10-19,323766.77,0,52.06,3.78,131.15,5.22
44,2012-10-26,361067.07,0,46.97,3.76,131.19,5.22
45,2010-02-05,890689.51,0,27.31,2.78,181.87,8.99
45,2010-02-12,656988.64,1,27.73,2.77,181.98,8.99
45,2010-02-19,841264.04,0,31.27,2.75,182.03,8.99
45,2010-02-26,741891.65,0,34.89,2.75,182.08,8.99
45,2010-03-05,777951.22,0,37.13,2.78,182.12,8.99
45,2010-03-12,765687.42,0,45.80,2.82,182.16,8.99
45,2010-03-19,773819.49,0,48.79,2.84,182.08,8.99
45,2010-03-26,782563.38,0,54.36,2.85,181.97,8.99
45,2010-04-02,877235.96,0,47.74,2.85,181.87,8.90
45,2010-04-09,833782.70,0,65.45,2.87,181.76,8.90
45,2010-04-16,782221.96,0,54.28,2.90,181.69,8.90
45,2010-04-23,749779.10,0,53.47,2.90,181.68,8.90
45,2010-04-30,737265.57,0,53.15,2.92,181.66,8.90
45,2010-05-07,812190.76,0,70.75,2.97,181.65,8.90
45,2010-05-14,758182.20,0,54.26,2.98,181.66,8.90
45,2010-05-21,747888.25,0,62.62,2.96,181.85,8.90
45,2010-05-28,801098.43,0,69.27,2.90,182.05,8.90
45,2010-06-04,837548.62,0,75.93,2.85,182.24,8.90
45,2010-06-11,794698.77,0,69.71,2.81,182.43,8.90
45,2010-06-18,815130.50,0,72.62,2.78,182.44,8.90
45,2010-06-25,792299.15,0,79.32,2.81,182.38,8.90
45,2010-07-02,800147.84,0,76.61,2.82,182.32,8.74
45,2010-07-09,787062.00,0,82.45,2.79,182.26,8.74
45,2010-07-16,723708.99,0,77.84,2.78,182.26,8.74
45,2010-07-23,714601.11,0,81.46,2.77,182.35,8.74
45,2010-07-30,716859.27,0,79.78,2.78,182.44,8.74
45,2010-08-06,746517.32,0,77.17,2.78,182.53,8.74
45,2010-08-13,722262.21,0,78.44,2.81,182.62,8.74
45,2010-08-20,708568.29,0,76.01,2.78,182.62,8.74
45,2010-08-27,721744.33,0,71.36,2.76,182.61,8.74
45,2010-09-03,790144.70,0,78.37,2.72,182.60,8.74
45,2010-09-10,721460.22,1,70.87,2.70,182.60,8.74
45,2010-09-17,716987.58,0,66.55,2.71,182.62,8.74
45,2010-09-24,678228.58,0,68.59,2.71,182.67,8.74
45,2010-10-01,690007.76,0,70.58,2.71,182.72,8.72
45,2010-10-08,745782.10,0,56.49,2.76,182.76,8.72
45,2010-10-15,715263.30,0,58.61,2.87,182.81,8.72
45,2010-10-22,730899.37,0,53.15,2.92,182.86,8.72
45,2010-10-29,732859.76,0,61.30,2.92,182.90,8.72
45,2010-11-05,764014.06,0,45.65,2.92,182.95,8.72
45,2010-11-12,765648.93,0,46.14,2.93,182.99,8.72
45,2010-11-19,723987.85,0,50.02,3.00,182.90,8.72
45,2010-11-26,1182500.16,1,46.15,3.04,182.78,8.72
45,2010-12-03,879244.90,0,40.93,3.05,182.67,8.72
45,2010-12-10,1002364.34,0,30.54,3.11,182.55,8.72
45,2010-12-17,1123282.85,0,30.51,3.14,182.52,8.72
45,2010-12-24,1682862.03,0,30.59,3.14,182.54,8.72
45,2010-12-31,679156.20,1,29.67,3.18,182.57,8.72
45,2011-01-07,680254.35,0,34.32,3.19,182.60,8.55
45,2011-01-14,654018.95,0,24.78,3.21,182.66,8.55
45,2011-01-21,644285.33,0,30.55,3.23,182.92,8.55
45,2011-01-28,617207.58,0,24.05,3.24,183.18,8.55
45,2011-02-04,759442.33,0,28.73,3.23,183.44,8.55
45,2011-02-11,766456.00,1,30.30,3.24,183.70,8.55
45,2011-02-18,802253.41,0,40.70,3.25,183.94,8.55
45,2011-02-25,733716.78,0,35.78,3.27,184.16,8.55
45,2011-03-04,761880.36,0,38.65,3.43,184.39,8.55
45,2011-03-11,714014.73,0,45.01,3.58,184.61,8.55
45,2011-03-18,733564.77,0,46.66,3.63,184.81,8.55
45,2011-03-25,719737.25,0,41.76,3.63,184.99,8.55
45,2011-04-01,712425.76,0,37.27,3.64,185.18,8.52
45,2011-04-08,750182.71,0,48.71,3.72,185.36,8.52
45,2011-04-15,765270.02,0,53.69,3.82,185.53,8.52
45,2011-04-22,813630.44,0,53.04,3.89,185.67,8.52
45,2011-04-29,786561.61,0,66.18,3.96,185.80,8.52
45,2011-05-06,810150.64,0,58.21,4.05,185.94,8.52
45,2011-05-13,793889.10,0,60.38,4.07,186.07,8.52
45,2011-05-20,727163.67,0,62.28,4.06,185.97,8.52
45,2011-05-27,817653.25,0,69.70,3.99,185.86,8.52
45,2011-06-03,877423.45,0,76.38,3.92,185.75,8.52
45,2011-06-10,814395.17,0,73.88,3.88,185.65,8.52
45,2011-06-17,811153.67,0,69.32,3.84,185.67,8.52
45,2011-06-24,762861.78,0,74.85,3.80,185.79,8.52
45,2011-07-01,791495.25,0,74.04,3.75,185.91,8.63
45,2011-07-08,768718.11,0,77.49,3.71,186.03,8.63
45,2011-07-15,748435.20,0,78.47,3.76,186.14,8.63
45,2011-07-22,741625.25,0,82.33,3.81,186.22,8.63
45,2011-07-29,704680.97,0,81.31,3.83,186.30,8.63
45,2011-08-05,765996.92,0,78.22,3.84,186.37,8.63
45,2011-08-12,724180.89,0,77.00,3.81,186.45,8.63
45,2011-08-19,712362.72,0,72.98,3.75,186.51,8.63
45,2011-08-26,833979.01,0,72.55,3.70,186.56,8.63
45,2011-09-02,726482.39,0,70.63,3.70,186.62,8.63
45,2011-09-09,746129.56,1,71.48,3.74,186.67,8.63
45,2011-09-16,711367.56,0,69.17,3.74,186.80,8.63
45,2011-09-23,714106.42,0,63.75,3.71,187.03,8.63
45,2011-09-30,698986.34,0,70.66,3.65,187.26,8.63
45,2011-10-07,753447.05,0,55.82,3.58,187.48,8.52
45,2011-10-14,720946.99,0,63.82,3.54,187.69,8.52
45,2011-10-21,771686.40,0,59.60,3.57,187.78,8.52
45,2011-10-28,781694.57,0,51.78,3.57,187.88,8.52
45,2011-11-04,833429.22,0,43.92,3.55,187.97,8.52
45,2011-11-11,808624.82,0,47.65,3.53,188.06,8.52
45,2011-11-18,773603.77,0,51.34,3.53,188.20,8.52
45,2011-11-25,1170672.94,1,48.71,3.49,188.35,8.52
45,2011-12-02,875699.81,0,50.19,3.45,188.50,8.52
45,2011-12-09,957155.31,0,46.57,3.42,188.65,8.52
45,2011-12-16,1078905.68,0,39.93,3.41,188.80,8.52
45,2011-12-23,1521957.99,0,42.27,3.39,188.93,8.52
45,2011-12-30,869403.63,1,37.79,3.39,189.06,8.52
45,2012-01-06,714081.05,0,35.88,3.42,189.19,8.42
45,2012-01-13,676615.53,0,41.18,3.51,189.33,8.42
45,2012-01-20,700392.21,0,31.85,3.53,189.42,8.42
45,2012-01-27,624081.64,0,37.93,3.57,189.52,8.42
45,2012-02-03,757330.95,0,42.96,3.62,189.61,8.42
45,2012-02-10,803657.12,1,37.00,3.64,189.71,8.42
45,2012-02-17,858853.75,0,36.85,3.70,189.84,8.42
45,2012-02-24,753060.78,0,42.86,3.74,190.01,8.42
45,2012-03-02,782796.01,0,41.55,3.82,190.17,8.42
45,2012-03-09,776968.87,0,45.52,3.85,190.34,8.42
45,2012-03-16,788340.23,0,50.56,3.86,190.46,8.42
45,2012-03-23,791835.37,0,59.45,3.90,190.54,8.42
45,2012-03-30,777254.06,0,50.04,3.95,190.61,8.42
45,2012-04-06,899479.43,0,49.73,4.00,190.69,8.57
45,2012-04-13,781970.60,0,51.83,4.04,190.76,8.57
45,2012-04-20,776661.74,0,63.13,4.03,190.81,8.57
45,2012-04-27,711571.88,0,53.20,4.00,190.87,8.57
45,2012-05-04,782300.68,0,55.21,3.95,190.92,8.57
45,2012-05-11,770487.37,0,61.24,3.89,190.98,8.57
45,2012-05-18,800842.28,0,66.30,3.85,191.00,8.57
45,2012-05-25,817741.17,0,67.21,3.80,191.00,8.57
45,2012-06-01,837144.63,0,74.48,3.74,191.01,8.57
45,2012-06-08,795133.00,0,64.30,3.69,191.02,8.57
45,2012-06-15,821498.18,0,71.93,3.62,191.03,8.57
45,2012-06-22,822569.16,0,74.22,3.56,191.06,8.57
45,2012-06-29,773367.71,0,75.22,3.51,191.10,8.57
45,2012-07-06,843361.10,0,82.99,3.48,191.13,8.68
45,2012-07-13,749817.08,0,79.97,3.52,191.17,8.68
45,2012-07-20,737613.65,0,78.89,3.57,191.17,8.68
45,2012-07-27,711671.58,0,77.20,3.65,191.17,8.68
45,2012-08-03,725729.51,0,76.58,3.65,191.16,8.68
45,2012-08-10,733037.32,0,78.65,3.72,191.16,8.68
45,2012-08-17,722496.93,0,75.71,3.81,191.23,8.68
45,2012-08-24,718232.26,0,72.62,3.83,191.34,8.68
45,2012-08-31,734297.87,0,75.09,3.87,191.46,8.68
45,2012-09-07,766512.66,1,75.70,3.91,191.58,8.68
45,2012-09-14,702238.27,0,67.87,3.95,191.70,8.68
45,2012-09-21,723086.20,0,65.32,4.04,191.86,8.68
45,2012-09-28,713173.95,0,64.88,4.00,192.01,8.68
45,2012-10-05,733455.07,0,64.89,3.99,192.17,8.67
45,2012-10-12,734464.36,0,54.47,4.00,192.33,8.67
45,2012-10-19,718125.53,0,56.47,3.97,192.33,8.67
45,2012-10-26,760281.43,0,58.85,3.88,192.31,8.67
